prefill_chunk,kv_prefill,n_decode,kv_decode,time_us
0,0,1,16,32.277
0,0,1,32,32.363
0,0,1,64,32.394
0,0,1,128,32.746
0,0,1,256,42.1117
0,0,1,512,69.685
0,0,1,1024,103.648
0,0,1,2048,170.122
0,0,1,4096,303.593
0,0,1,8192,568.146
0,0,2,16,29.77
0,0,2,32,29.7383
0,0,2,64,30.2397
0,0,2,128,37.4083
0,0,2,256,54.5707
0,0,2,512,95.7543
0,0,2,1024,144.48
0,0,2,2048,240.671
0,0,2,4096,446.173
0,0,2,8192,983.492
0,0,4,16,29.887
0,0,4,32,37.024
0,0,4,64,45.962
0,0,4,128,57.6527
0,0,4,256,88.4363
0,0,4,512,146.463
0,0,4,1024,268.038
0,0,4,2048,461.821
0,0,4,4096,860.077
0,0,4,8192,1901.85
0,0,8,16,39.1997
0,0,8,32,121.642
0,0,8,64,65.909
0,0,8,128,94.5067
0,0,8,256,146.975
0,0,8,512,251.707
0,0,8,1024,478.215
0,0,8,2048,902.533
0,0,8,4096,1692.39
0,0,8,8192,3535.1
0,0,16,16,64.416
0,0,16,32,78.667
0,0,16,64,106.836
0,0,16,128,162.303
0,0,16,256,267.764
0,0,16,512,488.349
0,0,16,1024,896.561
0,0,16,2048,1747.47
0,0,16,4096,3374.96
0,0,16,8192,6802.59
0,0,32,16,79.4767
0,0,32,32,142.474
0,0,32,64,204.148
0,0,32,128,327.915
0,0,32,256,573.81
0,0,32,512,1063.89
0,0,32,1024,2045.81
0,0,32,2048,4012.08
0,0,32,4096,7945.57
0,0,32,8192,15801.6
0,0,64,16,132.554
0,0,64,32,241.641
0,0,64,64,354.366
0,0,64,128,636.092
0,0,64,256,1014.8
0,0,64,512,2107
0,0,64,1024,3805.47
0,0,64,2048,7987.98
0,0,64,4096,15829
0,0,64,8192,31553.3
0,0,128,16,250.493
0,0,128,32,447.048
0,0,128,64,697.222
0,0,128,128,1135.91
0,0,128,256,1928.45
0,0,128,512,3736.12
0,0,128,1024,7201.1
0,0,128,2048,14145.3
0,0,128,4096,28028.4
0,0,128,8192,55814.5
0,0,256,16,473.853
0,0,256,32,880.367
0,0,256,64,1300.7
0,0,256,128,2101.33
0,0,256,256,3745.44
0,0,256,512,6956.93
0,0,256,1024,13432.4
0,0,256,2048,26339.6
0,0,256,4096,52183.9
0,0,256,8192,103967
16,0,0,0,34.9973
16,0,1,16,33.856
16,0,1,32,48.02
16,0,1,64,66.3573
16,0,1,128,104.437
16,0,1,256,179.831
16,0,1,512,331.251
16,0,1,1024,634.001
16,0,1,2048,1240.01
16,0,1,4096,2449.65
16,0,1,8192,4871.2
16,0,2,16,32.5013
16,0,2,32,49.5783
16,0,2,64,261.566
16,0,2,128,106.559
16,0,2,256,182.015
16,0,2,512,333.161
16,0,2,1024,635.836
16,0,2,2048,1240.52
16,0,2,4096,2449.75
16,0,2,8192,4868.55
16,0,4,16,32.5333
16,0,4,32,49.5037
16,0,4,64,68.5103
16,0,4,128,105.972
16,0,4,256,180.991
16,0,4,512,331.006
16,0,4,1024,629.991
16,0,4,2048,1228.35
16,0,4,4096,2425.63
16,0,4,8192,4824.06
16,0,8,16,44.6823
16,0,8,32,76.5007
16,0,8,64,108.459
16,0,8,128,170.346
16,0,8,256,296.863
16,0,8,512,544.295
16,0,8,1024,1043.84
16,0,8,2048,2042.25
16,0,8,4096,4037.92
16,0,8,8192,8033.14
16,0,16,16,46.304
16,0,16,32,79.3593
16,0,16,64,111.605
16,0,16,128,173.801
16,0,16,256,297.062
16,0,16,512,549.479
16,0,16,1024,1049.75
16,0,16,2048,2054.32
16,0,16,4096,4057.2
16,0,16,8192,8063.64
16,0,32,16,81.5463
16,0,32,32,145.119
16,0,32,64,207.935
16,0,32,128,331.71
16,0,32,256,580.53
16,0,32,512,1079.3
16,0,32,1024,2071.15
16,0,32,2048,4062.21
16,0,32,4096,8032.19
16,0,32,8192,15974.7
16,0,64,16,142.26
16,0,64,32,260.221
16,0,64,64,378.598
16,0,64,128,645.639
16,0,64,256,1038.44
16,0,64,512,2128.2
16,0,64,1024,3856.08
16,0,64,2048,8077.09
16,0,64,4096,15993.7
16,0,64,8192,31879.9
16,0,128,16,258.793
16,0,128,32,475.047
16,0,128,64,692.88
16,0,128,128,1133.27
16,0,128,256,1997.7
16,0,128,512,3738.24
16,0,128,1024,7201.38
16,0,128,2048,14144.5
16,0,128,4096,28035.9
16,0,128,8192,55816.4
16,16,0,0,34.7947
16,16,1,16,33.8983
16,16,1,32,48.469
16,16,1,64,67.1883
16,16,1,128,210.313
16,16,1,256,180.66
16,16,1,512,331.934
16,16,1,1024,634.214
16,16,1,2048,1239.84
16,16,1,4096,2449.06
16,16,1,8192,4870.48
16,16,2,16,32.661
16,16,2,32,49.535
16,16,2,64,68.5863
16,16,2,128,105.994
16,16,2,256,181.897
16,16,2,512,332.904
16,16,2,1024,635.419
16,16,2,2048,1239.62
16,16,2,4096,2449.5
16,16,2,8192,4868.59
16,16,4,16,32.5973
16,16,4,32,49.45
16,16,4,64,68.1593
16,16,4,128,105.759
16,16,4,256,180.873
16,16,4,512,330.953
16,16,4,1024,630.16
16,16,4,2048,1228.82
16,16,4,4096,2426.77
16,16,4,8192,4820.4
16,16,8,16,44.7783
16,16,8,32,76.885
16,16,8,64,108.543
16,16,8,128,170.197
16,16,8,256,295.134
16,16,8,512,545.837
16,16,8,1024,1045.58
16,16,8,2048,2041.52
16,16,8,4096,4034.29
16,16,8,8192,8027.23
16,16,16,16,46.2607
16,16,16,32,78.6443
16,16,16,64,111.402
16,16,16,128,174.057
16,16,16,256,299.453
16,16,16,512,549.5
16,16,16,1024,1053.55
16,16,16,2048,2051.54
16,16,16,4096,4062.84
16,16,16,8192,8059.93
16,16,32,16,81.4403
16,16,32,32,145.182
16,16,32,64,207.252
16,16,32,128,331.69
16,16,32,256,586.172
16,16,32,512,1085.14
16,16,32,1024,2077.15
16,16,32,2048,4057.71
16,16,32,4096,8027.45
16,16,32,8192,15975.8
16,16,64,16,145.993
16,16,64,32,259.486
16,16,64,64,374.963
16,16,64,128,643.865
16,16,64,256,1047.05
16,16,64,512,2127.73
16,16,64,1024,3846.2
16,16,64,2048,8075.9
16,16,64,4096,15483
16,16,64,8192,31881.6
16,16,128,16,259.838
16,16,128,32,476.029
16,16,128,64,697.115
16,16,128,128,1134.23
16,16,128,256,1996.42
16,16,128,512,3738.88
16,16,128,1024,7203.64
16,16,128,2048,14153
16,16,128,4096,28032.9
16,16,128,8192,55818.2
16,32,0,0,52.6817
16,32,1,16,51.2643
16,32,1,32,51.0503
16,32,1,64,65.8333
16,32,1,128,123.455
16,32,1,256,179.476
16,32,1,512,330.64
16,32,1,1024,632.956
16,32,1,2048,1238.77
16,32,1,4096,2448.85
16,32,1,8192,4870.49
16,32,2,16,49.8657
16,32,2,32,49.856
16,32,2,64,68.416
16,32,2,128,105.61
16,32,2,256,181.087
16,32,2,512,332.186
16,32,2,1024,634.811
16,32,2,2048,1239.52
16,32,2,4096,2448.67
16,32,2,8192,4867.01
16,32,4,16,49.9307
16,32,4,32,50.133
16,32,4,64,68.5333
16,32,4,128,106.101
16,32,4,256,180.841
16,32,4,512,330.856
16,32,4,1024,630.171
16,32,4,2048,1228.71
16,32,4,4096,2425.47
16,32,4,8192,4823.62
16,32,8,16,62.4853
16,32,8,32,77.1727
16,32,8,64,107.839
16,32,8,128,172.129
16,32,8,256,296.137
16,32,8,512,546.055
16,32,8,1024,1044.83
16,32,8,2048,2041.2
16,32,8,4096,4038.31
16,32,8,8192,8030.5
16,32,16,16,64.17
16,32,16,32,79.7657
16,32,16,64,110.453
16,32,16,128,173.311
16,32,16,256,299.902
16,32,16,512,550.194
16,32,16,1024,1051.38
16,32,16,2048,2053.76
16,32,16,4096,4054.18
16,32,16,8192,8065.86
16,32,32,16,99.6153
16,32,32,32,146.196
16,32,32,64,287.507
16,32,32,128,335.742
16,32,32,256,582.897
16,32,32,512,1078.75
16,32,32,1024,2074.95
16,32,32,2048,4055.31
16,32,32,4096,8036.34
16,32,32,8192,15988.7
16,32,64,16,160.373
16,32,64,32,246.697
16,32,64,64,384.381
16,32,64,128,643.622
16,32,64,256,1080.17
16,32,64,512,2129.9
16,32,64,1024,3726.05
16,32,64,2048,8075.44
16,32,64,4096,15993.7
16,32,64,8192,31872.2
16,32,128,16,265.236
16,32,128,32,483.335
16,32,128,64,700.336
16,32,128,128,1135.97
16,32,128,256,2002.24
16,32,128,512,3738.8
16,32,128,1024,7210.68
16,32,128,2048,14153.2
16,32,128,4096,28045.5
16,32,128,8192,55821.8
16,64,0,0,71.3167
16,64,1,16,69.7163
16,64,1,32,69.8347
16,64,1,64,69.579
16,64,1,128,103.52
16,64,1,256,179.167
16,64,1,512,330.288
16,64,1,1024,632.849
16,64,1,2048,1239.03
16,64,1,4096,2448.77
16,64,1,8192,4870.8
16,64,2,16,68.458
16,64,2,32,67.9783
16,64,2,64,68.4687
16,64,2,128,105.663
16,64,2,256,181.129
16,64,2,512,332.446
16,64,2,1024,634.427
16,64,2,2048,1239.29
16,64,2,4096,2448.29
16,64,2,8192,4866.76
16,64,4,16,68.7673
16,64,4,32,68.853
16,64,4,64,69.0343
16,64,4,128,105.982
16,64,4,256,180.745
16,64,4,512,331.251
16,64,4,1024,630.544
16,64,4,2048,1229.06
16,64,4,4096,2425.78
16,64,4,8192,4824.31
16,64,8,16,80.8527
16,64,8,32,95.54
16,64,8,64,108.958
16,64,8,128,170.154
16,64,8,256,296.19
16,64,8,512,543.484
16,64,8,1024,1044.54
16,64,8,2048,2043.24
16,64,8,4096,4036.44
16,64,8,8192,8026.69
16,64,16,16,90.5487
16,64,16,32,96.3933
16,64,16,64,111.733
16,64,16,128,173.386
16,64,16,256,298.536
16,64,16,512,548.071
16,64,16,1024,1051.89
16,64,16,2048,2051.93
16,64,16,4096,4053.54
16,64,16,8192,8058.65
16,64,32,16,134.388
16,64,32,32,170.964
16,64,32,64,209.3
16,64,32,128,331.763
16,64,32,256,581.525
16,64,32,512,1079.93
16,64,32,1024,2076.8
16,64,32,2048,4058.82
16,64,32,4096,8037.47
16,64,32,8192,16001.3
16,64,64,16,179.572
16,64,64,32,273.971
16,64,64,64,396.957
16,64,64,128,726.341
16,64,64,256,1089.86
16,64,64,512,2127.23
16,64,64,1024,3979.99
16,64,64,2048,8072.65
16,64,64,4096,16000.4
16,64,64,8192,31873.5
16,64,128,16,286.067
16,64,128,32,484.284
16,64,128,64,703.056
16,64,128,128,1135.31
16,64,128,256,1997.78
16,64,128,512,3735.3
16,64,128,1024,7207.41
16,64,128,2048,14148
16,64,128,4096,28046.1
16,64,128,8192,55826.2
16,128,0,0,109.023
16,128,1,16,107.2
16,128,1,32,107.231
16,128,1,64,107.103
16,128,1,128,107.103
16,128,1,256,178.57
16,128,1,512,329.885
16,128,1,1024,632.586
16,128,1,2048,1238.31
16,128,1,4096,2448.64
16,128,1,8192,4869.54
16,128,2,16,105.909
16,128,2,32,105.205
16,128,2,64,105.503
16,128,2,128,106.1
16,128,2,256,181.225
16,128,2,512,332.082
16,128,2,1024,633.926
16,128,2,2048,1239.01
16,128,2,4096,2448.15
16,128,2,8192,4866.79
16,128,4,16,105.92
16,128,4,32,106.218
16,128,4,64,106.687
16,128,4,128,106.463
16,128,4,256,181.972
16,128,4,512,331.368
16,128,4,1024,630.204
16,128,4,2048,1228.62
16,128,4,4096,2426.45
16,128,4,8192,4823.4
16,128,8,16,118.111
16,128,8,32,132.351
16,128,8,64,145.194
16,128,8,128,170.868
16,128,8,256,295.859
16,128,8,512,544.407
16,128,8,1024,1045.58
16,128,8,2048,2044.38
16,128,8,4096,4043.34
16,128,8,8192,8123.22
16,128,16,16,119.401
16,128,16,32,133.439
16,128,16,64,163.423
16,128,16,128,173.514
16,128,16,256,299.477
16,128,16,512,549.404
16,128,16,1024,1050.65
16,128,16,2048,2056.29
16,128,16,4096,4052.88
16,128,16,8192,8066.72
16,128,32,16,177.3
16,128,32,32,217.129
16,128,32,64,242.899
16,128,32,128,333.661
16,128,32,256,583.762
16,128,32,512,1080.26
16,128,32,1024,2079.71
16,128,32,2048,4058.92
16,128,32,4096,8037.81
16,128,32,8192,15982.2
16,128,64,16,227.327
16,128,64,32,310.238
16,128,64,64,412.167
16,128,64,128,648.294
16,128,64,256,1071.38
16,128,64,512,2130.82
16,128,64,1024,3993.76
16,128,64,2048,8071.64
16,128,64,4096,15996.7
16,128,64,8192,31869.3
16,128,128,16,325.534
16,128,128,32,517.544
16,128,128,64,710.48
16,128,128,128,1133.56
16,128,128,256,2000.58
16,128,128,512,3736.82
16,128,128,1024,7203.5
16,128,128,2048,14147.2
16,128,128,4096,28042.1
16,128,128,8192,55816.3
16,256,0,0,183.774
16,256,1,16,182.141
16,256,1,32,182.101
16,256,1,64,182.473
16,256,1,128,182.281
16,256,1,256,182.335
16,256,1,512,328.883
16,256,1,1024,631.559
16,256,1,2048,1237.63
16,256,1,4096,2447.72
16,256,1,8192,4868.43
16,256,2,16,181.067
16,256,2,32,180.415
16,256,2,64,180.766
16,256,2,128,180.554
16,256,2,256,181.524
16,256,2,512,330.907
16,256,2,1024,633.596
16,256,2,2048,1238.52
16,256,2,4096,2446.88
16,256,2,8192,4865.89
16,256,4,16,374.493
16,256,4,32,181.279
16,256,4,64,181.556
16,256,4,128,181.727
16,256,4,256,265.662
16,256,4,512,331.699
16,256,4,1024,630.534
16,256,4,2048,1229.19
16,256,4,4096,2426.41
16,256,4,8192,4825.04
16,256,8,16,191.903
16,256,8,32,206.164
16,256,8,64,219.839
16,256,8,128,246.27
16,256,8,256,297.694
16,256,8,512,544.359
16,256,8,1024,1042.28
16,256,8,2048,2044.86
16,256,8,4096,4042.69
16,256,8,8192,8029.51
16,256,16,16,194.58
16,256,16,32,207.903
16,256,16,64,221.972
16,256,16,128,248.041
16,256,16,256,298.408
16,256,16,512,549.735
16,256,16,1024,1050.34
16,256,16,2048,2055.57
16,256,16,4096,4051.18
16,256,16,8192,8065.1
16,256,32,16,285.672
16,256,32,32,300.03
16,256,32,64,352.091
16,256,32,128,419.581
16,256,32,256,580.87
16,256,32,512,1079.89
16,256,32,1024,2074.65
16,256,32,2048,4064.54
16,256,32,4096,8030.1
16,256,32,8192,15996.9
16,256,64,16,355.689
16,256,64,32,417.779
16,256,64,64,501.031
16,256,64,128,722.321
16,256,64,256,1137.3
16,256,64,512,2131.29
16,256,64,1024,4011.54
16,256,64,2048,8074.64
16,256,64,4096,16000.9
16,256,64,8192,31876.7
16,256,128,16,411.634
16,256,128,32,597.83
16,256,128,64,812.197
16,256,128,128,1137.37
16,256,128,256,2002.88
16,256,128,512,3738.58
16,256,128,1024,7200.08
16,256,128,2048,14142.9
16,256,128,4096,28045.7
16,256,128,8192,55818.7
16,512,0,0,332.822
16,512,1,16,331.557
16,512,1,32,331.485
16,512,1,64,331.763
16,512,1,128,331.764
16,512,1,256,331.784
16,512,1,512,331.817
16,512,1,1024,629.915
16,512,1,2048,1235.26
16,512,1,4096,2445.93
16,512,1,8192,4866.72
16,512,2,16,330.536
16,512,2,32,329.971
16,512,2,64,330.014
16,512,2,128,330.203
16,512,2,256,330.27
16,512,2,512,331.507
16,512,2,1024,631.804
16,512,2,2048,1236.62
16,512,2,4096,2445.2
16,512,2,8192,4864.88
16,512,4,16,330.654
16,512,4,32,330.995
16,512,4,64,331.272
16,512,4,128,331.592
16,512,4,256,331.113
16,512,4,512,331.667
16,512,4,1024,630.726
16,512,4,2048,1229.9
16,512,4,4096,2426.36
16,512,4,8192,4824.66
16,512,8,16,342.44
16,512,8,32,355.326
16,512,8,64,368.84
16,512,8,128,395.57
16,512,8,256,446.408
16,512,8,512,546.63
16,512,8,1024,1044.36
16,512,8,2048,2039.99
16,512,8,4096,4038.45
16,512,8,8192,8031.71
16,512,16,16,342.472
16,512,16,32,420.005
16,512,16,64,426.962
16,512,16,128,395.72
16,512,16,256,509.469
16,512,16,512,547.143
16,512,16,1024,1050.5
16,512,16,2048,2049.86
16,512,16,4096,4054.58
16,512,16,8192,8061.84
16,512,32,16,555.388
16,512,32,32,516.7
16,512,32,64,609.937
16,512,32,128,678.054
16,512,32,256,728.059
16,512,32,512,1082.29
16,512,32,1024,2078.12
16,512,32,2048,4299.4
16,512,32,4096,8046.39
16,512,32,8192,15992.6
16,512,64,16,600.281
16,512,64,32,630.289
16,512,64,64,746
16,512,64,128,865.274
16,512,64,256,1224.51
16,512,64,512,2136.26
16,512,64,1024,3983.47
16,512,64,2048,8078.49
16,512,64,4096,15992.9
16,512,64,8192,31879.7
16,512,128,16,696.475
16,512,128,32,905.178
16,512,128,64,1018.04
16,512,128,128,1431.55
16,512,128,256,2018.1
16,512,128,512,3744.21
16,512,128,1024,7208.07
16,512,128,2048,14147.8
16,512,128,4096,28037.1
16,512,128,8192,55829
16,1024,0,0,631.601
16,1024,1,16,630.257
16,1024,1,32,630.097
16,1024,1,64,630.011
16,1024,1,128,630.16
16,1024,1,256,630.161
16,1024,1,512,630.043
16,1024,1,1024,629.872
16,1024,1,2048,1230.44
16,1024,1,4096,2441.14
16,1024,1,8192,4862.11
16,1024,2,16,628.55
16,1024,2,32,627.963
16,1024,2,64,628.215
16,1024,2,128,628.059
16,1024,2,256,627.868
16,1024,2,512,627.92
16,1024,2,1024,630.566
16,1024,2,2048,1231.88
16,1024,2,4096,2440.76
16,1024,2,8192,4859.87
16,1024,4,16,628.935
16,1024,4,32,628.881
16,1024,4,64,629.34
16,1024,4,128,629.382
16,1024,4,256,629.275
16,1024,4,512,628.817
16,1024,4,1024,630.556
16,1024,4,2048,1228.57
16,1024,4,4096,2425.68
16,1024,4,8192,4822.95
16,1024,8,16,640.699
16,1024,8,32,655.366
16,1024,8,64,668.266
16,1024,8,128,694.737
16,1024,8,256,745.626
16,1024,8,512,845.13
16,1024,8,1024,1047.81
16,1024,8,2048,2041.68
16,1024,8,4096,4035.13
16,1024,8,8192,8029.34
16,1024,16,16,641.798
16,1024,16,32,910.735
16,1024,16,64,669.659
16,1024,16,128,694.171
16,1024,16,256,743.297
16,1024,16,512,844.41
16,1024,16,1024,1048.84
16,1024,16,2048,2049.13
16,1024,16,4096,4056.97
16,1024,16,8192,8056.29
16,1024,32,16,1056.12
16,1024,32,32,1083.32
16,1024,32,64,1122.12
16,1024,32,128,1149.23
16,1024,32,256,1246.31
16,1024,32,512,1500.64
16,1024,32,1024,2082.7
16,1024,32,2048,4061.84
16,1024,32,4096,8040.27
16,1024,32,8192,15971.5
16,1024,64,16,970.532
16,1024,64,32,1158.98
16,1024,64,64,1216.04
16,1024,64,128,1393.73
16,1024,64,256,1632.11
16,1024,64,512,2467.64
16,1024,64,1024,4111.94
16,1024,64,2048,8071.43
16,1024,64,4096,15998.8
16,1024,64,8192,31869.7
16,1024,128,16,1137.53
16,1024,128,32,1283.23
16,1024,128,64,1493.53
16,1024,128,128,1851.53
16,1024,128,256,2517.1
16,1024,128,512,3753.02
16,1024,128,1024,7218.82
16,1024,128,2048,14150.9
16,1024,128,4096,28036.4
16,1024,128,8192,55829
16,2048,0,0,1228.66
16,2048,1,16,1227.07
16,2048,1,32,1227.43
16,2048,1,64,1227.49
16,2048,1,128,1227.12
16,2048,1,256,1227.05
16,2048,1,512,1226.84
16,2048,1,1024,1227.29
16,2048,1,2048,1227.29
16,2048,1,4096,2432.83
16,2048,1,8192,4855.48
16,2048,2,16,1225.68
16,2048,2,32,1225.57
16,2048,2,64,1225.64
16,2048,2,128,1225.71
16,2048,2,256,1225.61
16,2048,2,512,1225.4
16,2048,2,1024,1225.24
16,2048,2,2048,1229.06
16,2048,2,4096,2433.43
16,2048,2,8192,4851.97
16,2048,4,16,1226.75
16,2048,4,32,1213.79
16,2048,4,64,1213.77
16,2048,4,128,1213.57
16,2048,4,256,1214.08
16,2048,4,512,1213.9
16,2048,4,1024,1213.74
16,2048,4,2048,1216.55
16,2048,4,4096,2401.22
16,2048,4,8192,4774.4
16,2048,8,16,1226.16
16,2048,8,32,1239.97
16,2048,8,64,1253.07
16,2048,8,128,1279.33
16,2048,8,256,1329.7
16,2048,8,512,1426.07
16,2048,8,1024,1628.42
16,2048,8,2048,2025.53
16,2048,8,4096,3994.96
16,2048,8,8192,7948.92
16,2048,16,16,1227.26
16,2048,16,32,1496.36
16,2048,16,64,1253.82
16,2048,16,128,1280.28
16,2048,16,256,1554.49
16,2048,16,512,1427.17
16,2048,16,1024,1629.79
16,2048,16,2048,2032.5
16,2048,16,4096,4010.63
16,2048,16,8192,7982.74
16,2048,32,16,2038.91
16,2048,32,32,1813.18
16,2048,32,64,2079.38
16,2048,32,128,1608.71
16,2048,32,256,2212.33
16,2048,32,512,2532.2
16,2048,32,1024,2897.28
16,2048,32,2048,4027.06
16,2048,32,4096,7963.25
16,2048,32,8192,15820.4
16,2048,64,16,1799.26
16,2048,64,32,2047.06
16,2048,64,64,2214.36
16,2048,64,128,2306.63
16,2048,64,256,2283.04
16,2048,64,512,3298.07
16,2048,64,1024,4487.15
16,2048,64,2048,7997.21
16,2048,64,4096,15567.6
16,2048,64,8192,31541
16,2048,128,16,2127.31
16,2048,128,32,2151.09
16,2048,128,64,2398.01
16,2048,128,128,2445.42
16,2048,128,256,3308.89
16,2048,128,512,4772.8
16,2048,128,1024,7169.54
16,2048,128,2048,14014
16,2048,128,4096,27745.4
16,2048,128,8192,55237.2
16,4096,0,0,2398.22
16,4096,1,16,2396.91
16,4096,1,32,2396.75
16,4096,1,64,2396.89
16,4096,1,128,2396.67
16,4096,1,256,2397.02
16,4096,1,512,2396.68
16,4096,1,1024,2396.81
16,4096,1,2048,2397.14
16,4096,1,4096,2396.64
16,4096,1,8192,4790.54
16,4096,2,16,2397.34
16,4096,2,32,2397.34
16,4096,2,64,2397.53
16,4096,2,128,2397.51
16,4096,2,256,2397.41
16,4096,2,512,2397.24
16,4096,2,1024,2396.95
16,4096,2,2048,2396.79
16,4096,2,4096,2400.86
16,4096,2,8192,4786.74
16,4096,4,16,2398.59
16,4096,4,32,2398.84
16,4096,4,64,2398.96
16,4096,4,128,2398.77
16,4096,4,256,2398.72
16,4096,4,512,2398.48
16,4096,4,1024,2398.68
16,4096,4,2048,2398.34
16,4096,4,4096,2400.24
16,4096,4,8192,4772.83
16,4096,8,16,2411.61
16,4096,8,32,2423.27
16,4096,8,64,2438.46
16,4096,8,128,2463.42
16,4096,8,256,2511.21
16,4096,8,512,2613.85
16,4096,8,1024,2810.06
16,4096,8,2048,3205.03
16,4096,8,4096,4004.34
16,4096,8,8192,7944.87
16,4096,16,16,2412.3
16,4096,16,32,2945.45
16,4096,16,64,2438.83
16,4096,16,128,2973.49
16,4096,16,256,2515.09
16,4096,16,512,2611.79
16,4096,16,1024,3203.89
16,4096,16,2048,3464.03
16,4096,16,4096,4009.93
16,4096,16,8192,7985.26
16,4096,32,16,4000.83
16,4096,32,32,3521.35
16,4096,32,64,3541.11
16,4096,32,128,4089.68
16,4096,32,256,4137.84
16,4096,32,512,4449.24
16,4096,32,1024,4598.22
16,4096,32,2048,5691.68
16,4096,32,4096,7961.28
16,4096,32,8192,15824.4
16,4096,64,16,4011.25
16,4096,64,32,4128.42
16,4096,64,64,4158.64
16,4096,64,128,4165.05
16,4096,64,256,4511.86
16,4096,64,512,5027.85
16,4096,64,1024,6108.81
16,4096,64,2048,9393.01
16,4096,64,4096,15845.2
16,4096,64,8192,31543.8
16,4096,128,16,4075.12
16,4096,128,32,4239.76
16,4096,128,64,4445.31
16,4096,128,128,4645.27
16,4096,128,256,5219.25
16,4096,128,512,6405.21
16,4096,128,1024,8887.9
16,4096,128,2048,14050.1
16,4096,128,4096,27762.2
16,4096,128,8192,55243.3
16,8192,0,0,4768.6
16,8192,1,16,4767.08
16,8192,1,32,4767.08
16,8192,1,64,4767.37
16,8192,1,128,4767.14
16,8192,1,256,4766.9
16,8192,1,512,4766.72
16,8192,1,1024,4767.34
16,8192,1,2048,4767.29
16,8192,1,4096,4767.38
16,8192,1,8192,4766.71
16,8192,2,16,4767.82
16,8192,2,32,4768.04
16,8192,2,64,4768.27
16,8192,2,128,4768.22
16,8192,2,256,4768.1
16,8192,2,512,4768.3
16,8192,2,1024,4768.33
16,8192,2,2048,4767.86
16,8192,2,4096,4766.85
16,8192,2,8192,4769.3
16,8192,4,16,4769.7
16,8192,4,32,4769.83
16,8192,4,64,4769.69
16,8192,4,128,4769.94
16,8192,4,256,4769.85
16,8192,4,512,4769.72
16,8192,4,1024,4769.68
16,8192,4,2048,4769.51
16,8192,4,4096,4768.9
16,8192,4,8192,4772.54
16,8192,8,16,4782.49
16,8192,8,32,4796.02
16,8192,8,64,4807.75
16,8192,8,128,4834.35
16,8192,8,256,4883.16
16,8192,8,512,4980.48
16,8192,8,1024,5179.07
16,8192,8,2048,5578.81
16,8192,8,4096,6373.04
16,8192,8,8192,7969.47
16,8192,16,16,4782.76
16,8192,16,32,4795.46
16,8192,16,64,4825.66
16,8192,16,128,4835.3
16,8192,16,256,4884.58
16,8192,16,512,6943.8
16,8192,16,1024,5182.06
16,8192,16,2048,5580.61
16,8192,16,4096,6372.78
16,8192,16,8192,7968.79
16,8192,32,16,7947.12
16,8192,32,32,7959.9
16,8192,32,64,7962.6
16,8192,32,128,8016.3
16,8192,32,256,8208.22
16,8192,32,512,7700.25
16,8192,32,1024,8433.18
16,8192,32,2048,9645.37
16,8192,32,4096,10296.8
16,8192,32,8192,15852.4
16,8192,64,16,7970.03
16,8192,64,32,7994.73
16,8192,64,64,8137.4
16,8192,64,128,8113.85
16,8192,64,256,8409.56
16,8192,64,512,8973.66
16,8192,64,1024,9966.28
16,8192,64,2048,11948.3
16,8192,64,4096,16979.9
16,8192,64,8192,31555.8
16,8192,128,16,5946.58
16,8192,128,32,8177.16
16,8192,128,64,8375.1
16,8192,128,128,7574.86
16,8192,128,256,9159.47
16,8192,128,512,9752.6
16,8192,128,1024,12992.8
16,8192,128,2048,17732.4
16,8192,128,4096,27873.7
16,8192,128,8192,55257.5
32,0,0,0,37.1307
32,0,1,16,33.706
32,0,1,32,46.4853
32,0,1,64,64.7137
32,0,1,128,101.952
32,0,1,256,176.372
32,0,1,512,325.001
32,0,1,1024,622.385
32,0,1,2048,1217.48
32,0,1,4096,2406.95
32,0,1,8192,4784.2
32,0,2,16,44.213
32,0,2,32,62.367
32,0,2,64,79.7653
32,0,2,128,117.492
32,0,2,256,191.668
32,0,2,512,339.72
32,0,2,1024,636.476
32,0,2,2048,1230.03
32,0,2,4096,2428.8
32,0,2,8192,4830.11
32,0,4,16,44.2133
32,0,4,32,61.8553
32,0,4,64,80.747
32,0,4,128,117.407
32,0,4,256,192.841
32,0,4,512,343.347
32,0,4,1024,642.544
32,0,4,2048,1240.16
32,0,4,4096,2437.48
32,0,4,8192,4830.89
32,0,8,16,44.3943
32,0,8,32,76.2773
32,0,8,64,107.294
32,0,8,128,168.755
32,0,8,256,293.523
32,0,8,512,538.513
32,0,8,1024,1033.38
32,0,8,2048,2022.42
32,0,8,4096,4002.97
32,0,8,8192,7959.12
32,0,16,16,62.112
32,0,16,32,112.394
32,0,16,64,139.86
32,0,16,128,202.153
32,0,16,256,322.088
32,0,16,512,567.458
32,0,16,1024,1059.32
32,0,16,2048,2046.36
32,0,16,4096,4027.02
32,0,16,8192,7988.77
32,0,32,16,81.8773
32,0,32,32,148.479
32,0,32,64,210.61
32,0,32,128,329.854
32,0,32,256,585.062
32,0,32,512,1070.89
32,0,32,1024,2062.17
32,0,32,2048,4036.26
32,0,32,4096,7968.53
32,0,32,8192,15837.8
32,0,64,16,148.916
32,0,64,32,262.75
32,0,64,64,377.311
32,0,64,128,639.91
32,0,64,256,1035.02
32,0,64,512,2111.5
32,0,64,1024,3811.34
32,0,64,2048,7994.24
32,0,64,4096,15833.7
32,0,64,8192,31559.3
32,0,128,16,258.163
32,0,128,32,475.793
32,0,128,64,688.87
32,0,128,128,1124.11
32,0,128,256,1981.86
32,0,128,512,3697.8
32,0,128,1024,7128.41
32,0,128,2048,14004.6
32,0,128,4096,27747.8
32,0,128,8192,55237.6
32,16,0,0,55.189
32,16,1,16,50.9647
32,16,1,32,50.6233
32,16,1,64,65.2583
32,16,1,128,102.196
32,16,1,256,176.692
32,16,1,512,325.374
32,16,1,1024,622.737
32,16,1,2048,1218.29
32,16,1,4096,2407.83
32,16,1,8192,4786.59
32,16,2,16,74.2187
32,16,2,32,75.242
32,16,2,64,91.509
32,16,2,128,129.695
32,16,2,256,203.572
32,16,2,512,351.848
32,16,2,1024,649.137
32,16,2,2048,1241.59
32,16,2,4096,2427.88
32,16,2,8192,4827.89
32,16,4,16,62.2823
32,16,4,32,76.0097
32,16,4,64,91.967
32,16,4,128,130.1
32,16,4,256,202.985
32,16,4,512,353.523
32,16,4,1024,651.263
32,16,4,2048,1242.71
32,16,4,4096,2436.56
32,16,4,8192,4832.28
32,16,8,16,62.6773
32,16,8,32,76.7773
32,16,8,64,108.351
32,16,8,128,169.577
32,16,8,256,293.566
32,16,8,512,539.175
32,16,8,1024,1035.05
32,16,8,2048,2025.2
32,16,8,4096,4003.91
32,16,8,8192,7963.75
32,16,16,16,89.0443
32,16,16,32,118.335
32,16,16,64,154.826
32,16,16,128,211.636
32,16,16,256,333.384
32,16,16,512,576.711
32,16,16,1024,1072.23
32,16,16,2048,2051.71
32,16,16,4096,4030.81
32,16,16,8192,7989.43
32,16,32,16,106.804
32,16,32,32,143.86
32,16,32,64,210.634
32,16,32,128,329.651
32,16,32,256,580.966
32,16,32,512,1072.81
32,16,32,1024,2063.67
32,16,32,2048,4035.11
32,16,32,4096,7959.63
32,16,32,8192,15842.9
32,16,64,16,162.047
32,16,64,32,269.385
32,16,64,64,383.208
32,16,64,128,638.033
32,16,64,256,1047.55
32,16,64,512,2106.82
32,16,64,1024,4062.25
32,16,64,2048,7985.74
32,16,64,4096,15838
32,16,64,8192,31547.6
32,16,128,16,269.62
32,16,128,32,477.245
32,16,128,64,695.611
32,16,128,128,1122.43
32,16,128,256,1984.09
32,16,128,512,3698.14
32,16,128,1024,7133.92
32,16,128,2048,14004.3
32,16,128,4096,27754.3
32,16,128,8192,55242.9
32,32,0,0,54.688
32,32,1,16,51.3487
32,32,1,32,51.071
32,32,1,64,65.2583
32,32,1,128,102.154
32,32,1,256,176.53
32,32,1,512,325.001
32,32,1,1024,854.504
32,32,1,2048,1217.63
32,32,1,4096,2406.35
32,32,1,8192,4784.29
32,32,2,16,76.2767
32,32,2,32,75.8817
32,32,2,64,93.034
32,32,2,128,130.282
32,32,2,256,414.621
32,32,2,512,351.774
32,32,2,1024,648.763
32,32,2,2048,1241.47
32,32,2,4096,2429.49
32,32,2,8192,4830.7
32,32,4,16,75.6363
32,32,4,32,76.4797
32,32,4,64,94.346
32,32,4,128,131.361
32,32,4,256,205.63
32,32,4,512,481.256
32,32,4,1024,652.624
32,32,4,2048,1252.11
32,32,4,4096,2449.02
32,32,4,8192,4843.53
32,32,8,16,76.564
32,32,8,32,77.4927
32,32,8,64,107.669
32,32,8,128,167.839
32,32,8,256,292.606
32,32,8,512,539.687
32,32,8,1024,1037.96
32,32,8,2048,2019.9
32,32,8,4096,4002.6
32,32,8,8192,7947.92
32,32,16,16,94.4313
32,32,16,32,110.303
32,32,16,64,172.948
32,32,16,128,216.98
32,32,16,256,348.019
32,32,16,512,599.633
32,32,16,1024,1092.65
32,32,16,2048,2071.12
32,32,16,4096,4052.22
32,32,16,8192,8007.69
32,32,32,16,125.493
32,32,32,32,144.532
32,32,32,64,217.865
32,32,32,128,330.387
32,32,32,256,577.735
32,32,32,512,1074.07
32,32,32,1024,2060.12
32,32,32,2048,4036.07
32,32,32,4096,7980.35
32,32,32,8192,15865.8
32,32,64,16,164.34
32,32,64,32,274.535
32,32,64,64,387.677
32,32,64,128,638.652
32,32,64,256,1068.85
32,32,64,512,2108.06
32,32,64,1024,3823.54
32,32,64,2048,7990.92
32,32,64,4096,15836.6
32,32,64,8192,31539.9
32,32,128,16,275.454
32,32,128,32,477.522
32,32,128,64,694.96
32,32,128,128,1124.06
32,32,128,256,1982.83
32,32,128,512,3699.79
32,32,128,1024,5650.06
32,32,128,2048,11081
32,32,128,4096,21957.3
32,32,128,8192,43709.6
32,64,0,0,73.4183
32,64,1,16,70.6663
32,64,1,32,70.3777
32,64,1,64,70.4423
32,64,1,128,103.252
32,64,1,256,178.207
32,64,1,512,328.393
32,64,1,1024,628.849
32,64,1,2048,1229.69
32,64,1,4096,2431.78
32,64,1,8192,4834.15
32,64,2,16,107.754
32,64,2,32,108.522
32,64,2,64,108.469
32,64,2,128,144.299
32,64,2,256,219.294
32,64,2,512,366.919
32,64,2,1024,668.806
32,64,2,2048,1266.47
32,64,2,4096,2462.88
32,64,2,8192,4880.85
32,64,4,16,108.149
32,64,4,32,108.736
32,64,4,64,109.012
32,64,4,128,144.511
32,64,4,256,220.756
32,64,4,512,477.287
32,64,4,1024,672.507
32,64,4,2048,1275.18
32,64,4,4096,2484.09
32,64,4,8192,4902.99
32,64,8,16,108.554
32,64,8,32,108.906
32,64,8,64,109.45
32,64,8,128,170.165
32,64,8,256,295.835
32,64,8,512,546.855
32,64,8,1024,1044.33
32,64,8,2048,2047.03
32,64,8,4096,4038.66
32,64,8,8192,8039.55
32,64,16,16,127.092
32,64,16,32,142.965
32,64,16,64,161.78
32,64,16,128,251.304
32,64,16,256,379.987
32,64,16,512,628.188
32,64,16,1024,1132.86
32,64,16,2048,2121.54
32,64,16,4096,4113.12
32,64,16,8192,8115.14
32,64,32,16,146.697
32,64,32,32,185.257
32,64,32,64,210.717
32,64,32,128,340.07
32,64,32,256,583.719
32,64,32,512,1083.14
32,64,32,1024,2086.26
32,64,32,2048,4079
32,64,32,4096,8070.71
32,64,32,8192,16064.2
32,64,64,16,208.852
32,64,64,32,289.982
32,64,64,64,403.494
32,64,64,128,644.675
32,64,64,256,1101.63
32,64,64,512,2125.68
32,64,64,1024,4106.87
32,64,64,2048,8180
32,64,64,4096,16005.7
32,64,64,8192,31876.4
32,64,128,16,305.278
32,64,128,32,501.309
32,64,128,64,705.136
32,64,128,128,1131.85
32,64,128,256,2005.33
32,64,128,512,3735.16
32,64,128,1024,7215.97
32,64,128,2048,14155.7
32,64,128,4096,28049.5
32,64,128,8192,55835.7
32,128,0,0,111.146
32,128,1,16,107.85
32,128,1,32,107.721
32,128,1,64,107.978
32,128,1,128,107.797
32,128,1,256,178.324
32,128,1,512,328.317
32,128,1,1024,628.614
32,128,1,2048,1230
32,128,1,4096,2431.42
32,128,1,8192,4833.77
32,128,2,16,170.932
32,128,2,32,170.324
32,128,2,64,170.612
32,128,2,128,171.583
32,128,2,256,242.57
32,128,2,512,391.72
32,128,2,1024,691.867
32,128,2,2048,1289.91
32,128,2,4096,2487.12
32,128,2,8192,4883.84
32,128,4,16,170.559
32,128,4,32,169.684
32,128,4,64,170.633
32,128,4,128,170.699
32,128,4,256,245.62
32,128,4,512,395.944
32,128,4,1024,695.857
32,128,4,2048,1303.2
32,128,4,4096,2510.51
32,128,4,8192,4928.74
32,128,8,16,170.409
32,128,8,32,170.154
32,128,8,64,169.953
32,128,8,128,171.797
32,128,8,256,297.153
32,128,8,512,545.222
32,128,8,1024,1045.58
32,128,8,2048,2045.03
32,128,8,4096,4043.32
32,128,8,8192,8041.34
32,128,16,16,187.68
32,128,16,32,201.918
32,128,16,64,220.158
32,128,16,128,262.835
32,128,16,256,453.629
32,128,16,512,700.293
32,128,16,1024,1157.04
32,128,16,2048,2189.29
32,128,16,4096,4178.48
32,128,16,8192,8166.62
32,128,32,16,210.846
32,128,32,32,237.395
32,128,32,64,285.429
32,128,32,128,334.312
32,128,32,256,595.815
32,128,32,512,1084.41
32,128,32,1024,2084.91
32,128,32,2048,4078.27
32,128,32,4096,8064.61
32,128,32,8192,16053.7
32,128,64,16,276.307
32,128,64,32,360.37
32,128,64,64,444.093
32,128,64,128,650.982
32,128,64,256,1133.07
32,128,64,512,2131.95
32,128,64,1024,4100.43
32,128,64,2048,8075.91
32,128,64,4096,16010.6
32,128,64,8192,31879
32,128,128,16,367.881
32,128,128,32,539.964
32,128,128,64,738.702
32,128,128,128,1135.93
32,128,128,256,2010.13
32,128,128,512,3740.97
32,128,128,1024,7212.77
32,128,128,2048,14156.7
32,128,128,4096,28060.7
32,128,128,8192,55849.3
32,256,0,0,185.535
32,256,1,16,182.601
32,256,1,32,181.951
32,256,1,64,182.441
32,256,1,128,182.207
32,256,1,256,182.388
32,256,1,512,328.03
32,256,1,1024,621.958
32,256,1,2048,1217.01
32,256,1,4096,2406.28
32,256,1,8192,4783.55
32,256,2,16,292.841
32,256,2,32,293.035
32,256,2,64,291.867
32,256,2,128,292.83
32,256,2,256,292.808
32,256,2,512,436.626
32,256,2,1024,735.923
32,256,2,2048,1329.73
32,256,2,4096,2513.72
32,256,2,8192,4883.13
32,256,4,16,292.446
32,256,4,32,291.188
32,256,4,64,291.571
32,256,4,128,291.976
32,256,4,256,293.748
32,256,4,512,440.114
32,256,4,1024,736.635
32,256,4,2048,1335.88
32,256,4,4096,2536.69
32,256,4,8192,4925.95
32,256,8,16,292.766
32,256,8,32,293.193
32,256,8,64,292.691
32,256,8,128,293.499
32,256,8,256,293.63
32,256,8,512,539.164
32,256,8,1024,1032.47
32,256,8,2048,2023.27
32,256,8,4096,4006.58
32,256,8,8192,7956.41
32,256,16,16,311.197
32,256,16,32,324.841
32,256,16,64,342.525
32,256,16,128,401.981
32,256,16,256,454.898
32,256,16,512,814.213
32,256,16,1024,1306.08
32,256,16,2048,2185.65
32,256,16,4096,4254.63
32,256,16,8192,8178.26
32,256,32,16,340.307
32,256,32,32,350.387
32,256,32,64,389.234
32,256,32,128,461.85
32,256,32,256,580.55
32,256,32,512,1075.44
32,256,32,1024,2063.11
32,256,32,2048,4039.88
32,256,32,4096,7986.78
32,256,32,8192,15867.8
32,256,64,16,390.259
32,256,64,32,479.933
32,256,64,64,555.442
32,256,64,128,743.13
32,256,64,256,1135.01
32,256,64,512,2109.15
32,256,64,1024,4062.39
32,256,64,2048,7988.24
32,256,64,4096,15840.6
32,256,64,8192,31548.5
32,256,128,16,502.065
32,256,128,32,642.843
32,256,128,64,859.471
32,256,128,128,1247.74
32,256,128,256,1990.18
32,256,128,512,3701.66
32,256,128,1024,7147.94
32,256,128,2048,14014
32,256,128,4096,27775
32,256,128,8192,55348.8
32,512,0,0,332.009
32,512,1,16,328.712
32,512,1,32,328.19
32,512,1,64,328.285
32,512,1,128,328.211
32,512,1,256,328.297
32,512,1,512,328.594
32,512,1,1024,622.018
32,512,1,2048,1217.05
32,512,1,4096,2406.09
32,512,1,8192,4783.77
32,512,2,16,538.588
32,512,2,32,538.839
32,512,2,64,538.749
32,512,2,128,539.463
32,512,2,256,540.818
32,512,2,512,540.875
32,512,2,1024,832.936
32,512,2,2048,1425.31
32,512,2,4096,2610.95
32,512,2,8192,4980.83
32,512,4,16,538.268
32,512,4,32,538.012
32,512,4,64,537.404
32,512,4,128,536.945
32,512,4,256,537.628
32,512,4,512,539.484
32,512,4,1024,838.821
32,512,4,2048,1434.74
32,512,4,4096,2632.06
32,512,4,8192,5027.32
32,512,8,16,541.447
32,512,8,32,539.932
32,512,8,64,538.673
32,512,8,128,538.802
32,512,8,256,538.482
32,512,8,512,541.117
32,512,8,1024,1033.89
32,512,8,2048,2025.07
32,512,8,4096,4003.03
32,512,8,8192,7960.29
32,512,16,16,553.383
32,512,16,32,570.892
32,512,16,64,586.449
32,512,16,128,624.742
32,512,16,256,701.979
32,512,16,512,1055.38
32,512,16,1024,1551.84
32,512,16,2048,2532.05
32,512,16,4096,4435.48
32,512,16,8192,8421.14
32,512,32,16,578.492
32,512,32,32,591.356
32,512,32,64,633.702
32,512,32,128,689.649
32,512,32,256,832.8
32,512,32,512,1074.05
32,512,32,1024,2065.98
32,512,32,2048,4035.11
32,512,32,4096,7997.41
32,512,32,8192,15872.4
32,512,64,16,636.731
32,512,64,32,686.918
32,512,64,64,795.6
32,512,64,128,1012.97
32,512,64,256,1339.23
32,512,64,512,2115.88
32,512,64,1024,4068.01
32,512,64,2048,7992.34
32,512,64,4096,15841.1
32,512,64,8192,31543.7
32,512,128,16,734.022
32,512,128,32,990.139
32,512,128,64,1144.88
32,512,128,128,1435.35
32,512,128,256,2153.54
32,512,128,512,3711.44
32,512,128,1024,7136.94
32,512,128,2048,14004
32,512,128,4096,27795.4
32,512,128,8192,55263.6
32,1024,0,0,627.483
32,1024,1,16,623.985
32,1024,1,32,623.248
32,1024,1,64,623.772
32,1024,1,128,623.601
32,1024,1,256,623.526
32,1024,1,512,623.547
32,1024,1,1024,623.814
32,1024,1,2048,1216.44
32,1024,1,4096,2405.32
32,1024,1,8192,4783.01
32,1024,2,16,1033.86
32,1024,2,32,1032.34
32,1024,2,64,1035.57
32,1024,2,128,1032.74
32,1024,2,256,1036.06
32,1024,2,512,1031.9
32,1024,2,1024,1035.18
32,1024,2,2048,1628.82
32,1024,2,4096,2809.76
32,1024,2,8192,5178.93
32,1024,4,16,1030.91
32,1024,4,32,1030.06
32,1024,4,64,1032.45
32,1024,4,128,1027.73
32,1024,4,256,1030.62
32,1024,4,512,1031.13
32,1024,4,1024,1036.28
32,1024,4,2048,1635.81
32,1024,4,4096,2830.66
32,1024,4,8192,5223.5
32,1024,8,16,1031.92
32,1024,8,32,1036.65
32,1024,8,64,1036.03
32,1024,8,128,1034.59
32,1024,8,256,1033.35
32,1024,8,512,1034.85
32,1024,8,1024,1035.61
32,1024,8,2048,2022.15
32,1024,8,4096,4003.39
32,1024,8,8192,7961.7
32,1024,16,16,1047.74
32,1024,16,32,1063.65
32,1024,16,64,1081.04
32,1024,16,128,1117.07
32,1024,16,256,1185.6
32,1024,16,512,1400.82
32,1024,16,1024,1771.95
32,1024,16,2048,2891.2
32,1024,16,4096,4991.16
32,1024,16,8192,8908.21
32,1024,32,16,1070.14
32,1024,32,32,1366.66
32,1024,32,64,1125.67
32,1024,32,128,1189.08
32,1024,32,256,1309.68
32,1024,32,512,1572.4
32,1024,32,1024,2066.59
32,1024,32,2048,4040.97
32,1024,32,4096,7990.52
32,1024,32,8192,15866.7
32,1024,64,16,1119.31
32,1024,64,32,1215.81
32,1024,64,64,1325.11
32,1024,64,128,1478.67
32,1024,64,256,1828.19
32,1024,64,512,2597.23
32,1024,64,1024,4080.38
32,1024,64,2048,7994.69
32,1024,64,4096,15842.4
32,1024,64,8192,31551.9
32,1024,128,16,1207.52
32,1024,128,32,1388.68
32,1024,128,64,1563.48
32,1024,128,128,2059.92
32,1024,128,256,2621.91
32,1024,128,512,4190.05
32,1024,128,1024,7173.75
32,1024,128,2048,14018.2
32,1024,128,4096,27774.5
32,1024,128,8192,55263.8
32,2048,0,0,1218.47
32,2048,1,16,1214.74
32,2048,1,32,1214.35
32,2048,1,64,1214.29
32,2048,1,128,1214.4
32,2048,1,256,1214.65
32,2048,1,512,1214.66
32,2048,1,1024,1214.21
32,2048,1,2048,1215.86
32,2048,1,4096,2405.42
32,2048,1,8192,4783.39
32,2048,2,16,2021.67
32,2048,2,32,2021.05
32,2048,2,64,2020.04
32,2048,2,128,2020.7
32,2048,2,256,2018.22
32,2048,2,512,2021.35
32,2048,2,1024,2022.11
32,2048,2,2048,2022.84
32,2048,2,4096,3205.39
32,2048,2,8192,5573.46
32,2048,4,16,2013.2
32,2048,4,32,2013.93
32,2048,4,64,2010.74
32,2048,4,128,2013.98
32,2048,4,256,2011.09
32,2048,4,512,2014.86
32,2048,4,1024,2012.91
32,2048,4,2048,2025.32
32,2048,4,4096,3220.14
32,2048,4,8192,5615.57
32,2048,8,16,2016.45
32,2048,8,32,2023.03
32,2048,8,64,2020.07
32,2048,8,128,2021.83
32,2048,8,256,2019.52
32,2048,8,512,2022.73
32,2048,8,1024,2019.56
32,2048,8,2048,2026.56
32,2048,8,4096,3999.42
32,2048,8,8192,7962
32,2048,16,16,2023.93
32,2048,16,32,2041.64
32,2048,16,64,2062.15
32,2048,16,128,2099.95
32,2048,16,256,2171.15
32,2048,16,512,2311.35
32,2048,16,1024,2580.34
32,2048,16,2048,3997.34
32,2048,16,4096,6096.97
32,2048,16,8192,9627.84
32,2048,32,16,2043.07
32,2048,32,32,2065.95
32,2048,32,64,2108.28
32,2048,32,128,2169.08
32,2048,32,256,2290.03
32,2048,32,512,2595.33
32,2048,32,1024,3048.5
32,2048,32,2048,4048.65
32,2048,32,4096,7983.08
32,2048,32,8192,15885.1
32,2048,64,16,2111.22
32,2048,64,32,2190.06
32,2048,64,64,2263.27
32,2048,64,128,2465.67
32,2048,64,256,2843.86
32,2048,64,512,3588.04
32,2048,64,1024,4788.84
32,2048,64,2048,8006.74
32,2048,64,4096,15856.1
32,2048,64,8192,31547
32,2048,128,16,2221.98
32,2048,128,32,2422.09
32,2048,128,64,2644.45
32,2048,128,128,3141.53
32,2048,128,256,3592.89
32,2048,128,512,4884.94
32,2048,128,1024,8083.58
32,2048,128,2048,14037.5
32,2048,128,4096,27779.6
32,2048,128,8192,55257.3
32,4096,0,0,2400.78
32,4096,1,16,2397.32
32,4096,1,32,2397.13
32,4096,1,64,2397.11
32,4096,1,128,2397.08
32,4096,1,256,2396.87
32,4096,1,512,2397.19
32,4096,1,1024,2397.34
32,4096,1,2048,2396.97
32,4096,1,4096,2403.74
32,4096,1,8192,4781.8
32,4096,2,16,3991.88
32,4096,2,32,4000.94
32,4096,2,64,3995.84
32,4096,2,128,3992.47
32,4096,2,256,3988.34
32,4096,2,512,3996.19
32,4096,2,1024,3992.42
32,4096,2,2048,3993.22
32,4096,2,4096,4000.73
32,4096,2,8192,6376.82
32,4096,4,16,3980.74
32,4096,4,32,3980.03
32,4096,4,64,3980.89
32,4096,4,128,3977.68
32,4096,4,256,3980.88
32,4096,4,512,3982.58
32,4096,4,1024,3976.73
32,4096,4,2048,4054
32,4096,4,4096,4004.78
32,4096,4,8192,6398.88
32,4096,8,16,4000.05
32,4096,8,32,3991.41
32,4096,8,64,3999.01
32,4096,8,128,3998.48
32,4096,8,256,3995.02
32,4096,8,512,3988.41
32,4096,8,1024,3988.85
32,4096,8,2048,3998.24
32,4096,8,4096,4002.33
32,4096,8,8192,7961.69
32,4096,16,16,3994.75
32,4096,16,32,4014.94
32,4096,16,64,4040.15
32,4096,16,128,4064.43
32,4096,16,256,4132.64
32,4096,16,512,4276.01
32,4096,16,1024,4573.49
32,4096,16,2048,5685.45
32,4096,16,4096,7913.1
32,4096,16,8192,11354.7
32,4096,32,16,4020.41
32,4096,32,32,4035.79
32,4096,32,64,4073.09
32,4096,32,128,4135.96
32,4096,32,256,4223.39
32,4096,32,512,4519.48
32,4096,32,1024,4731.5
32,4096,32,2048,6012.14
32,4096,32,4096,8007.65
32,4096,32,8192,15899.1
32,4096,64,16,4074.18
32,4096,64,32,4154.82
32,4096,64,64,4241.35
32,4096,64,128,4448.79
32,4096,64,256,4770.96
32,4096,64,512,5394.13
32,4096,64,1024,6881.34
32,4096,64,2048,9955.7
32,4096,64,4096,15867.6
32,4096,64,8192,31552.6
32,4096,128,16,4150.05
32,4096,128,32,4329.6
32,4096,128,64,4553.55
32,4096,128,128,5017.27
32,4096,128,256,5746.48
32,4096,128,512,7563.49
32,4096,128,1024,9825.91
32,4096,128,2048,15944.2
32,4096,128,4096,27814.3
32,4096,128,8192,55270.9
32,8192,0,0,4767.92
32,8192,1,16,4766.82
32,8192,1,32,4767.15
32,8192,1,64,4766.84
32,8192,1,128,4766.79
32,8192,1,256,4766.95
32,8192,1,512,4766.67
32,8192,1,1024,4767.16
32,8192,1,2048,4767.26
32,8192,1,4096,4767.69
32,8192,1,8192,4779.09
32,8192,2,16,7937.98
32,8192,2,32,7945.19
32,8192,2,64,7946.95
32,8192,2,128,7939.41
32,8192,2,256,7943.38
32,8192,2,512,7940.42
32,8192,2,1024,7954.51
32,8192,2,2048,7946.65
32,8192,2,4096,7950.31
32,8192,2,8192,7955.35
32,8192,4,16,7915.95
32,8192,4,32,7918.08
32,8192,4,64,7918.96
32,8192,4,128,7907.77
32,8192,4,256,7913.16
32,8192,4,512,7913.05
32,8192,4,1024,7915.83
32,8192,4,2048,7915.17
32,8192,4,4096,7916.1
32,8192,4,8192,7961.49
32,8192,8,16,7945.32
32,8192,8,32,7940.98
32,8192,8,64,7943.44
32,8192,8,128,7945.34
32,8192,8,256,7945.09
32,8192,8,512,7950.53
32,8192,8,1024,7942.38
32,8192,8,2048,7938.54
32,8192,8,4096,7937.02
32,8192,8,8192,7972.62
32,8192,16,16,7948.47
32,8192,16,32,7951.46
32,8192,16,64,7963.5
32,8192,16,128,7998.12
32,8192,16,256,8075.79
32,8192,16,512,8292.7
32,8192,16,1024,8516.02
32,8192,16,2048,9348.92
32,8192,16,4096,10177.4
32,8192,16,8192,15774.3
32,8192,32,16,7955.68
32,8192,32,32,7981.54
32,8192,32,64,7993.08
32,8192,32,128,8054.89
32,8192,32,256,8205.83
32,8192,32,512,8370.34
32,8192,32,1024,8930.41
32,8192,32,2048,9907.87
32,8192,32,4096,11915.9
32,8192,32,8192,15918.1
32,8192,64,16,8014.86
32,8192,64,32,8085.09
32,8192,64,64,8183.84
32,8192,64,128,8384.36
32,8192,64,256,8700.31
32,8192,64,512,9470.02
32,8192,64,1024,10949.8
32,8192,64,2048,13920.5
32,8192,64,4096,19768.7
32,8192,64,8192,31575.3
32,8192,128,16,8113.41
32,8192,128,32,8364.12
32,8192,128,64,8438.49
32,8192,128,128,8928.31
32,8192,128,256,9860.27
32,8192,128,512,11320.6
32,8192,128,1024,14842.8
32,8192,128,2048,19625.6
32,8192,128,4096,31624.5
32,8192,128,8192,55399
64,0,0,0,76.7247
64,0,1,16,62.8267
64,0,1,32,74.9007
64,0,1,64,93.952
64,0,1,128,126.912
64,0,1,256,204.319
64,0,1,512,350.344
64,0,1,1024,649.105
64,0,1,2048,1246.5
64,0,1,4096,2434.58
64,0,1,8192,4813.42
64,0,2,16,76.928
64,0,2,32,77.525
64,0,2,64,94.3143
64,0,2,128,130.122
64,0,2,256,202.537
64,0,2,512,347.305
64,0,2,1024,638.182
64,0,2,2048,1221.38
64,0,2,4096,2383.28
64,0,2,8192,4710.23
64,0,4,16,76.2983
64,0,4,32,266.654
64,0,4,64,94.8257
64,0,4,128,131.722
64,0,4,256,206.676
64,0,4,512,356.911
64,0,4,1024,654.096
64,0,4,2048,1254.35
64,0,4,4096,2451.81
64,0,4,8192,4844.92
64,0,8,16,95.8503
64,0,8,32,110.336
64,0,8,64,139.348
64,0,8,128,200.734
64,0,8,256,324.947
64,0,8,512,570.897
64,0,8,1024,1068.79
64,0,8,2048,2054.29
64,0,8,4096,4023.22
64,0,8,8192,7958.97
64,0,16,16,109.141
64,0,16,32,130.696
64,0,16,64,174.954
64,0,16,128,245.342
64,0,16,256,365.928
64,0,16,512,616.885
64,0,16,1024,1102.26
64,0,16,2048,2093.17
64,0,16,4096,4076.72
64,0,16,8192,8028.63
64,0,32,16,130.431
64,0,32,32,189.449
64,0,32,64,247.998
64,0,32,128,363.472
64,0,32,256,617.82
64,0,32,512,1099.28
64,0,32,1024,2093.49
64,0,32,2048,4061.43
64,0,32,4096,8008.1
64,0,32,8192,15860.6
64,0,64,16,183.359
64,0,64,32,281.182
64,0,64,64,400.49
64,0,64,128,642.716
64,0,64,256,1095.98
64,0,64,512,2110.84
64,0,64,1024,4063.05
64,0,64,2048,7999.83
64,0,64,4096,15843.3
64,0,64,8192,31551.3
64,0,128,16,286.729
64,0,128,32,496.711
64,0,128,64,708.477
64,0,128,128,1131.86
64,0,128,256,1991.13
64,0,128,512,3714.28
64,0,128,1024,7139.9
64,0,128,2048,14020.4
64,0,128,4096,27770.4
64,0,128,8192,55251.5
64,16,0,0,93.7807
64,16,1,16,94.8693
64,16,1,32,95.7643
64,16,1,64,95.1033
64,16,1,128,130.026
64,16,1,256,202.303
64,16,1,512,351.585
64,16,1,1024,649.244
64,16,1,2048,1246.44
64,16,1,4096,2435.98
64,16,1,8192,4815.24
64,16,2,16,94.1013
64,16,2,32,94.442
64,16,2,64,107.646
64,16,2,128,143.69
64,16,2,256,214.815
64,16,2,512,360.243
64,16,2,1024,651.078
64,16,2,2048,1232.64
64,16,2,4096,2393.26
64,16,2,8192,4718.17
64,16,4,16,100.788
64,16,4,32,104.212
64,16,4,64,108.564
64,16,4,128,145.12
64,16,4,256,214.1
64,16,4,512,359.88
64,16,4,1024,657.105
64,16,4,2048,1253.52
64,16,4,4096,2449.04
64,16,4,8192,4847.23
64,16,8,16,116.117
64,16,8,32,133.546
64,16,8,64,155.348
64,16,8,128,196.427
64,16,8,256,341.33
64,16,8,512,576.476
64,16,8,1024,1077.25
64,16,8,2048,2051.1
64,16,8,4096,4021.06
64,16,8,8192,7958.79
64,16,16,16,141.503
64,16,16,32,155.561
64,16,16,64,189.78
64,16,16,128,266.793
64,16,16,256,398.515
64,16,16,512,632.779
64,16,16,1024,1129.42
64,16,16,2048,2122.13
64,16,16,4096,4083.77
64,16,16,8192,8070
64,16,32,16,155.935
64,16,32,32,206.783
64,16,32,64,271.049
64,16,32,128,378.035
64,16,32,256,638.278
64,16,32,512,1121.41
64,16,32,1024,2099.38
64,16,32,2048,4075.78
64,16,32,4096,8015.32
64,16,32,8192,15855.7
64,16,64,16,213.513
64,16,64,32,295.177
64,16,64,64,407.784
64,16,64,128,643.771
64,16,64,256,1096.61
64,16,64,512,2108.67
64,16,64,1024,4071.07
64,16,64,2048,7990.71
64,16,64,4096,15856.8
64,16,64,8192,31557.5
64,16,128,16,315.923
64,16,128,32,511.462
64,16,128,64,724.048
64,16,128,128,1145.62
64,16,128,256,1999.37
64,16,128,512,3718.42
64,16,128,1024,7149.56
64,16,128,2048,14027.4
64,16,128,4096,27781.4
64,16,128,8192,55270.2
64,32,0,0,108.309
64,32,1,16,94.8583
64,32,1,32,94.4203
64,32,1,64,240.758
64,32,1,128,142.708
64,32,1,256,215.165
64,32,1,512,362.045
64,32,1,1024,661.094
64,32,1,2048,1256.51
64,32,1,4096,2445.54
64,32,1,8192,4824.07
64,32,2,16,108.575
64,32,2,32,107.903
64,32,2,64,108.981
64,32,2,128,142.495
64,32,2,256,215.209
64,32,2,512,358.927
64,32,2,1024,651.676
64,32,2,2048,1234.15
64,32,2,4096,2393.94
64,32,2,8192,4721.26
64,32,4,16,108.319
64,32,4,32,109.172
64,32,4,64,109.461
64,32,4,128,145.524
64,32,4,256,219.805
64,32,4,512,371.933
64,32,4,1024,670.096
64,32,4,2048,1270.25
64,32,4,4096,2465.46
64,32,4,8192,4857.64
64,32,8,16,137.066
64,32,8,32,135.616
64,32,8,64,282.281
64,32,8,128,216.574
64,32,8,256,354.898
64,32,8,512,588.785
64,32,8,1024,1059.19
64,32,8,2048,2071.75
64,32,8,4096,4026.15
64,32,8,8192,7960.12
64,32,16,16,149.865
64,32,16,32,189.46
64,32,16,64,193.022
64,32,16,128,288.19
64,32,16,256,431.688
64,32,16,512,669.66
64,32,16,1024,1164.62
64,32,16,2048,2150.12
64,32,16,4096,4131.51
64,32,16,8192,8094
64,32,32,16,174.036
64,32,32,32,210.675
64,32,32,64,277.907
64,32,32,128,400.562
64,32,32,256,636.806
64,32,32,512,1136.22
64,32,32,1024,2123.48
64,32,32,2048,4087.54
64,32,32,4096,8012.68
64,32,32,8192,15896.2
64,32,64,16,226.014
64,32,64,32,312.519
64,32,64,64,426.792
64,32,64,128,644.505
64,32,64,256,1121.9
64,32,64,512,2108.82
64,32,64,1024,4070.1
64,32,64,2048,7999.9
64,32,64,4096,15850.7
64,32,64,8192,31566.5
64,32,128,16,322.6
64,32,128,32,522.492
64,32,128,64,739.803
64,32,128,128,1152.32
64,32,128,256,2013.33
64,32,128,512,3721.99
64,32,128,1024,7154.5
64,32,128,2048,14043.3
64,32,128,4096,27776
64,32,128,8192,55274.5
64,64,0,0,138.965
64,64,1,16,126.154
64,64,1,32,127.53
64,64,1,64,126.227
64,64,1,128,153.939
64,64,1,256,226.74
64,64,1,512,375.422
64,64,1,1024,675.461
64,64,1,2048,1269.44
64,64,1,4096,2457.13
64,64,1,8192,4836.46
64,64,2,16,138.986
64,64,2,32,139.135
64,64,2,64,139.562
64,64,2,128,154.079
64,64,2,256,228.628
64,64,2,512,372.477
64,64,2,1024,663.377
64,64,2,2048,1244.45
64,64,2,4096,2406.07
64,64,2,8192,4737.35
64,64,4,16,370.302
64,64,4,32,139.124
64,64,4,64,139.146
64,64,4,128,160.362
64,64,4,256,234.165
64,64,4,512,383.688
64,64,4,1024,683.174
64,64,4,2048,1281.45
64,64,4,4096,2479.1
64,64,4,8192,4872.38
64,64,8,16,166.709
64,64,8,32,215.049
64,64,8,64,188.116
64,64,8,128,256.286
64,64,8,256,372.861
64,64,8,512,630.31
64,64,8,1024,1080.69
64,64,8,2048,2097.05
64,64,8,4096,4044.02
64,64,8,8192,8011.05
64,64,16,16,168.084
64,64,16,32,202.334
64,64,16,64,231.838
64,64,16,128,310.665
64,64,16,256,470.279
64,64,16,512,713.979
64,64,16,1024,1219.72
64,64,16,2048,2202.61
64,64,16,4096,4167.42
64,64,16,8192,8149.95
64,64,32,16,211.582
64,64,32,32,264.487
64,64,32,64,309.148
64,64,32,128,439.285
64,64,32,256,684.645
64,64,32,512,1177.08
64,64,32,1024,2155.54
64,64,32,2048,4115.87
64,64,32,4096,8045.62
64,64,32,8192,15908.8
64,64,64,16,275.785
64,64,64,32,352.755
64,64,64,64,454.322
64,64,64,128,648.347
64,64,64,256,1135.86
64,64,64,512,2115.03
64,64,64,1024,4081.3
64,64,64,2048,7997.32
64,64,64,4096,15855.7
64,64,64,8192,31566.8
64,64,128,16,371.005
64,64,128,32,551.207
64,64,128,64,764.281
64,64,128,128,1199.02
64,64,128,256,2022.11
64,64,128,512,3729.9
64,64,128,1024,7177.48
64,64,128,2048,14071.4
64,64,128,4096,27808.5
64,64,128,8192,55298.3
64,128,0,0,199.049
64,128,1,16,188.02
64,128,1,32,186.91
64,128,1,64,187.049
64,128,1,128,186.471
64,128,1,256,251.518
64,128,1,512,400.595
64,128,1,1024,697.319
64,128,1,2048,1294.05
64,128,1,4096,2481.73
64,128,1,8192,4860.54
64,128,2,16,199.369
64,128,2,32,200.052
64,128,2,64,200.445
64,128,2,128,200.254
64,128,2,256,251.145
64,128,2,512,398.205
64,128,2,1024,688.315
64,128,2,2048,1269.82
64,128,2,4096,2431.75
64,128,2,8192,4763.54
64,128,4,16,198.335
64,128,4,32,198.421
64,128,4,64,199.518
64,128,4,128,199.424
64,128,4,256,256.598
64,128,4,512,407.645
64,128,4,1024,705.712
64,128,4,2048,1304.07
64,128,4,4096,2501.66
64,128,4,8192,4894.35
64,128,8,16,225.204
64,128,8,32,242.953
64,128,8,64,290.368
64,128,8,128,302.558
64,128,8,256,433.384
64,128,8,512,691.579
64,128,8,1024,1161.42
64,128,8,2048,2122.06
64,128,8,4096,4101.47
64,128,8,8192,8071.38
64,128,16,16,230.953
64,128,16,32,261.385
64,128,16,64,288.264
64,128,16,128,354.365
64,128,16,256,514.94
64,128,16,512,819.493
64,128,16,1024,1349.11
64,128,16,2048,2337.05
64,128,16,4096,4312.93
64,128,16,8192,8230.75
64,128,32,16,288.105
64,128,32,32,347.997
64,128,32,64,385.171
64,128,32,128,502.333
64,128,32,256,746.575
64,128,32,512,1235.71
64,128,32,1024,2210.1
64,128,32,2048,4179.31
64,128,32,4096,8113.7
64,128,32,8192,15997.6
64,128,64,16,362.61
64,128,64,32,456.615
64,128,64,64,536.133
64,128,64,128,682.897
64,128,64,256,1144.68
64,128,64,512,2120.52
64,128,64,1024,4074.09
64,128,64,2048,8004.26
64,128,64,4096,15859.4
64,128,64,8192,31567.1
64,128,128,16,448.285
64,128,128,32,636.646
64,128,128,64,804.559
64,128,128,128,1274.77
64,128,128,256,2061.83
64,128,128,512,3744.33
64,128,128,1024,7211.11
64,128,128,2048,14124.9
64,128,128,4096,27903.9
64,128,128,8192,55361.4
64,256,0,0,323.603
64,256,1,16,310.398
64,256,1,32,311.081
64,256,1,64,311.369
64,256,1,128,521.426
64,256,1,256,310.206
64,256,1,512,449.245
64,256,1,1024,746.469
64,256,1,2048,1342.9
64,256,1,4096,2644.09
64,256,1,8192,4909.38
64,256,2,16,324.073
64,256,2,32,323.582
64,256,2,64,324.538
64,256,2,128,323.646
64,256,2,256,325.042
64,256,2,512,446.508
64,256,2,1024,739.322
64,256,2,2048,1319.04
64,256,2,4096,2481.69
64,256,2,8192,4808.85
64,256,4,16,324.766
64,256,4,32,323.166
64,256,4,64,323.625
64,256,4,128,322.355
64,256,4,256,322.505
64,256,4,512,454.461
64,256,4,1024,756.215
64,256,4,2048,1354.14
64,256,4,4096,2549.45
64,256,4,8192,4943.8
64,256,8,16,340.648
64,256,8,32,366.099
64,256,8,64,391.005
64,256,8,128,470.994
64,256,8,256,473.831
64,256,8,512,724.677
64,256,8,1024,1176.3
64,256,8,2048,2259.06
64,256,8,4096,4148.3
64,256,8,8192,8182.61
64,256,16,16,354.749
64,256,16,32,379.485
64,256,16,64,408.733
64,256,16,128,476.299
64,256,16,256,597.126
64,256,16,512,949.742
64,256,16,1024,1567.12
64,256,16,2048,2421.03
64,256,16,4096,4435.92
64,256,16,8192,8365.81
64,256,32,16,424.829
64,256,32,32,468.999
64,256,32,64,563.821
64,256,32,128,625.595
64,256,32,256,860.367
64,256,32,512,1361.78
64,256,32,1024,2334.7
64,256,32,2048,4301.55
64,256,32,4096,8223.14
64,256,32,8192,16088.9
64,256,64,16,539.89
64,256,64,32,591.036
64,256,64,64,712.197
64,256,64,128,928.061
64,256,64,256,1176.38
64,256,64,512,2124.98
64,256,64,1024,4160.13
64,256,64,2048,8001.85
64,256,64,4096,15852.4
64,256,64,8192,31567.9
64,256,128,16,648.708
64,256,128,32,828.488
64,256,128,64,997.241
64,256,128,128,1289.63
64,256,128,256,2218.61
64,256,128,512,3801.84
64,256,128,1024,7206.08
64,256,128,2048,14154.2
64,256,128,4096,27933.9
64,256,128,8192,55435
64,512,0,0,567.612
64,512,1,16,555.1
64,512,1,32,556.86
64,512,1,64,557.734
64,512,1,128,556.337
64,512,1,256,557.073
64,512,1,512,557.788
64,512,1,1024,846.159
64,512,1,2048,1438.02
64,512,1,4096,2628.53
64,512,1,8192,5007.82
64,512,2,16,570.022
64,512,2,32,568.743
64,512,2,64,568.284
64,512,2,128,569.191
64,512,2,256,568.38
64,512,2,512,630.588
64,512,2,1024,839.983
64,512,2,2048,1419.11
64,512,2,4096,2583.71
64,512,2,8192,4913.86
64,512,4,16,570.945
64,512,4,32,568.956
64,512,4,64,568.167
64,512,4,128,567.569
64,512,4,256,569.734
64,512,4,512,567.74
64,512,4,1024,851.44
64,512,4,2048,1447.96
64,512,4,4096,2644.6
64,512,4,8192,5038.52
64,512,8,16,588.135
64,512,8,32,609.98
64,512,8,64,634.289
64,512,8,128,715.216
64,512,8,256,835.012
64,512,8,512,1072.74
64,512,8,1024,1490.81
64,512,8,2048,2529.69
64,512,8,4096,4433.1
64,512,8,8192,8377.53
64,512,16,16,597.873
64,512,16,32,627.014
64,512,16,64,661.488
64,512,16,128,725.19
64,512,16,256,838.638
64,512,16,512,1089.73
64,512,16,1024,1782.12
64,512,16,2048,2996.61
64,512,16,4096,5044.04
64,512,16,8192,8975.93
64,512,32,16,645.98
64,512,32,32,729.542
64,512,32,64,828.48
64,512,32,128,1006.14
64,512,32,256,1111.86
64,512,32,512,1612.5
64,512,32,1024,2586.05
64,512,32,2048,4559.67
64,512,32,4096,8486.96
64,512,32,8192,16337.2
64,512,64,16,734.074
64,512,64,32,892.676
64,512,64,64,1041.17
64,512,64,128,1227.5
64,512,64,256,1605.28
64,512,64,512,2161.88
64,512,64,1024,4091.92
64,512,64,2048,8012.72
64,512,64,4096,15849.8
64,512,64,8192,31568.1
64,512,128,16,991.171
64,512,128,32,1270.5
64,512,128,64,1370.08
64,512,128,128,1715.83
64,512,128,256,2283.91
64,512,128,512,4213.36
64,512,128,1024,7249.1
64,512,128,2048,14152.4
64,512,128,4096,28056.8
64,512,128,8192,55676.9
64,1024,0,0,1060.8
64,1024,1,16,1049.37
64,1024,1,32,1052.88
64,1024,1,64,1049.44
64,1024,1,128,1049.97
64,1024,1,256,1049.17
64,1024,1,512,1050.7
64,1024,1,1024,1050.45
64,1024,1,2048,1636.17
64,1024,1,4096,2822.75
64,1024,1,8192,5197.95
64,1024,2,16,1062.92
64,1024,2,32,1060.78
64,1024,2,64,1062.66
64,1024,2,128,1061.46
64,1024,2,256,1059.53
64,1024,2,512,1062.37
64,1024,2,1024,1062.64
64,1024,2,2048,1621.67
64,1024,2,4096,2784.65
64,1024,2,8192,5111.83
64,1024,4,16,1065.63
64,1024,4,32,1065.34
64,1024,4,64,1127.16
64,1024,4,128,1058.66
64,1024,4,256,1062.47
64,1024,4,512,1063.03
64,1024,4,1024,1063.68
64,1024,4,2048,1644.64
64,1024,4,4096,2840.1
64,1024,4,8192,5233.49
64,1024,8,16,1084.62
64,1024,8,32,1093.71
64,1024,8,64,1134.32
64,1024,8,128,1204.33
64,1024,8,256,1332.52
64,1024,8,512,1579.79
64,1024,8,1024,1789.1
64,1024,8,2048,3021.01
64,1024,8,4096,4859.61
64,1024,8,8192,8633.03
64,1024,16,16,1086.53
64,1024,16,32,1121.1
64,1024,16,64,1154.42
64,1024,16,128,1217.66
64,1024,16,256,1342.61
64,1024,16,512,1579.2
64,1024,16,1024,2066.21
64,1024,16,2048,3858.91
64,1024,16,4096,5747.98
64,1024,16,8192,9819.57
64,1024,32,16,1162.65
64,1024,32,32,1229.21
64,1024,32,64,1322.34
64,1024,32,128,1517.95
64,1024,32,256,1875.38
64,1024,32,512,2105.09
64,1024,32,1024,3065
64,1024,32,2048,5039.69
64,1024,32,4096,8957.63
64,1024,32,8192,16815.4
64,1024,64,16,1223.07
64,1024,64,32,1360.51
64,1024,64,64,1540.76
64,1024,64,128,1695.08
64,1024,64,256,2034.96
64,1024,64,512,3132.08
64,1024,64,1024,4135.48
64,1024,64,2048,8018.21
64,1024,64,4096,15849.8
64,1024,64,8192,31558.5
64,1024,128,16,1439.53
64,1024,128,32,1699.21
64,1024,128,64,2074.63
64,1024,128,128,2462.77
64,1024,128,256,3130.93
64,1024,128,512,4249.39
64,1024,128,1024,7877.74
64,1024,128,2048,14158.6
64,1024,128,4096,28048.8
64,1024,128,8192,55839.7
64,2048,0,0,2046.53
64,2048,1,16,2033.9
64,2048,1,32,2035.34
64,2048,1,64,2034.29
64,2048,1,128,2035.49
64,2048,1,256,2038.14
64,2048,1,512,2038.13
64,2048,1,1024,2036.18
64,2048,1,2048,2037.87
64,2048,1,4096,3219.15
64,2048,1,8192,5596.82
64,2048,2,16,2045.12
64,2048,2,32,2043.12
64,2048,2,64,2047.13
64,2048,2,128,2044.64
64,2048,2,256,2045.09
64,2048,2,512,2046.78
64,2048,2,1024,2047.9
64,2048,2,2048,2045.66
64,2048,2,4096,3186.79
64,2048,2,8192,5512.93
64,2048,4,16,2048.96
64,2048,4,32,2045.26
64,2048,4,64,2047.29
64,2048,4,128,2041.2
64,2048,4,256,2045.37
64,2048,4,512,2048.49
64,2048,4,1024,2050.29
64,2048,4,2048,2045.01
64,2048,4,4096,3233.01
64,2048,4,8192,5629.59
64,2048,8,16,2061.69
64,2048,8,32,2098.84
64,2048,8,64,2116.43
64,2048,8,128,2184.57
64,2048,8,256,2314.45
64,2048,8,512,2565.38
64,2048,8,1024,3037.17
64,2048,8,2048,4021.61
64,2048,8,4096,5698.12
64,2048,8,8192,9913.16
64,2048,16,16,2072.39
64,2048,16,32,2099.29
64,2048,16,64,2128.18
64,2048,16,128,2196.03
64,2048,16,256,2312.11
64,2048,16,512,2560.57
64,2048,16,1024,3051.57
64,2048,16,2048,4034.01
64,2048,16,4096,7347.88
64,2048,16,8192,11896.6
64,2048,32,16,2123.77
64,2048,32,32,2207.57
64,2048,32,64,2296.27
64,2048,32,128,2555.23
64,2048,32,256,2859.26
64,2048,32,512,3605.7
64,2048,32,1024,4068.28
64,2048,32,2048,6025.61
64,2048,32,4096,9957.66
64,2048,32,8192,17801.3
64,2048,64,16,2222.23
64,2048,64,32,2334.52
64,2048,64,64,2647.36
64,2048,64,128,2736.83
64,2048,64,256,3268.12
64,2048,64,512,4263.03
64,2048,64,1024,6052.26
64,2048,64,2048,8087.23
64,2048,64,4096,15878.6
64,2048,64,8192,31566.9
64,2048,128,16,2416.17
64,2048,128,32,2697.26
64,2048,128,64,3011.79
64,2048,128,128,3740.57
64,2048,128,256,4593.13
64,2048,128,512,6131.58
64,2048,128,1024,8209.41
64,2048,128,2048,15975
64,2048,128,4096,28051.8
64,2048,128,8192,55854.7
64,4096,0,0,4014.84
64,4096,1,16,4008.35
64,4096,1,32,4014.54
64,4096,1,64,4008.64
64,4096,1,128,4010.83
64,4096,1,256,4010.92
64,4096,1,512,4015.55
64,4096,1,1024,4009.44
64,4096,1,2048,4002.58
64,4096,1,4096,4010.64
64,4096,1,8192,6382.27
64,4096,2,16,4009.23
64,4096,2,32,4014.68
64,4096,2,64,4017.62
64,4096,2,128,4014.48
64,4096,2,256,4014.7
64,4096,2,512,4022.47
64,4096,2,1024,4015.43
64,4096,2,2048,4013.11
64,4096,2,4096,4023.41
64,4096,2,8192,6314
64,4096,4,16,4025.28
64,4096,4,32,4020.39
64,4096,4,64,4024.99
64,4096,4,128,4024.28
64,4096,4,256,4027.78
64,4096,4,512,4026.02
64,4096,4,1024,4026.48
64,4096,4,2048,4030.03
64,4096,4,4096,4025.83
64,4096,4,8192,6403.53
64,4096,8,16,4032.72
64,4096,8,32,4047.76
64,4096,8,64,4110.1
64,4096,8,128,4154.39
64,4096,8,256,4234.55
64,4096,8,512,4513.51
64,4096,8,1024,5013.97
64,4096,8,2048,5992.13
64,4096,8,4096,7937.66
64,4096,8,8192,11864.2
64,4096,16,16,4042.22
64,4096,16,32,4061.04
64,4096,16,64,4098.01
64,4096,16,128,4164.09
64,4096,16,256,4288.64
64,4096,16,512,4526.41
64,4096,16,1024,5028.47
64,4096,16,2048,6004.23
64,4096,16,4096,7959.81
64,4096,16,8192,15213
64,4096,32,16,4099.1
64,4096,32,32,4144.38
64,4096,32,64,4255.39
64,4096,32,128,4458.85
64,4096,32,256,4704.46
64,4096,32,512,5554.73
64,4096,32,1024,7020.05
64,4096,32,2048,7992.91
64,4096,32,4096,11904
64,4096,32,8192,19768.2
64,4096,64,16,4149.22
64,4096,64,32,4321.44
64,4096,64,64,4518.63
64,4096,64,128,4672.44
64,4096,64,256,5229.07
64,4096,64,512,6638.32
64,4096,64,1024,8381.59
64,4096,64,2048,11957.8
64,4096,64,4096,16020.3
64,4096,64,8192,31615.8
64,4096,128,16,4399.42
64,4096,128,32,4743.24
64,4096,128,64,5010.91
64,4096,128,128,5717.86
64,4096,128,256,6817.76
64,4096,128,512,8815.88
64,4096,128,1024,11987.1
64,4096,128,2048,16091.8
64,4096,128,4096,31664.3
64,4096,128,8192,55867.4
64,8192,0,0,7952.65
64,8192,1,16,7967
64,8192,1,32,8194.86
64,8192,1,64,7967.66
64,8192,1,128,7947.32
64,8192,1,256,7950.03
64,8192,1,512,7953.97
64,8192,1,1024,7951.09
64,8192,1,2048,7948.58
64,8192,1,4096,7948.78
64,8192,1,8192,7956.44
64,8192,2,16,7946.25
64,8192,2,32,7952.71
64,8192,2,64,7956.09
64,8192,2,128,7959.75
64,8192,2,256,7968.38
64,8192,2,512,7958.63
64,8192,2,1024,7957.78
64,8192,2,2048,7956.28
64,8192,2,4096,7961.99
64,8192,2,8192,7958.09
64,8192,4,16,7975.43
64,8192,4,32,7971.93
64,8192,4,64,7973.89
64,8192,4,128,7964.06
64,8192,4,256,7984.51
64,8192,4,512,7973.21
64,8192,4,1024,7962.86
64,8192,4,2048,7957.59
64,8192,4,4096,7963.93
64,8192,4,8192,7972.19
64,8192,8,16,7956.24
64,8192,8,32,7983.74
64,8192,8,64,8024.49
64,8192,8,128,8073.87
64,8192,8,256,8217.91
64,8192,8,512,8439.04
64,8192,8,1024,8945.08
64,8192,8,2048,9917.96
64,8192,8,4096,11893.1
64,8192,8,8192,15789.6
64,8192,16,16,7966.42
64,8192,16,32,7994.73
64,8192,16,64,8015.82
64,8192,16,128,8079.88
64,8192,16,256,8202.67
64,8192,16,512,8471.74
64,8192,16,1024,8953.36
64,8192,16,2048,9928.31
64,8192,16,4096,11902.2
64,8192,16,8192,15842.5
64,8192,32,16,8034.3
64,8192,32,32,8096
64,8192,32,64,8196.14
64,8192,32,128,8384.57
64,8192,32,256,8746.9
64,8192,32,512,9478.76
64,8192,32,1024,10950.4
64,8192,32,2048,13625.4
64,8192,32,4096,15856.5
64,8192,32,8192,23701.5
64,8192,64,16,8094.16
64,8192,64,32,8236.38
64,8192,64,64,8435.96
64,8192,64,128,8606.4
64,8192,64,256,9103.62
64,8192,64,512,10206.9
64,8192,64,1024,12389.1
64,8192,64,2048,16431.4
64,8192,64,4096,23176.5
64,8192,64,8192,31901.8
64,8192,128,16,8321.43
64,8192,128,32,8588.68
64,8192,128,64,8948.75
64,8192,128,128,9656.11
64,8192,128,256,10626.1
64,8192,128,512,13692.5
64,8192,128,1024,17026.8
64,8192,128,2048,23767.7
64,8192,128,4096,31898.3
64,8192,128,8192,63073.7
128,0,0,0,192.958
128,0,1,16,210.344
128,0,1,32,215.548
128,0,1,64,218.633
128,0,1,128,233.396
128,0,1,256,294.259
128,0,1,512,441.127
128,0,1,1024,733.744
128,0,1,2048,1331.89
128,0,1,4096,2483.45
128,0,1,8192,4873.75
128,0,2,16,219.335
128,0,2,32,201.033
128,0,2,64,214.249
128,0,2,128,229.972
128,0,2,256,304.681
128,0,2,512,545.426
128,0,2,1024,851.44
128,0,2,2048,1560.14
128,0,2,4096,2999.79
128,0,2,8192,4885.83
128,0,4,16,212.553
128,0,4,32,346.301
128,0,4,64,232.831
128,0,4,128,252.617
128,0,4,256,345.128
128,0,4,512,591.163
128,0,4,1024,977.455
128,0,4,2048,2077.3
128,0,4,4096,4040.12
128,0,4,8192,7956.89
128,0,8,16,216.179
128,0,8,32,239.55
128,0,8,64,250.249
128,0,8,128,287.281
128,0,8,256,397.906
128,0,8,512,627.17
128,0,8,1024,1130.26
128,0,8,2048,2129.39
128,0,8,4096,4088.01
128,0,8,8192,8016.01
128,0,16,16,236.298
128,0,16,32,260.007
128,0,16,64,274.067
128,0,16,128,345.683
128,0,16,256,525.163
128,0,16,512,776.987
128,0,16,1024,1289.02
128,0,16,2048,2247.44
128,0,16,4096,4215.82
128,0,16,8192,8155.75
128,0,32,16,261.929
128,0,32,32,299.699
128,0,32,64,349.106
128,0,32,128,477.194
128,0,32,256,710.139
128,0,32,512,1204.27
128,0,32,1024,2182.23
128,0,32,2048,4150.78
128,0,32,4096,8093.6
128,0,32,8192,16011.4
128,0,64,16,309.448
128,0,64,32,394.919
128,0,64,64,497.49
128,0,64,128,747.941
128,0,64,256,1167.58
128,0,64,512,2130.58
128,0,64,1024,4097.57
128,0,64,2048,8025.27
128,0,64,4096,15881.4
128,0,64,8192,31596.1
128,0,128,16,405.138
128,0,128,32,591.622
128,0,128,64,790.256
128,0,128,128,1216.45
128,0,128,256,2046.36
128,0,128,512,3774.11
128,0,128,1024,7197.97
128,0,128,2048,14077.8
128,0,128,4096,27820.3
128,0,128,8192,55309.4
128,16,0,0,244.542
128,16,1,16,251.102
128,16,1,32,258.302
128,16,1,64,251.614
128,16,1,128,259.465
128,16,1,256,290.238
128,16,1,512,470.781
128,16,1,1024,744.187
128,16,1,2048,1341.56
128,16,1,4096,3007.99
128,16,1,8192,4915.34
128,16,2,16,248.478
128,16,2,32,249.545
128,16,2,64,251.977
128,16,2,128,260.35
128,16,2,256,337.288
128,16,2,512,564.411
128,16,2,1024,889.305
128,16,2,2048,1606.63
128,16,2,4096,3037.92
128,16,2,8192,5943.42
128,16,4,16,250.612
128,16,4,32,456.659
128,16,4,64,271.006
128,16,4,128,295.368
128,16,4,256,386.717
128,16,4,512,598.588
128,16,4,1024,1087.86
128,16,4,2048,2311.9
128,16,4,4096,4037.2
128,16,4,8192,8014.52
128,16,8,16,263.39
128,16,8,32,256.649
128,16,8,64,281.172
128,16,8,128,313.406
128,16,8,256,406.663
128,16,8,512,661.478
128,16,8,1024,1171.24
128,16,8,2048,2154.74
128,16,8,4096,4127.63
128,16,8,8192,8113.21
128,16,16,16,271.572
128,16,16,32,295.977
128,16,16,64,318.493
128,16,16,128,369.811
128,16,16,256,567.623
128,16,16,512,821.019
128,16,16,1024,1340.74
128,16,16,2048,2313.35
128,16,16,4096,4262.08
128,16,16,8192,8234.63
128,16,32,16,306.782
128,16,32,32,346.63
128,16,32,64,384.413
128,16,32,128,494.106
128,16,32,256,748.848
128,16,32,512,1228.26
128,16,32,1024,2221.5
128,16,32,2048,4186.62
128,16,32,4096,8134.83
128,16,32,8192,16019.8
128,16,64,16,357.459
128,16,64,32,435.847
128,16,64,64,523.228
128,16,64,128,742.37
128,16,64,256,1182.47
128,16,64,512,2145.71
128,16,64,1024,4107.66
128,16,64,2048,8039.43
128,16,64,4096,15900.2
128,16,64,8192,31602.5
128,16,128,16,442.471
128,16,128,32,630.577
128,16,128,64,813.829
128,16,128,128,1237.39
128,16,128,256,2065.86
128,16,128,512,3791.92
128,16,128,1024,7225.28
128,16,128,2048,14094.6
128,16,128,4096,27828.3
128,16,128,8192,55332.9
128,32,0,0,279.401
128,32,1,16,281.662
128,32,1,32,282.857
128,32,1,64,278.494
128,32,1,128,288.651
128,32,1,256,322.067
128,32,1,512,473.107
128,32,1,1024,779.717
128,32,1,2048,1378.83
128,32,1,4096,3046.47
128,32,1,8192,4897.65
128,32,2,16,281.865
128,32,2,32,284.211
128,32,2,64,285.246
128,32,2,128,295.091
128,32,2,256,379.023
128,32,2,512,531.41
128,32,2,1024,904.601
128,32,2,2048,1379.78
128,32,2,4096,3074.34
128,32,2,8192,6978.1
128,32,4,16,271.166
128,32,4,32,295.305
128,32,4,64,288.371
128,32,4,128,307.998
128,32,4,256,395.41
128,32,4,512,656.635
128,32,4,1024,1130.19
128,32,4,2048,1864.86
128,32,4,4096,3612.99
128,32,4,8192,7045.91
128,32,8,16,292.488
128,32,8,32,297.136
128,32,8,64,296.529
128,32,8,128,332.083
128,32,8,256,440.413
128,32,8,512,702.022
128,32,8,1024,1169.9
128,32,8,2048,2159.96
128,32,8,4096,4133.84
128,32,8,8192,8064.52
128,32,16,16,300.734
128,32,16,32,325.257
128,32,16,64,340.552
128,32,16,128,399.293
128,32,16,256,559.719
128,32,16,512,916.612
128,32,16,1024,1338.52
128,32,16,2048,2349.25
128,32,16,4096,4323.85
128,32,16,8192,8230.17
128,32,32,16,326.889
128,32,32,32,382.803
128,32,32,64,421.608
128,32,32,128,507.463
128,32,32,256,787.163
128,32,32,512,1265.41
128,32,32,1024,2254.59
128,32,32,2048,4228.14
128,32,32,4096,8136.25
128,32,32,8192,16066.7
128,32,64,16,372.221
128,32,64,32,454.973
128,32,64,64,557.322
128,32,64,128,774.782
128,32,64,256,1204.04
128,32,64,512,2145.63
128,32,64,1024,4105.31
128,32,64,2048,8032.25
128,32,64,4096,15900.2
128,32,64,8192,31620.5
128,32,128,16,468.381
128,32,128,32,657.553
128,32,128,64,838.594
128,32,128,128,1254.09
128,32,128,256,2089.34
128,32,128,512,3809.05
128,32,128,1024,7234.23
128,32,128,2048,14107.1
128,32,128,4096,27846.1
128,32,128,8192,55357.1
128,64,0,0,328.992
128,64,1,16,339.795
128,64,1,32,338.173
128,64,1,64,337.512
128,64,1,128,348.062
128,64,1,256,393.97
128,64,1,512,597.003
128,64,1,1024,810.48
128,64,1,2048,1387.19
128,64,1,4096,2572.93
128,64,1,8192,4900.42
128,64,2,16,343.709
128,64,2,32,337.481
128,64,2,64,338.578
128,64,2,128,349.523
128,64,2,256,396.893
128,64,2,512,594.647
128,64,2,1024,1046.57
128,64,2,2048,1655.28
128,64,2,4096,2598.43
128,64,2,8192,7052.97
128,64,4,16,362.352
128,64,4,32,353.779
128,64,4,64,353.789
128,64,4,128,371.698
128,64,4,256,433.8
128,64,4,512,644.967
128,64,4,1024,1141.14
128,64,4,2048,2101.3
128,64,4,4096,4096.46
128,64,4,8192,8028.38
128,64,8,16,360.894
128,64,8,32,364.989
128,64,8,64,375.169
128,64,8,128,386.738
128,64,8,256,527.117
128,64,8,512,768.997
128,64,8,1024,1220.78
128,64,8,2048,2258.9
128,64,8,4096,4212.46
128,64,8,8192,8168.41
128,64,16,16,377.76
128,64,16,32,383.379
128,64,16,64,409.778
128,64,16,128,474.471
128,64,16,256,610.545
128,64,16,512,973.347
128,64,16,1024,1457.74
128,64,16,2048,2411.77
128,64,16,4096,4383.47
128,64,16,8192,8320.26
128,64,32,16,382.408
128,64,32,32,425.586
128,64,32,64,485.746
128,64,32,128,586.022
128,64,32,256,850.373
128,64,32,512,1346.54
128,64,32,1024,2323.83
128,64,32,2048,4292.57
128,64,32,4096,8196.34
128,64,32,8192,16102.4
128,64,64,16,457.138
128,64,64,32,524.085
128,64,64,64,623.953
128,64,64,128,813.189
128,64,64,256,1253.02
128,64,64,512,2163.48
128,64,64,1024,4122.8
128,64,64,2048,8058.55
128,64,64,4096,15915.9
128,64,64,8192,31650.2
128,64,128,16,549.5
128,64,128,32,722.778
128,64,128,64,947.438
128,64,128,128,1283.4
128,64,128,256,2135.55
128,64,128,512,3836.61
128,64,128,1024,7257.24
128,64,128,2048,14146.2
128,64,128,4096,27878.2
128,64,128,8192,55373.8
128,128,0,0,457.522
128,128,1,16,462.994
128,128,1,32,462.002
128,128,1,64,469.404
128,128,1,128,465.811
128,128,1,256,470.023
128,128,1,512,627.729
128,128,1,1024,910.543
128,128,1,2048,1719.43
128,128,1,4096,2688.67
128,128,1,8192,5983.68
128,128,2,16,477.948
128,128,2,32,472.829
128,128,2,64,478.151
128,128,2,128,474.013
128,128,2,256,484.658
128,128,2,512,651.617
128,128,2,1024,1020.16
128,128,2,2048,1716.32
128,128,2,4096,3173.12
128,128,2,8192,5044.15
128,128,4,16,478.269
128,128,4,32,482.161
128,128,4,64,477.682
128,128,4,128,477.868
128,128,4,256,543.147
128,128,4,512,686.993
128,128,4,1024,1137.51
128,128,4,2048,2260.07
128,128,4,4096,4181.39
128,128,4,8192,8058.78
128,128,8,16,484.658
128,128,8,32,489.02
128,128,8,64,492.21
128,128,8,128,507.894
128,128,8,256,579.185
128,128,8,512,863.28
128,128,8,1024,1402.45
128,128,8,2048,2382.37
128,128,8,4096,4320.41
128,128,8,8192,8267.47
128,128,16,16,496.818
128,128,16,32,520.678
128,128,16,64,536.391
128,128,16,128,589.863
128,128,16,256,728.058
128,128,16,512,1074.8
128,128,16,1024,1598.53
128,128,16,2048,2605.76
128,128,16,4096,4551.03
128,128,16,8192,8460.87
128,128,32,16,501.532
128,128,32,32,565.361
128,128,32,64,622.908
128,128,32,128,700.774
128,128,32,256,935.183
128,128,32,512,1463.02
128,128,32,1024,2422.32
128,128,32,2048,4409.39
128,128,32,4096,8323.11
128,128,32,8192,16219.4
128,128,64,16,573.191
128,128,64,32,656.678
128,128,64,64,730.277
128,128,64,128,922.02
128,128,64,256,1367.9
128,128,64,512,2272.25
128,128,64,1024,4042.94
128,128,64,2048,8022.32
128,128,64,4096,15495.2
128,128,64,8192,31660.6
128,128,128,16,683.131
128,128,128,32,828.101
128,128,128,64,1049.49
128,128,128,128,1404.52
128,128,128,256,2217.07
128,128,128,512,3896.95
128,128,128,1024,7317.91
128,128,128,2048,14202.7
128,128,128,4096,27955.4
128,128,128,8192,55436.2
128,256,0,0,710.437
128,256,1,16,698.438
128,256,1,32,709.777
128,256,1,64,712.645
128,256,1,128,710.288
128,256,1,256,716.241
128,256,1,512,783.258
128,256,1,1024,1086.46
128,256,1,2048,1649.89
128,256,1,4096,2871.48
128,256,1,8192,5185.05
128,256,2,16,708.091
128,256,2,32,713.979
128,256,2,64,719.098
128,256,2,128,713.744
128,256,2,256,714.384
128,256,2,512,789.061
128,256,2,1024,1159.71
128,256,2,2048,1667.75
128,256,2,4096,2821.92
128,256,2,8192,6186.3
128,256,4,16,730.608
128,256,4,32,717.552
128,256,4,64,734.875
128,256,4,128,738.544
128,256,4,256,713.498
128,256,4,512,860.037
128,256,4,1024,1231.24
128,256,4,2048,2304.63
128,256,4,4096,4319.59
128,256,4,8192,8208.76
128,256,8,16,732.752
128,256,8,32,735.184
128,256,8,64,749.189
128,256,8,128,755.892
128,256,8,256,758.224
128,256,8,512,1033.09
128,256,8,1024,1649.57
128,256,8,2048,2636.03
128,256,8,4096,4609.2
128,256,8,8192,8495.13
128,256,16,16,723.557
128,256,16,32,761.61
128,256,16,64,779.014
128,256,16,128,846.426
128,256,16,256,963.492
128,256,16,512,1202.95
128,256,16,1024,2022.29
128,256,16,2048,2953.15
128,256,16,4096,4880.01
128,256,16,8192,8872.57
128,256,32,16,744.805
128,256,32,32,785.957
128,256,32,64,829.007
128,256,32,128,991.929
128,256,32,256,1149.74
128,256,32,512,1624.93
128,256,32,1024,2692.87
128,256,32,2048,4660.04
128,256,32,4096,8577.98
128,256,32,8192,16434
128,256,64,16,809.989
128,256,64,32,923.343
128,256,64,64,1028.56
128,256,64,128,1264.2
128,256,64,256,1539.2
128,256,64,512,2450.28
128,256,64,1024,4123.7
128,256,64,2048,7893.93
128,256,64,4096,15535.8
128,256,64,8192,31655.2
128,256,128,16,940.932
128,256,128,32,1126.91
128,256,128,64,1296.15
128,256,128,128,1662.39
128,256,128,256,2390.53
128,256,128,512,4057.49
128,256,128,1024,7446.85
128,256,128,2048,14321.8
128,256,128,4096,28075.7
128,256,128,8192,55566.3
128,512,0,0,1188.81
128,512,1,16,1196.32
128,512,1,32,1200.28
128,512,1,64,1201.54
128,512,1,128,1198.5
128,512,1,256,1202.79
128,512,1,512,1206.84
128,512,1,1024,1421.3
128,512,1,2048,2044.88
128,512,1,4096,3162.17
128,512,1,8192,7314.38
128,512,2,16,1203.85
128,512,2,32,1219.35
128,512,2,64,1207.53
128,512,2,128,1213.41
128,512,2,256,1206.25
128,512,2,512,1211.45
128,512,2,1024,1423.29
128,512,2,2048,2007.56
128,512,2,4096,3188.8
128,512,2,8192,6546.71
128,512,4,16,1222.66
128,512,4,32,1224.05
128,512,4,64,1215.67
128,512,4,128,1221.89
128,512,4,256,1225.88
128,512,4,512,1223.34
128,512,4,1024,1615.68
128,512,4,2048,2582.23
128,512,4,4096,4025.04
128,512,4,8192,8404.99
128,512,8,16,1217.55
128,512,8,32,1233.6
128,512,8,64,1225
128,512,8,128,1253.19
128,512,8,256,1243.52
128,512,8,512,1254.68
128,512,8,1024,2016.48
128,512,8,2048,3039.83
128,512,8,4096,5091.58
128,512,8,8192,9003.37
128,512,16,16,1227.28
128,512,16,32,1241.71
128,512,16,64,1249.71
128,512,16,128,1318.62
128,512,16,256,1418.29
128,512,16,512,1706.92
128,512,16,1024,2174.16
128,512,16,2048,3755.42
128,512,16,4096,5720.46
128,512,16,8192,9582.75
128,512,32,16,1248.66
128,512,32,32,1297.43
128,512,32,64,1346.86
128,512,32,128,1369.04
128,512,32,256,1720.93
128,512,32,512,2137.23
128,512,32,1024,3096.03
128,512,32,2048,5138.34
128,512,32,4096,9034.9
128,512,32,8192,16913.1
128,512,64,16,1316.07
128,512,64,32,1377.71
128,512,64,64,1515.5
128,512,64,128,1735.49
128,512,64,256,2047.78
128,512,64,512,2771.14
128,512,64,1024,4653.18
128,512,64,2048,8017.58
128,512,64,4096,15630.8
128,512,64,8192,30927.6
128,512,128,16,1435.35
128,512,128,32,1654.06
128,512,128,64,1860.03
128,512,128,128,2210.73
128,512,128,256,2878.73
128,512,128,512,4361.73
128,512,128,1024,7726.96
128,512,128,2048,14559.8
128,512,128,4096,28314.5
128,512,128,8192,55804.6
128,1024,0,0,2180.69
128,1024,1,16,2181.46
128,1024,1,32,2189.05
128,1024,1,64,2192.67
128,1024,1,128,2180.31
128,1024,1,256,2183.94
128,1024,1,512,2176.41
128,1024,1,1024,2181.26
128,1024,1,2048,2673.16
128,1024,1,4096,4082.49
128,1024,1,8192,6107.44
128,1024,2,16,2191.15
128,1024,2,32,2194.45
128,1024,2,64,2184.54
128,1024,2,128,2196.16
128,1024,2,256,2192.4
128,1024,2,512,2193.99
128,1024,2,1024,2194.02
128,1024,2,2048,2713.97
128,1024,2,4096,3875.18
128,1024,2,8192,7768.82
128,1024,4,16,2202.94
128,1024,4,32,2199.41
128,1024,4,64,2196.37
128,1024,4,128,2204.37
128,1024,4,256,2211.13
128,1024,4,512,2193.69
128,1024,4,1024,2200.3
128,1024,4,2048,3101.75
128,1024,4,4096,4906.66
128,1024,4,8192,8824.34
128,1024,8,16,2196.48
128,1024,8,32,2211.21
128,1024,8,64,2215.72
128,1024,8,128,2221.71
128,1024,8,256,2233.47
128,1024,8,512,2229.65
128,1024,8,1024,2236.69
128,1024,8,2048,3928.37
128,1024,8,4096,6074.63
128,1024,8,8192,9875.93
128,1024,16,16,2206.24
128,1024,16,32,2228.84
128,1024,16,64,2243.78
128,1024,16,128,2319.67
128,1024,16,256,2437.58
128,1024,16,512,2708.31
128,1024,16,1024,3185.47
128,1024,16,2048,4141.56
128,1024,16,4096,6853.2
128,1024,16,8192,11112.2
128,1024,32,16,2220.53
128,1024,32,32,2281.5
128,1024,32,64,2300.39
128,1024,32,128,2367.74
128,1024,32,256,2464.77
128,1024,32,512,3196.03
128,1024,32,1024,4094.89
128,1024,32,2048,6070.67
128,1024,32,4096,10054.6
128,1024,32,8192,17898.8
128,1024,64,16,2390.45
128,1024,64,32,2387.91
128,1024,64,64,2476.47
128,1024,64,128,2682.28
128,1024,64,256,3108.43
128,1024,64,512,3777.83
128,1024,64,1024,5221.61
128,1024,64,2048,9081.54
128,1024,64,4096,15737.5
128,1024,64,8192,31122.7
128,1024,128,16,2419.24
128,1024,128,32,2585.47
128,1024,128,64,2798.77
128,1024,128,128,3270.63
128,1024,128,256,3977.88
128,1024,128,512,5345.04
128,1024,128,1024,8338.88
128,1024,128,2048,15107.4
128,1024,128,4096,28808.6
128,1024,128,8192,56296.6
128,2048,0,0,4142.79
128,2048,1,16,4147.04
128,2048,1,32,4140.78
128,2048,1,64,4144.98
128,2048,1,128,4150.33
128,2048,1,256,4148.54
128,2048,1,512,4140.96
128,2048,1,1024,4148.66
128,2048,1,2048,4155.78
128,2048,1,4096,5238.83
128,2048,1,8192,7560.28
128,2048,2,16,4148.66
128,2048,2,32,4150.22
128,2048,2,64,4144.9
128,2048,2,128,4154.25
128,2048,2,256,4156.35
128,2048,2,512,4156.76
128,2048,2,1024,4149.98
128,2048,2,2048,4150.86
128,2048,2,4096,5288.06
128,2048,2,8192,8468.29
128,2048,4,16,4158.64
128,2048,4,32,4162.27
128,2048,4,64,4162.41
128,2048,4,128,4159.66
128,2048,4,256,4164.35
128,2048,4,512,4170.82
128,2048,4,1024,4160.31
128,2048,4,2048,4166.03
128,2048,4,4096,5786.81
128,2048,4,8192,9973.09
128,2048,8,16,4172.17
128,2048,8,32,4170.95
128,2048,8,64,4181.32
128,2048,8,128,4190.72
128,2048,8,256,4184.51
128,2048,8,512,4181.22
128,2048,8,1024,4183.3
128,2048,8,2048,4195.09
128,2048,8,4096,7750.32
128,2048,8,8192,11704.8
128,2048,16,16,4171.22
128,2048,16,32,4195.32
128,2048,16,64,4209.19
128,2048,16,128,4280.01
128,2048,16,256,4377.29
128,2048,16,512,4652.24
128,2048,16,1024,5134.94
128,2048,16,2048,6123.16
128,2048,16,4096,8084.75
128,2048,16,8192,13483.2
128,2048,32,16,4198.92
128,2048,32,32,4237.84
128,2048,32,64,4297.05
128,2048,32,128,4317.81
128,2048,32,256,4443.23
128,2048,32,512,4683.07
128,2048,32,1024,6109.37
128,2048,32,2048,8023.63
128,2048,32,4096,11964.4
128,2048,32,8192,19868.5
128,2048,64,16,4243.8
128,2048,64,32,4319.95
128,2048,64,64,4461.97
128,2048,64,128,4606.34
128,2048,64,256,5003.88
128,2048,64,512,5715.43
128,2048,64,1024,7187.12
128,2048,64,2048,10141.3
128,2048,64,4096,17905.3
128,2048,64,8192,31362.5
128,2048,128,16,4375.03
128,2048,128,32,4548
128,2048,128,64,4758.54
128,2048,128,128,5167.43
128,2048,128,256,5874.16
128,2048,128,512,7389.18
128,2048,128,1024,10254.6
128,2048,128,2048,16189.7
128,2048,128,4096,29844.8
128,2048,128,8192,57285.4
128,4096,0,0,8066.32
128,4096,1,16,8086.25
128,4096,1,32,8075.17
128,4096,1,64,8088.63
128,4096,1,128,8077.04
128,4096,1,256,8080.12
128,4096,1,512,8070.91
128,4096,1,1024,8089.59
128,4096,1,2048,8080.62
128,4096,1,4096,8078.85
128,4096,1,8192,10374.8
128,4096,2,16,8084.77
128,4096,2,32,8212.45
128,4096,2,64,8095.51
128,4096,2,128,8079.05
128,4096,2,256,8089.73
128,4096,2,512,8097.27
128,4096,2,1024,8076.72
128,4096,2,2048,8086.03
128,4096,2,4096,8081.34
128,4096,2,8192,10911.4
128,4096,4,16,8079.6
128,4096,4,32,8090.72
128,4096,4,64,8091.72
128,4096,4,128,8082.6
128,4096,4,256,8095.95
128,4096,4,512,8097.85
128,4096,4,1024,8096.76
128,4096,4,2048,8090.48
128,4096,4,4096,8083.9
128,4096,4,8192,11954.1
128,4096,8,16,8098.83
128,4096,8,32,8096.89
128,4096,8,64,8104
128,4096,8,128,8121.36
128,4096,8,256,8128.49
128,4096,8,512,8117.34
128,4096,8,1024,8114.92
128,4096,8,2048,8109.36
128,4096,8,4096,8127.73
128,4096,8,8192,15337.2
128,4096,16,16,8100.88
128,4096,16,32,8114.86
128,4096,16,64,8152.6
128,4096,16,128,8191.56
128,4096,16,256,8319.12
128,4096,16,512,8578.07
128,4096,16,1024,9071.5
128,4096,16,2048,10043.9
128,4096,16,4096,12002.6
128,4096,16,8192,15910.4
128,4096,32,16,8122.92
128,4096,32,32,8163.27
128,4096,32,64,8188.13
128,4096,32,128,8276.86
128,4096,32,256,8346.09
128,4096,32,512,8626.92
128,4096,32,1024,9109.2
128,4096,32,2048,12030.6
128,4096,32,4096,15879.8
128,4096,32,8192,23764.7
128,4096,64,16,8173.76
128,4096,64,32,8261.69
128,4096,64,64,8379.92
128,4096,64,128,8565.39
128,4096,64,256,8916.47
128,4096,64,512,9677.38
128,4096,64,1024,11134.4
128,4096,64,2048,14092.9
128,4096,64,4096,19968.9
128,4096,64,8192,35609.3
128,4096,128,16,8301.73
128,4096,128,32,8506.51
128,4096,128,64,8664.05
128,4096,128,128,9089.89
128,4096,128,256,9599.46
128,4096,128,512,11712.4
128,4096,128,1024,14264
128,4096,128,2048,20071.8
128,4096,128,4096,32062.6
128,4096,128,8192,59321.3
128,8192,0,0,15921.8
128,8192,1,16,15943.9
128,8192,1,32,15946.7
128,8192,1,64,15921.8
128,8192,1,128,15916.6
128,8192,1,256,15931.5
128,8192,1,512,15926.9
128,8192,1,1024,15938.3
128,8192,1,2048,15930
128,8192,1,4096,15931.1
128,8192,1,8192,15922.6
128,8192,2,16,15951.3
128,8192,2,32,15935.6
128,8192,2,64,15937
128,8192,2,128,15942.5
128,8192,2,256,15929.7
128,8192,2,512,15936.8
128,8192,2,1024,15936.7
128,8192,2,2048,15938.3
128,8192,2,4096,15944.7
128,8192,2,8192,15931.8
128,8192,4,16,15936.7
128,8192,4,32,15967.1
128,8192,4,64,15954.8
128,8192,4,128,15973.2
128,8192,4,256,15961.4
128,8192,4,512,15963.1
128,8192,4,1024,15945.1
128,8192,4,2048,15957.5
128,8192,4,4096,15947
128,8192,4,8192,15963.8
128,8192,8,16,15941.6
128,8192,8,32,15961.1
128,8192,8,64,15977.1
128,8192,8,128,15951.3
128,8192,8,256,15973.1
128,8192,8,512,15966.7
128,8192,8,1024,15960.9
128,8192,8,2048,15972.4
128,8192,8,4096,15971.6
128,8192,8,8192,15987
128,8192,16,16,15950.9
128,8192,16,32,15976.5
128,8192,16,64,15979.4
128,8192,16,128,16045
128,8192,16,256,16120.6
128,8192,16,512,16409.8
128,8192,16,1024,16859.3
128,8192,16,2048,17896.3
128,8192,16,4096,19830.7
128,8192,16,8192,23780
128,8192,32,16,15976.2
128,8192,32,32,16012.6
128,8192,32,64,16092.9
128,8192,32,128,16121.6
128,8192,32,256,16221.8
128,8192,32,512,16482
128,8192,32,1024,16978.4
128,8192,32,2048,17986.9
128,8192,32,4096,23804.9
128,8192,32,8192,31589.3
128,8192,64,16,16035.9
128,8192,64,32,16123
128,8192,64,64,16222.3
128,8192,64,128,16420
128,8192,64,256,16787.3
128,8192,64,512,17537.5
128,8192,64,1024,18837.4
128,8192,64,2048,22021.8
128,8192,64,4096,27823.4
128,8192,64,8192,39643.3
128,8192,128,16,16145.3
128,8192,128,32,16327.3
128,8192,128,64,16536.3
128,8192,128,128,16936.1
128,8192,128,256,17522.5
128,8192,128,512,19182.8
128,8192,128,1024,22981
128,8192,128,2048,28200.4
128,8192,128,4096,39717.9
128,8192,128,8192,63823.6
256,0,0,0,609.639
256,0,1,16,587.334
256,0,1,32,612.177
256,0,1,64,597.713
256,0,1,128,608.924
256,0,1,256,607.249
256,0,1,512,759.718
256,0,1,1024,1033.4
256,0,1,2048,1593.5
256,0,1,4096,3692.64
256,0,1,8192,6066.11
256,0,2,16,583.772
256,0,2,32,596.508
256,0,2,64,614.257
256,0,2,128,616.977
256,0,2,256,640.219
256,0,2,512,809.285
256,0,2,1024,1221.42
256,0,2,2048,2253.98
256,0,2,4096,3307.53
256,0,2,8192,7218.39
256,0,4,16,593.564
256,0,4,32,623.867
256,0,4,64,719.739
256,0,4,128,644.433
256,0,4,256,680.871
256,0,4,512,863.301
256,0,4,1024,1319.7
256,0,4,2048,2318.68
256,0,4,4096,4226.24
256,0,4,8192,8136.56
256,0,8,16,604.839
256,0,8,32,625.232
256,0,8,64,640.198
256,0,8,128,670.63
256,0,8,256,745.606
256,0,8,512,1043.25
256,0,8,1024,1466.2
256,0,8,2048,2507.09
256,0,8,4096,4429.15
256,0,8,8192,8355.17
256,0,16,16,642.203
256,0,16,32,657.03
256,0,16,64,684.38
256,0,16,128,725.189
256,0,16,256,845.146
256,0,16,512,1218.34
256,0,16,1024,1883.28
256,0,16,2048,2869.12
256,0,16,4096,4842.41
256,0,16,8192,8770.24
256,0,32,16,663.789
256,0,32,32,700.923
256,0,32,64,747.536
256,0,32,128,819.397
256,0,32,256,1060.38
256,0,32,512,1713.45
256,0,32,1024,2553.12
256,0,32,2048,4530.04
256,0,32,4096,8446.84
256,0,32,8192,16315.3
256,0,64,16,699.377
256,0,64,32,799.237
256,0,64,64,884.069
256,0,64,128,1059.71
256,0,64,256,1510.31
256,0,64,512,2367.66
256,0,64,1024,4209.96
256,0,64,2048,8139.78
256,0,64,4096,16007.2
256,0,64,8192,31726.3
256,0,128,16,817.413
256,0,128,32,968.292
256,0,128,64,1166.96
256,0,128,128,1554.28
256,0,128,256,2343.26
256,0,128,512,4013.74
256,0,128,1024,7421.45
256,0,128,2048,14296
256,0,128,4096,28059.3
256,0,128,8192,55548
256,16,0,0,658.364
256,16,1,16,672.08
256,16,1,32,660.848
256,16,1,64,680.699
256,16,1,128,676.582
256,16,1,256,661.531
256,16,1,512,817.936
256,16,1,1024,1089.25
256,16,1,2048,1867.03
256,16,1,4096,3707.59
256,16,1,8192,6193.34
256,16,2,16,657.884
256,16,2,32,693.094
256,16,2,64,662.331
256,16,2,128,661.584
256,16,2,256,690.033
256,16,2,512,805.008
256,16,2,1024,1173.23
256,16,2,2048,1699.86
256,16,2,4096,3308.03
256,16,2,8192,6226.96
256,16,4,16,676.891
256,16,4,32,676.859
256,16,4,64,669.371
256,16,4,128,709.872
256,16,4,256,737.872
256,16,4,512,951.076
256,16,4,1024,1414.62
256,16,4,2048,2420.19
256,16,4,4096,4349.55
256,16,4,8192,8175.81
256,16,8,16,674.759
256,16,8,32,675.931
256,16,8,64,691.035
256,16,8,128,722.587
256,16,8,256,779.504
256,16,8,512,1060.68
256,16,8,1024,1525.99
256,16,8,2048,2495.48
256,16,8,4096,4539.55
256,16,8,8192,8422.7
256,16,16,16,686.524
256,16,16,32,706.747
256,16,16,64,752.976
256,16,16,128,757.658
256,16,16,256,893.497
256,16,16,512,1258.03
256,16,16,1024,2154.69
256,16,16,2048,2835.75
256,16,16,4096,4910.47
256,16,16,8192,8861.65
256,16,32,16,721.296
256,16,32,32,747.13
256,16,32,64,836.24
256,16,32,128,912.239
256,16,32,256,1109.6
256,16,32,512,1645.34
256,16,32,1024,2615.64
256,16,32,2048,4582.58
256,16,32,4096,8497.83
256,16,32,8192,16356.4
256,16,64,16,778.128
256,16,64,32,861.636
256,16,64,64,962.467
256,16,64,128,1128.09
256,16,64,256,1562.67
256,16,64,512,2428.8
256,16,64,1024,4241.73
256,16,64,2048,8160.98
256,16,64,4096,16038
256,16,64,8192,31841.1
256,16,128,16,869.54
256,16,128,32,1032.22
256,16,128,64,1235.29
256,16,128,128,1610.16
256,16,128,256,2398.61
256,16,128,512,4062.74
256,16,128,1024,7446.76
256,16,128,2048,14321.8
256,16,128,4096,28072.2
256,16,128,8192,55591.6
256,32,0,0,721.018
256,32,1,16,742.629
256,32,1,32,719.003
256,32,1,64,741.04
256,32,1,128,719.291
256,32,1,256,733.829
256,32,1,512,813.01
256,32,1,1024,1156.83
256,32,1,2048,1684.73
256,32,1,4096,3400.36
256,32,1,8192,6229.92
256,32,2,16,722.779
256,32,2,32,722.235
256,32,2,64,738.107
256,32,2,128,732.069
256,32,2,256,753.082
256,32,2,512,873.636
256,32,2,1024,1249.89
256,32,2,2048,1983.58
256,32,2,4096,3818
256,32,2,8192,7166.84
256,32,4,16,726.214
256,32,4,32,743.547
256,32,4,64,731.238
256,32,4,128,756.325
256,32,4,256,777.083
256,32,4,512,963.631
256,32,4,1024,1499.97
256,32,4,2048,2406.58
256,32,4,4096,4429.89
256,32,4,8192,8205.6
256,32,8,16,747.066
256,32,8,32,738.042
256,32,8,64,754.032
256,32,8,128,771.056
256,32,8,256,819.418
256,32,8,512,1104.43
256,32,8,1024,1564.74
256,32,8,2048,2591.13
256,32,8,4096,4624.54
256,32,8,8192,8497.9
256,32,16,16,749.739
256,32,16,32,768.038
256,32,16,64,797.412
256,32,16,128,847.183
256,32,16,256,942.201
256,32,16,512,1318.18
256,32,16,1024,1916.31
256,32,16,2048,3011.96
256,32,16,4096,4934.62
256,32,16,8192,8874.61
256,32,32,16,772.944
256,32,32,32,827.12
256,32,32,64,869.113
256,32,32,128,961.966
256,32,32,256,1160.52
256,32,32,512,1690.96
256,32,32,1024,2664.45
256,32,32,2048,4626.32
256,32,32,4096,8577.25
256,32,32,8192,16451.1
256,32,64,16,830.635
256,32,64,32,917.338
256,32,64,64,1014.4
256,32,64,128,1192.57
256,32,64,256,1612.54
256,32,64,512,2471.98
256,32,64,1024,4279.56
256,32,64,2048,8182.73
256,32,64,4096,16043.5
256,32,64,8192,31769.9
256,32,128,16,924.143
256,32,128,32,1112.83
256,32,128,64,1292.48
256,32,128,128,1662.67
256,32,128,256,2459.77
256,32,128,512,4112.54
256,32,128,1024,7477.65
256,32,128,2048,14423.9
256,32,128,4096,28109.8
256,32,128,8192,55618.1
256,64,0,0,841.882
256,64,1,16,845.935
256,64,1,32,821.103
256,64,1,64,835.237
256,64,1,128,832.261
256,64,1,256,827.931
256,64,1,512,883.002
256,64,1,1024,1168.89
256,64,1,2048,2229.35
256,64,1,4096,3871.58
256,64,1,8192,5267.45
256,64,2,16,844.453
256,64,2,32,835.418
256,64,2,64,832.453
256,64,2,128,846.405
256,64,2,256,855.833
256,64,2,512,979.321
256,64,2,1024,1387.31
256,64,2,2048,2154.27
256,64,2,4096,3490.91
256,64,2,8192,8229.38
256,64,4,16,846.692
256,64,4,32,834.97
256,64,4,64,857.679
256,64,4,128,865.638
256,64,4,256,897.434
256,64,4,512,1062.08
256,64,4,1024,1460.69
256,64,4,2048,2599.17
256,64,4,4096,4482.34
256,64,4,8192,8318.08
256,64,8,16,849.563
256,64,8,32,853.38
256,64,8,64,849.722
256,64,8,128,904.836
256,64,8,256,933.931
256,64,8,512,1210.76
256,64,8,1024,1703.92
256,64,8,2048,2591.22
256,64,8,4096,4646.15
256,64,8,8192,8570.81
256,64,16,16,884.367
256,64,16,32,886.853
256,64,16,64,918.916
256,64,16,128,946.384
256,64,16,256,1045.94
256,64,16,512,1398.07
256,64,16,1024,2092.49
256,64,16,2048,3178.2
256,64,16,4096,5183.43
256,64,16,8192,9136.46
256,64,32,16,899.216
256,64,32,32,918.841
256,64,32,64,962.884
256,64,32,128,1076.59
256,64,32,256,1253.1
256,64,32,512,1798.81
256,64,32,1024,2771.34
256,64,32,2048,4756.77
256,64,32,4096,8697.98
256,64,32,8192,16510.2
256,64,64,16,928.815
256,64,64,32,1003.13
256,64,64,64,1131.43
256,64,64,128,1320.5
256,64,64,256,1705.64
256,64,64,512,2615.34
256,64,64,1024,4346.78
256,64,64,2048,8234.9
256,64,64,4096,16106.7
256,64,64,8192,31842.8
256,64,128,16,1004.27
256,64,128,32,1224.7
256,64,128,64,1398.53
256,64,128,128,1765.19
256,64,128,256,2560.89
256,64,128,512,4202.41
256,64,128,1024,7559.24
256,64,128,2048,14433.3
256,64,128,4096,28165.3
256,64,128,8192,55694.5
256,128,0,0,1069.2
256,128,1,16,1068.92
256,128,1,32,1067.21
256,128,1,64,1085.42
256,128,1,128,1080.95
256,128,1,256,1071.03
256,128,1,512,1139.15
256,128,1,1024,1348.42
256,128,1,2048,1940.16
256,128,1,4096,4188.29
256,128,1,8192,7257.26
256,128,2,16,1070.84
256,128,2,32,1082.97
256,128,2,64,1065.62
256,128,2,128,1081.46
256,128,2,256,1083.48
256,128,2,512,1143.53
256,128,2,1024,1466.92
256,128,2,2048,2258.19
256,128,2,4096,3606.26
256,128,2,8192,7473.05
256,128,4,16,1077.56
256,128,4,32,1071.27
256,128,4,64,1075.69
256,128,4,128,1082.16
256,128,4,256,1109.78
256,128,4,512,1231.67
256,128,4,1024,1644.94
256,128,4,2048,2699.52
256,128,4,4096,4622.05
256,128,4,8192,8363.12
256,128,8,16,1079.59
256,128,8,32,1093.49
256,128,8,64,1106.45
256,128,8,128,1136.97
256,128,8,256,1174
256,128,8,512,1315.69
256,128,8,1024,1867.32
256,128,8,2048,2927.86
256,128,8,4096,4914.07
256,128,8,8192,8843.24
256,128,16,16,1081.68
256,128,16,32,1081.23
256,128,16,64,1124.96
256,128,16,128,1153.38
256,128,16,256,1271.69
256,128,16,512,1612.33
256,128,16,1024,2337
256,128,16,2048,3526.83
256,128,16,4096,5559.49
256,128,16,8192,9458.45
256,128,32,16,1117.94
256,128,32,32,1162.15
256,128,32,64,1214.85
256,128,32,128,1302.69
256,128,32,256,1465.7
256,128,32,512,1991.88
256,128,32,1024,3043.91
256,128,32,2048,4962
256,128,32,4096,8908.19
256,128,32,8192,16729.1
256,128,64,16,1153.35
256,128,64,32,1226.38
256,128,64,64,1338.36
256,128,64,128,1547.83
256,128,64,256,1893.31
256,128,64,512,2835.92
256,128,64,1024,4534.54
256,128,64,2048,8304.84
256,128,64,4096,16168.4
256,128,64,8192,31900.2
256,128,128,16,1265.91
256,128,128,32,1452.1
256,128,128,64,1629.75
256,128,128,128,1985.31
256,128,128,256,2779.53
256,128,128,512,4353.59
256,128,128,1024,7686.01
256,128,128,2048,14563.2
256,128,128,4096,28297
256,128,128,8192,55798.9
256,256,0,0,1531.58
256,256,1,16,1497.76
256,256,1,32,1528.77
256,256,1,64,1524.33
256,256,1,128,1542.05
256,256,1,256,1524.98
256,256,1,512,1520.64
256,256,1,1024,1399.91
256,256,1,2048,1898
256,256,1,4096,2753.19
256,256,1,8192,4646.72
256,256,2,16,1213.57
256,256,2,32,1195.34
256,256,2,64,1210.22
256,256,2,128,1194.68
256,256,2,256,1216.3
256,256,2,512,1263.4
256,256,2,1024,1398.55
256,256,2,2048,2072.06
256,256,2,4096,2820.97
256,256,2,8192,6151.04
256,256,4,16,1204.48
256,256,4,32,1211.82
256,256,4,64,1216.72
256,256,4,128,1235.53
256,256,4,256,1239.3
256,256,4,512,1308.82
256,256,4,1024,1571.85
256,256,4,2048,2348.34
256,256,4,4096,3887.22
256,256,4,8192,6911.96
256,256,8,16,1199.82
256,256,8,32,1246.28
256,256,8,64,1224.08
256,256,8,128,1242.95
256,256,8,256,1265.21
256,256,8,512,1383.2
256,256,8,1024,1803.09
256,256,8,2048,2733.49
256,256,8,4096,4301.3
256,256,8,8192,7445.6
256,256,16,16,1212.18
256,256,16,32,1248.59
256,256,16,64,1247.56
256,256,16,128,1299.67
256,256,16,256,1332.69
256,256,16,512,1538.02
256,256,16,1024,2154.91
256,256,16,2048,3142.45
256,256,16,4096,4993.06
256,256,16,8192,8135.91
256,256,32,16,1269.04
256,256,32,32,1254.92
256,256,32,64,1306.62
256,256,32,128,1384.44
256,256,32,256,1528.07
256,256,32,512,1877.55
256,256,32,1024,2698.46
256,256,32,2048,4281
256,256,32,4096,7353.59
256,256,32,8192,13572.2
256,256,64,16,1274.92
256,256,64,32,1352.75
256,256,64,64,1430.97
256,256,64,128,1568.03
256,256,64,256,1843.25
256,256,64,512,2540.16
256,256,64,1024,4055.67
256,256,64,2048,6718.94
256,256,64,4096,12872.2
256,256,64,8192,25328.6
256,256,128,16,1344.12
256,256,128,32,1496.29
256,256,128,64,1634.82
256,256,128,128,1929.84
256,256,128,256,2527.93
256,256,128,512,3846.96
256,256,128,1024,6378.15
256,256,128,2048,11701.9
256,256,128,4096,22575.6
256,256,128,8192,44330.6
256,512,0,0,1947.6
256,512,1,16,1974.03
256,512,1,32,1967.33
256,512,1,64,1972.74
256,512,1,128,1999.65
256,512,1,256,1980.18
256,512,1,512,1992.42
256,512,1,1024,2010.38
256,512,1,2048,2475.12
256,512,1,4096,3305.04
256,512,1,8192,5175.88
256,512,2,16,1936.43
256,512,2,32,1951.05
256,512,2,64,1931.88
256,512,2,128,1974.96
256,512,2,256,1982.92
256,512,2,512,1996.11
256,512,2,1024,2108.55
256,512,2,2048,2508.15
256,512,2,4096,3832.43
256,512,2,8192,6468.06
256,512,4,16,1967.83
256,512,4,32,1983.05
256,512,4,64,1981.43
256,512,4,128,1988.31
256,512,4,256,1982.52
256,512,4,512,2029.52
256,512,4,1024,2157.47
256,512,4,2048,2758.22
256,512,4,4096,4184.6
256,512,4,8192,7575.62
256,512,8,16,1989.39
256,512,8,32,1999.12
256,512,8,64,2008.82
256,512,8,128,2005.04
256,512,8,256,2019.28
256,512,8,512,2075.89
256,512,8,1024,2378.07
256,512,8,2048,3326.15
256,512,8,4096,5060.18
256,512,8,8192,8180.67
256,512,16,16,2001.78
256,512,16,32,1994.18
256,512,16,64,2034.26
256,512,16,128,2054.2
256,512,16,256,2115.61
256,512,16,512,2162.35
256,512,16,1024,2712.67
256,512,16,2048,3967.33
256,512,16,4096,6174.83
256,512,16,8192,9200
256,512,32,16,2011.71
256,512,32,32,2031.38
256,512,32,64,2083.16
256,512,32,128,2077.42
256,512,32,256,2245.85
256,512,32,512,2478.05
256,512,32,1024,3342.81
256,512,32,2048,5114.02
256,512,32,4096,8181.4
256,512,32,8192,14303.4
256,512,64,16,2064.54
256,512,64,32,2077.5
256,512,64,64,2125.85
256,512,64,128,2261.46
256,512,64,256,2566.04
256,512,64,512,3130.85
256,512,64,1024,4627.64
256,512,64,2048,7382.35
256,512,64,4096,13075.5
256,512,64,8192,25533.8
256,512,128,16,2122.76
256,512,128,32,2170.64
256,512,128,64,2333.77
256,512,128,128,2636.04
256,512,128,256,3188.04
256,512,128,512,4482.15
256,512,128,1024,6943.31
256,512,128,2048,12126.1
256,512,128,4096,22973
256,512,128,8192,44728.4
256,1024,0,0,3508.06
256,1024,1,16,3513.2
256,1024,1,32,3514.29
256,1024,1,64,3505.5
256,1024,1,128,3520.09
256,1024,1,256,3524.41
256,1024,1,512,3503.85
256,1024,1,1024,3525.79
256,1024,1,2048,3880.87
256,1024,1,4096,4576.15
256,1024,1,8192,6345.31
256,1024,2,16,3539.74
256,1024,2,32,3531.87
256,1024,2,64,3497.9
256,1024,2,128,3535.18
256,1024,2,256,3522.08
256,1024,2,512,3513.36
256,1024,2,1024,3562.16
256,1024,2,2048,3767.72
256,1024,2,4096,4670.3
256,1024,2,8192,7096.89
256,1024,4,16,3522.14
256,1024,4,32,3543.7
256,1024,4,64,3545.25
256,1024,4,128,3531.31
256,1024,4,256,3537.32
256,1024,4,512,3560.21
256,1024,4,1024,3583.42
256,1024,4,2048,4155.35
256,1024,4,4096,5375.89
256,1024,4,8192,8309.68
256,1024,8,16,3537.16
256,1024,8,32,3561.28
256,1024,8,64,3559.39
256,1024,8,128,3566.32
256,1024,8,256,3564.67
256,1024,8,512,3582.71
256,1024,8,1024,3593.66
256,1024,8,2048,4288.98
256,1024,8,4096,6515.55
256,1024,8,8192,9731.95
256,1024,16,16,3558.81
256,1024,16,32,3565.66
256,1024,16,64,3571.64
256,1024,16,128,3587.27
256,1024,16,256,3610.57
256,1024,16,512,3678.32
256,1024,16,1024,3700.85
256,1024,16,2048,5049.87
256,1024,16,4096,7219.08
256,1024,16,8192,11631.9
256,1024,32,16,3571.06
256,1024,32,32,3599.63
256,1024,32,64,3636.52
256,1024,32,128,3665.03
256,1024,32,256,3646.71
256,1024,32,512,3792.34
256,1024,32,1024,4420.95
256,1024,32,2048,6119.64
256,1024,32,4096,9752.67
256,1024,32,8192,15546.1
256,1024,64,16,3601.85
256,1024,64,32,3598.43
256,1024,64,64,3665.86
256,1024,64,128,3728.83
256,1024,64,256,3944.93
256,1024,64,512,4485.54
256,1024,64,1024,5844.56
256,1024,64,2048,8883.11
256,1024,64,4096,14030.9
256,1024,64,8192,25887.3
256,1024,128,16,3663.94
256,1024,128,32,3694.66
256,1024,128,64,3785.63
256,1024,128,128,4021.43
256,1024,128,256,4615.4
256,1024,128,512,5702.95
256,1024,128,1024,8374.19
256,1024,128,2048,13530
256,1024,128,4096,23739.5
256,1024,128,8192,45498.4
256,2048,0,0,6580.23
256,2048,1,16,6586.02
256,2048,1,32,6610.19
256,2048,1,64,6611.56
256,2048,1,128,6647.45
256,2048,1,256,6630.73
256,2048,1,512,6600.88
256,2048,1,1024,6632.71
256,2048,1,2048,6659.55
256,2048,1,4096,7061.68
256,2048,1,8192,8886.34
256,2048,2,16,6625.11
256,2048,2,32,6764.46
256,2048,2,64,6648.06
256,2048,2,128,6619.83
256,2048,2,256,6638.66
256,2048,2,512,6637.63
256,2048,2,1024,6626.38
256,2048,2,2048,6663.89
256,2048,2,4096,7894.5
256,2048,2,8192,9922.87
256,2048,4,16,6640
256,2048,4,32,6651.16
256,2048,4,64,6655.88
256,2048,4,128,6623.45
256,2048,4,256,6635.92
256,2048,4,512,6643.38
256,2048,4,1024,6617.97
256,2048,4,2048,6673.84
256,2048,4,4096,7887.45
256,2048,4,8192,10399.6
256,2048,8,16,6655.32
256,2048,8,32,6632.24
256,2048,8,64,6648.17
256,2048,8,128,6671.74
256,2048,8,256,6679.72
256,2048,8,512,6677.11
256,2048,8,1024,6677.31
256,2048,8,2048,6712.38
256,2048,8,4096,8232.3
256,2048,8,8192,12055.3
256,2048,16,16,6671.66
256,2048,16,32,6643.43
256,2048,16,64,6684.16
256,2048,16,128,6645.55
256,2048,16,256,6684.45
256,2048,16,512,6730.16
256,2048,16,1024,6794.06
256,2048,16,2048,6824.43
256,2048,16,4096,9711.96
256,2048,16,8192,14456.5
256,2048,32,16,6684.81
256,2048,32,32,6705.04
256,2048,32,64,6711.65
256,2048,32,128,6694.71
256,2048,32,256,6680.57
256,2048,32,512,6655.82
256,2048,32,1024,6860.9
256,2048,32,2048,8319.26
256,2048,32,4096,11543
256,2048,32,8192,19082.2
256,2048,64,16,6703.89
256,2048,64,32,6686.69
256,2048,64,64,6793.53
256,2048,64,128,6843.85
256,2048,64,256,6982.64
256,2048,64,512,7350.3
256,2048,64,1024,8378.77
256,2048,64,2048,11285.5
256,2048,64,4096,17409.6
256,2048,64,8192,27269.7
256,2048,128,16,6760.85
256,2048,128,32,6805.04
256,2048,128,64,6927.3
256,2048,128,128,6989.34
256,2048,128,256,7377.5
256,2048,128,512,8508.64
256,2048,128,1024,10759.7
256,2048,128,2048,16155.7
256,2048,128,4096,26579.8
256,2048,128,8192,47048.4
256,4096,0,0,12836.4
256,4096,1,16,12848.6
256,4096,1,32,12843.9
256,4096,1,64,12834.2
256,4096,1,128,12826.2
256,4096,1,256,12822.1
256,4096,1,512,12837.4
256,4096,1,1024,12811.3
256,4096,1,2048,12809.9
256,4096,1,4096,12829.4
256,4096,1,8192,13669.9
256,4096,2,16,12770
256,4096,2,32,12826.6
256,4096,2,64,12849.5
256,4096,2,128,12857.1
256,4096,2,256,12853.1
256,4096,2,512,12854
256,4096,2,1024,12827.5
256,4096,2,2048,12811.7
256,4096,2,4096,12861.2
256,4096,2,8192,14605
256,4096,4,16,12828.2
256,4096,4,32,12851.3
256,4096,4,64,12854
256,4096,4,128,12866.7
256,4096,4,256,12849.8
256,4096,4,512,12854.7
256,4096,4,1024,12852.3
256,4096,4,2048,12867.4
256,4096,4,4096,12890.5
256,4096,4,8192,15067.2
256,4096,8,16,12863.1
256,4096,8,32,12873.9
256,4096,8,64,12861.3
256,4096,8,128,12883.1
256,4096,8,256,12887.7
256,4096,8,512,12886.5
256,4096,8,1024,12887.6
256,4096,8,2048,12880.5
256,4096,8,4096,12929.3
256,4096,8,8192,15991.5
256,4096,16,16,12866.3
256,4096,16,32,12890.1
256,4096,16,64,12884.6
256,4096,16,128,12898.4
256,4096,16,256,12940.4
256,4096,16,512,12946.7
256,4096,16,1024,12953.4
256,4096,16,2048,13010.5
256,4096,16,4096,13027.9
256,4096,16,8192,19050.7
256,4096,32,16,12875.5
256,4096,32,32,12925.4
256,4096,32,64,12925.8
256,4096,32,128,12975.3
256,4096,32,256,12615.8
256,4096,32,512,12941
256,4096,32,1024,12968.4
256,4096,32,2048,13132.1
256,4096,32,4096,16048.4
256,4096,32,8192,22438.9
256,4096,64,16,12924.4
256,4096,64,32,12522
256,4096,64,64,12947.2
256,4096,64,128,13077.5
256,4096,64,256,13144.1
256,4096,64,512,13350.4
256,4096,64,1024,13907.1
256,4096,64,2048,16142.6
256,4096,64,4096,22175.3
256,4096,64,8192,34503.5
256,4096,128,16,12979.6
256,4096,128,32,13000.1
256,4096,128,64,13104.5
256,4096,128,128,13235.1
256,4096,128,256,13431.4
256,4096,128,512,18049.2
256,4096,128,1024,20750.5
256,4096,128,2048,26647.5
256,4096,128,4096,40488.1
256,4096,128,8192,67890.8
256,8192,0,0,32245.6
256,8192,1,16,32267.3
256,8192,1,32,32216
256,8192,1,64,32278.9
256,8192,1,128,32285.7
256,8192,1,256,32257.7
256,8192,1,512,32272.6
256,8192,1,1024,32215.1
256,8192,1,2048,32268.5
256,8192,1,4096,32286.4
256,8192,1,8192,32258.9
256,8192,2,16,32244.9
256,8192,2,32,32239.4
256,8192,2,64,32235.4
256,8192,2,128,32284.8
256,8192,2,256,32252.4
256,8192,2,512,32266.8
256,8192,2,1024,32258.1
256,8192,2,2048,32255.4
256,8192,2,4096,32262.4
256,8192,2,8192,32284.5
256,8192,4,16,32296.7
256,8192,4,32,32286.4
256,8192,4,64,32275
256,8192,4,128,32277.4
256,8192,4,256,32321.2
256,8192,4,512,32291.7
256,8192,4,1024,32252.7
256,8192,4,2048,32212.6
256,8192,4,4096,32322.2
256,8192,4,8192,32343.7
256,8192,8,16,32280.5
256,8192,8,32,32299.7
256,8192,8,64,32313.3
256,8192,8,128,32316.5
256,8192,8,256,32325.6
256,8192,8,512,32323.1
256,8192,8,1024,32315.8
256,8192,8,2048,32333.2
256,8192,8,4096,32342
256,8192,8,8192,32397
256,8192,16,16,32316.9
256,8192,16,32,32303.3
256,8192,16,64,32351.3
256,8192,16,128,32338.3
256,8192,16,256,32390.4
256,8192,16,512,32391.3
256,8192,16,1024,32359.9
256,8192,16,2048,32417.2
256,8192,16,4096,32478.6
256,8192,16,8192,32587.4
256,8192,32,16,32316.2
256,8192,32,32,32376.3
256,8192,32,64,32374.7
256,8192,32,128,32327.3
256,8192,32,256,32437.2
256,8192,32,512,32341.1
256,8192,32,1024,32387.1
256,8192,32,2048,32341.8
256,8192,32,4096,32745.7
256,8192,32,8192,40373.2
256,8192,64,16,32362.3
256,8192,64,32,32419.4
256,8192,64,64,32488.2
256,8192,64,128,32566
256,8192,64,256,32734.9
256,8192,64,512,32921.8
256,8192,64,1024,33431.2
256,8192,64,2048,34714.9
256,8192,64,4096,40486.9
256,8192,64,8192,56107.8
256,8192,128,16,32421.4
256,8192,128,32,32487.5
256,8192,128,64,32646.1
256,8192,128,128,32726.8
256,8192,128,256,33030.5
256,8192,128,512,33625
256,8192,128,1024,35390.9
256,8192,128,2048,40629.3
256,8192,128,4096,52438.8
256,8192,128,8192,80209.3
512,0,0,0,1968.91
512,0,1,16,1997.7
512,0,1,32,1988.92
512,0,1,64,1985.06
512,0,1,128,2004.08
512,0,1,256,2016.7
512,0,1,512,2000.65
512,0,1,1024,2185.44
512,0,1,2048,2919.66
512,0,1,4096,4039.65
512,0,1,8192,7182.4
512,0,2,16,1983.48
512,0,2,32,1994.52
512,0,2,64,2004.02
512,0,2,128,2006.7
512,0,2,256,2000.97
512,0,2,512,2041.83
512,0,2,1024,2350.16
512,0,2,2048,2973.45
512,0,2,4096,4468.09
512,0,2,8192,8889
512,0,4,16,2004.13
512,0,4,32,2004.9
512,0,4,64,1975.01
512,0,4,128,2000.45
512,0,4,256,2053.77
512,0,4,512,2122.28
512,0,4,1024,2462.38
512,0,4,2048,3580.07
512,0,4,4096,5302.57
512,0,4,8192,9241.27
512,0,8,16,2014.99
512,0,8,32,2023.36
512,0,8,64,2021.54
512,0,8,128,2052.87
512,0,8,256,2089.37
512,0,8,512,2232.49
512,0,8,1024,2835.23
512,0,8,2048,3823.79
512,0,8,4096,5710.72
512,0,8,8192,9630.57
512,0,16,16,2031.52
512,0,16,32,2062.63
512,0,16,64,2093
512,0,16,128,2117.35
512,0,16,256,2186.07
512,0,16,512,2437.34
512,0,16,1024,3228.85
512,0,16,2048,4617.46
512,0,16,4096,7150.09
512,0,16,8192,11135.9
512,0,32,16,2069.55
512,0,32,32,2091.61
512,0,32,64,2155.06
512,0,32,128,2224.01
512,0,32,256,2435.33
512,0,32,512,2847.78
512,0,32,1024,3970.76
512,0,32,2048,6066.62
512,0,32,4096,9970.2
512,0,32,8192,17948.4
512,0,64,16,2082.51
512,0,64,32,2198.1
512,0,64,64,2268.6
512,0,64,128,2462.18
512,0,64,256,2812.64
512,0,64,512,3688.34
512,0,64,1024,5546.66
512,0,64,2048,8970.61
512,0,64,4096,16747.5
512,0,64,8192,32636.7
512,0,128,16,2206.03
512,0,128,32,2340.45
512,0,128,64,2554.66
512,0,128,128,2923.17
512,0,128,256,3687.76
512,0,128,512,5372.1
512,0,128,1024,8555.21
512,0,128,2048,15344
512,0,128,4096,29258.2
512,0,128,8192,57062.8
512,16,0,0,2094.36
512,16,1,16,2098.55
512,16,1,32,2103.22
512,16,1,64,2114.16
512,16,1,128,2124.47
512,16,1,256,2116.84
512,16,1,512,2155.07
512,16,1,1024,2383.01
512,16,1,2048,2994.11
512,16,1,4096,4158.9
512,16,1,8192,6492.43
512,16,2,16,2123.4
512,16,2,32,2115.17
512,16,2,64,2114.21
512,16,2,128,2115.78
512,16,2,256,2125.81
512,16,2,512,2177
512,16,2,1024,2412.11
512,16,2,2048,3162.7
512,16,2,4096,4363.85
512,16,2,8192,8303.36
512,16,4,16,2127.24
512,16,4,32,2105.23
512,16,4,64,2132.21
512,16,4,128,2125.54
512,16,4,256,2145.98
512,16,4,512,2219.24
512,16,4,1024,2666.65
512,16,4,2048,3332.7
512,16,4,4096,5579.99
512,16,4,8192,9562.7
512,16,8,16,2095.85
512,16,8,32,2120.37
512,16,8,64,2162.41
512,16,8,128,2171.09
512,16,8,256,2197.79
512,16,8,512,2326.15
512,16,8,1024,2847.38
512,16,8,2048,3907.61
512,16,8,4096,5951.29
512,16,8,8192,10075.4
512,16,16,16,2142.17
512,16,16,32,2168.37
512,16,16,64,2164.49
512,16,16,128,2227.72
512,16,16,256,2327.62
512,16,16,512,2524.01
512,16,16,1024,3335.59
512,16,16,2048,4768.31
512,16,16,4096,7379.68
512,16,16,8192,11381.5
512,16,32,16,2179.46
512,16,32,32,2204.59
512,16,32,64,2243.81
512,16,32,128,2337.5
512,16,32,256,2541.4
512,16,32,512,2958.8
512,16,32,1024,4073.74
512,16,32,2048,6262.11
512,16,32,4096,10081.9
512,16,32,8192,18035.3
512,16,64,16,2223.33
512,16,64,32,2284.49
512,16,64,64,2369.11
512,16,64,128,2569
512,16,64,256,2941.72
512,16,64,512,3787.57
512,16,64,1024,5674.23
512,16,64,2048,9186.56
512,16,64,4096,16791.7
512,16,64,8192,32709.6
512,16,128,16,2309.99
512,16,128,32,2456.36
512,16,128,64,2640.37
512,16,128,128,3011.08
512,16,128,256,3798.16
512,16,128,512,5462.19
512,16,128,1024,8663.3
512,16,128,2048,15399.7
512,16,128,4096,29315.4
512,16,128,8192,57123.5
512,32,0,0,2224.42
512,32,1,16,2215.59
512,32,1,32,2245.96
512,32,1,64,2207.8
512,32,1,128,2181.76
512,32,1,256,2214.76
512,32,1,512,2259.83
512,32,1,1024,2481.38
512,32,1,2048,3062.7
512,32,1,4096,4861.48
512,32,1,8192,7312.12
512,32,2,16,2214
512,32,2,32,2219.83
512,32,2,64,2204.66
512,32,2,128,2221.27
512,32,2,256,2263.17
512,32,2,512,2281.54
512,32,2,1024,2510.95
512,32,2,2048,3131.11
512,32,2,4096,4692.83
512,32,2,8192,8296.27
512,32,4,16,2202.62
512,32,4,32,2238.83
512,32,4,64,2236.37
512,32,4,128,2220.29
512,32,4,256,2262
512,32,4,512,2330.76
512,32,4,1024,2712.55
512,32,4,2048,3397.31
512,32,4,4096,5371.69
512,32,4,8192,9605.89
512,32,8,16,2231.55
512,32,8,32,2247.75
512,32,8,64,2256.95
512,32,8,128,2279.44
512,32,8,256,2330.98
512,32,8,512,2428.56
512,32,8,1024,2984.86
512,32,8,2048,3933.88
512,32,8,4096,5795.51
512,32,8,8192,10206
512,32,16,16,2254.86
512,32,16,32,2277.16
512,32,16,64,2299.18
512,32,16,128,2333.8
512,32,16,256,2434.72
512,32,16,512,2624.93
512,32,16,1024,3329.28
512,32,16,2048,4898.32
512,32,16,4096,7421.81
512,32,16,8192,11455.2
512,32,32,16,2261.09
512,32,32,32,2328.89
512,32,32,64,2323.45
512,32,32,128,2409.75
512,32,32,256,2610.5
512,32,32,512,3017
512,32,32,1024,4119.02
512,32,32,2048,6292.32
512,32,32,4096,10118.4
512,32,32,8192,17945.2
512,32,64,16,2293.65
512,32,64,32,2361.22
512,32,64,64,2458.81
512,32,64,128,2633.9
512,32,64,256,2979.52
512,32,64,512,3834.69
512,32,64,1024,5706.98
512,32,64,2048,9163.12
512,32,64,4096,16660.7
512,32,64,8192,32421.3
512,32,128,16,2400.57
512,32,128,32,2526.24
512,32,128,64,2742.3
512,32,128,128,3086.43
512,32,128,256,3856.72
512,32,128,512,5506.74
512,32,128,1024,8698.74
512,32,128,2048,15302.2
512,32,128,4096,29075.1
512,32,128,8192,56617.1
512,64,0,0,2391.64
512,64,1,16,2411.91
512,64,1,32,2406.99
512,64,1,64,2412.11
512,64,1,128,2425.99
512,64,1,256,2427.9
512,64,1,512,2400.5
512,64,1,1024,2678.69
512,64,1,2048,3122.14
512,64,1,4096,4553.53
512,64,1,8192,6704.47
512,64,2,16,2396.09
512,64,2,32,2404.22
512,64,2,64,2421.19
512,64,2,128,2427.1
512,64,2,256,2421.5
512,64,2,512,2448.73
512,64,2,1024,2761.54
512,64,2,2048,3291.35
512,64,2,4096,4864.85
512,64,2,8192,8130.1
512,64,4,16,2414.79
512,64,4,32,2431.48
512,64,4,64,2657.07
512,64,4,128,2439.4
512,64,4,256,2460.42
512,64,4,512,2508.31
512,64,4,1024,2927.46
512,64,4,2048,3737.81
512,64,4,4096,5369.86
512,64,4,8192,9919
512,64,8,16,2411.33
512,64,8,32,2446.93
512,64,8,64,2484.05
512,64,8,128,2464.81
512,64,8,256,2498.87
512,64,8,512,2591.03
512,64,8,1024,3155.56
512,64,8,2048,4404.26
512,64,8,4096,6424.43
512,64,8,8192,10248
512,64,16,16,2416.07
512,64,16,32,2451.54
512,64,16,64,2484.24
512,64,16,128,2522.45
512,64,16,256,2612.79
512,64,16,512,2782.25
512,64,16,1024,3524.15
512,64,16,2048,5054.29
512,64,16,4096,7830.68
512,64,16,8192,11690.6
512,64,32,16,2446.01
512,64,32,32,2503.18
512,64,32,64,2550.38
512,64,32,128,2632.01
512,64,32,256,2793.87
512,64,32,512,3220.36
512,64,32,1024,4334.95
512,64,32,2048,6467.26
512,64,32,4096,10304.8
512,64,32,8192,18183.8
512,64,64,16,2509.65
512,64,64,32,2592.08
512,64,64,64,2675.14
512,64,64,128,2837.84
512,64,64,256,3211.54
512,64,64,512,4027.63
512,64,64,1024,5931.96
512,64,64,2048,9430.36
512,64,64,4096,16770.9
512,64,64,8192,32467
512,64,128,16,2609.51
512,64,128,32,2782.52
512,64,128,64,2938.05
512,64,128,128,3307.82
512,64,128,256,4045.23
512,64,128,512,5716.74
512,64,128,1024,8927.32
512,64,128,2048,15474.6
512,64,128,4096,29221
512,64,128,8192,56756.6
512,128,0,0,2796.07
512,128,1,16,2790.74
512,128,1,32,2817.7
512,128,1,64,2804.2
512,128,1,128,2813.36
512,128,1,256,2822.37
512,128,1,512,2847.32
512,128,1,1024,3045.2
512,128,1,2048,3590.76
512,128,1,4096,4770.9
512,128,1,8192,7727.24
512,128,2,16,2816.54
512,128,2,32,2808.18
512,128,2,64,2811.35
512,128,2,128,2844.71
512,128,2,256,2815.52
512,128,2,512,2842.13
512,128,2,1024,3095.32
512,128,2,2048,3669.79
512,128,2,4096,5151.29
512,128,2,8192,8824.71
512,128,4,16,2833.48
512,128,4,32,2810.92
512,128,4,64,2836.75
512,128,4,128,2852.69
512,128,4,256,2827.59
512,128,4,512,2906.58
512,128,4,1024,3254.37
512,128,4,2048,3983
512,128,4,4096,5756.47
512,128,4,8192,10078.3
512,128,8,16,2799.26
512,128,8,32,2826.18
512,128,8,64,2862.03
512,128,8,128,2870.31
512,128,8,256,2905.51
512,128,8,512,2988.92
512,128,8,1024,3392.89
512,128,8,2048,4665.93
512,128,8,4096,6757.84
512,128,8,8192,10504.2
512,128,16,16,2822.55
512,128,16,32,2835.11
512,128,16,64,2905.7
512,128,16,128,2939.49
512,128,16,256,3011.15
512,128,16,512,3206.08
512,128,16,1024,3975.48
512,128,16,2048,5421.56
512,128,16,4096,8351.97
512,128,16,8192,12488.6
512,128,32,16,2865.49
512,128,32,32,2933.84
512,128,32,64,2951.07
512,128,32,128,3050.58
512,128,32,256,3208.06
512,128,32,512,3607.71
512,128,32,1024,4667.62
512,128,32,2048,7136.47
512,128,32,4096,10756.8
512,128,32,8192,18586
512,128,64,16,2900.27
512,128,64,32,2995.59
512,128,64,64,3110.88
512,128,64,128,3281.82
512,128,64,256,3614.88
512,128,64,512,4402.12
512,128,64,1024,6329.6
512,128,64,2048,9850.17
512,128,64,4096,16915.5
512,128,64,8192,32635.8
512,128,128,16,3021.36
512,128,128,32,3184.03
512,128,128,64,3390.32
512,128,128,128,3725.83
512,128,128,256,4437.69
512,128,128,512,6129.2
512,128,128,1024,9369.58
512,128,128,2048,15864.5
512,128,128,4096,29520.1
512,128,128,8192,57044.4
512,256,0,0,3701.55
512,256,1,16,3676.21
512,256,1,32,3696.01
512,256,1,64,3685.77
512,256,1,128,3708.58
512,256,1,256,3699.01
512,256,1,512,3692.27
512,256,1,1024,3805.04
512,256,1,2048,4444.66
512,256,1,4096,5593.35
512,256,1,8192,7882.94
512,256,2,16,3661.91
512,256,2,32,3687.82
512,256,2,64,3680.72
512,256,2,128,3658.86
512,256,2,256,3725.54
512,256,2,512,3707.59
512,256,2,1024,3774.57
512,256,2,2048,4461.95
512,256,2,4096,5801.54
512,256,2,8192,9503.86
512,256,4,16,3665.31
512,256,4,32,3682.93
512,256,4,64,3708.78
512,256,4,128,3691.91
512,256,4,256,3723.9
512,256,4,512,3789.17
512,256,4,1024,4045.63
512,256,4,2048,4647.1
512,256,4,4096,6513.53
512,256,4,8192,10112
512,256,8,16,3666.69
512,256,8,32,3699.04
512,256,8,64,3707.4
512,256,8,128,3731.63
512,256,8,256,3756.57
512,256,8,512,3864.12
512,256,8,1024,4297.08
512,256,8,2048,5114.31
512,256,8,4096,7425.34
512,256,8,8192,11163.4
512,256,16,16,3721.87
512,256,16,32,3726.49
512,256,16,64,3738.02
512,256,16,128,3799.53
512,256,16,256,3867.65
512,256,16,512,4060.06
512,256,16,1024,4668.53
512,256,16,2048,6053.27
512,256,16,4096,8766.12
512,256,16,8192,13950
512,256,32,16,3736.14
512,256,32,32,3789.12
512,256,32,64,3813.56
512,256,32,128,3879.48
512,256,32,256,4064.07
512,256,32,512,4446.95
512,256,32,1024,5451.11
512,256,32,2048,7669.65
512,256,32,4096,11743.6
512,256,32,8192,19522.4
512,256,64,16,3811.26
512,256,64,32,3854.46
512,256,64,64,3981.44
512,256,64,128,4155.99
512,256,64,256,4445.38
512,256,64,512,5161.94
512,256,64,1024,7069.96
512,256,64,2048,10712.7
512,256,64,4096,17551.3
512,256,64,8192,33025.1
512,256,128,16,3895.67
512,256,128,32,4050.94
512,256,128,64,4226.15
512,256,128,128,4562.12
512,256,128,256,5232.73
512,256,128,512,6956.02
512,256,128,1024,10192.7
512,256,128,2048,16498.5
512,256,128,4096,30113.4
512,256,128,8192,57557.9
512,512,0,0,5391.19
512,512,1,16,5389.32
512,512,1,32,5368.85
512,512,1,64,5344.44
512,512,1,128,5414.61
512,512,1,256,5408.55
512,512,1,512,5413.34
512,512,1,1024,5433
512,512,1,2048,5890.34
512,512,1,4096,7032.13
512,512,1,8192,9201.88
512,512,2,16,5392.21
512,512,2,32,5374.5
512,512,2,64,5379.48
512,512,2,128,5372.35
512,512,2,256,5430.42
512,512,2,512,5430.33
512,512,2,1024,5451.31
512,512,2,2048,5992.84
512,512,2,4096,7626.26
512,512,2,8192,11731.2
512,512,4,16,5397.23
512,512,4,32,5420.65
512,512,4,64,5415.55
512,512,4,128,5394.79
512,512,4,256,5440.82
512,512,4,512,5456.38
512,512,4,1024,5572.34
512,512,4,2048,6191.41
512,512,4,4096,7966.34
512,512,4,8192,11535.7
512,512,8,16,5411.38
512,512,8,32,5432.68
512,512,8,64,5425.36
512,512,8,128,5413.99
512,512,8,256,5458.91
512,512,8,512,5546.37
512,512,8,1024,5745.81
512,512,8,2048,6793.8
512,512,8,4096,8794.57
512,512,8,8192,12834.4
512,512,16,16,5418.85
512,512,16,32,5427.42
512,512,16,64,5445.13
512,512,16,128,5522.9
512,512,16,256,5561.35
512,512,16,512,5708.07
512,512,16,1024,6222.03
512,512,16,2048,7781.2
512,512,16,4096,10673.3
512,512,16,8192,16466.9
512,512,32,16,5461
512,512,32,32,5480.45
512,512,32,64,5546.51
512,512,32,128,5629.25
512,512,32,256,5802.5
512,512,32,512,6107.84
512,512,32,1024,6991.62
512,512,32,2048,9195.22
512,512,32,4096,13521.6
512,512,32,8192,21079.3
512,512,64,16,5518.47
512,512,64,32,5593.68
512,512,64,64,5645.42
512,512,64,128,5836.46
512,512,64,256,6139.08
512,512,64,512,6831.35
512,512,64,1024,8469.4
512,512,64,2048,12387.6
512,512,64,4096,19314
512,512,64,8192,33732.8
512,512,128,16,5551.47
512,512,128,32,5649.11
512,512,128,64,5914.49
512,512,128,128,6215.23
512,512,128,256,6884.25
512,512,128,512,8473.81
512,512,128,1024,11846.5
512,512,128,2048,18365.3
512,512,128,4096,31269.7
512,512,128,8192,58824.8
512,1024,0,0,8805.17
512,1024,1,16,8815.26
512,1024,1,32,8815.82
512,1024,1,64,8860.25
512,1024,1,128,8813.08
512,1024,1,256,8841.07
512,1024,1,512,8790.77
512,1024,1,1024,8821.44
512,1024,1,2048,8966.26
512,1024,1,4096,10222.8
512,1024,1,8192,12399.2
512,1024,2,16,8802.21
512,1024,2,32,8794.08
512,1024,2,64,8767.77
512,1024,2,128,8809.08
512,1024,2,256,8773.21
512,1024,2,512,8898.55
512,1024,2,1024,8880.71
512,1024,2,2048,8971.09
512,1024,2,4096,10439.8
512,1024,2,8192,13153
512,1024,4,16,8866.43
512,1024,4,32,8837.14
512,1024,4,64,8828.9
512,1024,4,128,8859.46
512,1024,4,256,8896.91
512,1024,4,512,8898.99
512,1024,4,1024,8948.33
512,1024,4,2048,9297.65
512,1024,4,4096,11763.3
512,1024,4,8192,13698.9
512,1024,8,16,8830.9
512,1024,8,32,8896.26
512,1024,8,64,8888.11
512,1024,8,128,8881.86
512,1024,8,256,8910.22
512,1024,8,512,8930.35
512,1024,8,1024,9073.67
512,1024,8,2048,10019.9
512,1024,8,4096,12644.7
512,1024,8,8192,17115.1
512,1024,16,16,8854.92
512,1024,16,32,8946.42
512,1024,16,64,8933.61
512,1024,16,128,8963.54
512,1024,16,256,8966.86
512,1024,16,512,9065.63
512,1024,16,1024,9541.7
512,1024,16,2048,10620.9
512,1024,16,4096,13722.9
512,1024,16,8192,19257.8
512,1024,32,16,8888.46
512,1024,32,32,8961.78
512,1024,32,64,8927.55
512,1024,32,128,9030.7
512,1024,32,256,9140.79
512,1024,32,512,9462.56
512,1024,32,1024,10178
512,1024,32,2048,12279.4
512,1024,32,4096,16796
512,1024,32,8192,25191
512,1024,64,16,8965.34
512,1024,64,32,9003.07
512,1024,64,64,9130.61
512,1024,64,128,9246.5
512,1024,64,256,9431.6
512,1024,64,512,10113.7
512,1024,64,1024,11641.4
512,1024,64,2048,15394.6
512,1024,64,4096,22651.9
512,1024,64,8192,36659
512,1024,128,16,8984.58
512,1024,128,32,9112.94
512,1024,128,64,9320.97
512,1024,128,128,9580.11
512,1024,128,256,10155
512,1024,128,512,11587.5
512,1024,128,1024,15022.9
512,1024,128,2048,21603.6
512,1024,128,4096,34436.5
512,1024,128,8192,61233.8
512,2048,0,0,15709
512,2048,1,16,15649.3
512,2048,1,32,15698
512,2048,1,64,15731.1
512,2048,1,128,15739.6
512,2048,1,256,15696.1
512,2048,1,512,15716.7
512,2048,1,1024,15722.1
512,2048,1,2048,15708.4
512,2048,1,4096,16256.9
512,2048,1,8192,18877.5
512,2048,2,16,15734.7
512,2048,2,32,15703
512,2048,2,64,15703.8
512,2048,2,128,15696.5
512,2048,2,256,15699.4
512,2048,2,512,15735.5
512,2048,2,1024,15767.4
512,2048,2,2048,15784.3
512,2048,2,4096,16611.2
512,2048,2,8192,18971.4
512,2048,4,16,15714.3
512,2048,4,32,15741.8
512,2048,4,64,15745.8
512,2048,4,128,15700.5
512,2048,4,256,15748.9
512,2048,4,512,15747.6
512,2048,4,1024,15827.2
512,2048,4,2048,15832.8
512,2048,4,4096,17074.6
512,2048,4,8192,19480.7
512,2048,8,16,15751.9
512,2048,8,32,15713
512,2048,8,64,15763.9
512,2048,8,128,15788
512,2048,8,256,15790.4
512,2048,8,512,15821
512,2048,8,1024,15797.7
512,2048,8,2048,15984.2
512,2048,8,4096,18775.7
512,2048,8,8192,22061.5
512,2048,16,16,15782.3
512,2048,16,32,15786.6
512,2048,16,64,15642.1
512,2048,16,128,15867.6
512,2048,16,256,15914
512,2048,16,512,15888.7
512,2048,16,1024,15982.6
512,2048,16,2048,17515.5
512,2048,16,4096,19423.8
512,2048,16,8192,25326.9
512,2048,32,16,15795.6
512,2048,32,32,15833.6
512,2048,32,64,15865.5
512,2048,32,128,15968.4
512,2048,32,256,16086.2
512,2048,32,512,16341.5
512,2048,32,1024,16806.6
512,2048,32,2048,18125.6
512,2048,32,4096,23120.6
512,2048,32,8192,31928.7
512,2048,64,16,15785.4
512,2048,64,32,15804.2
512,2048,64,64,15964.5
512,2048,64,128,16130.3
512,2048,64,256,16357.5
512,2048,64,512,16893.9
512,2048,64,1024,18045.4
512,2048,64,2048,21479.8
512,2048,64,4096,29041.2
512,2048,64,8192,43193.6
512,2048,128,16,15864.8
512,2048,128,32,16035.7
512,2048,128,64,16112.1
512,2048,128,128,16437.7
512,2048,128,256,16894.8
512,2048,128,512,18002.3
512,2048,128,1024,21249.4
512,2048,128,2048,27847.2
512,2048,128,4096,41137.2
512,2048,128,8192,66486.6
512,4096,0,0,29442.2
512,4096,1,16,29413.2
512,4096,1,32,29436.3
512,4096,1,64,29391.9
512,4096,1,128,29399.7
512,4096,1,256,29444.4
512,4096,1,512,29446.6
512,4096,1,1024,29460.3
512,4096,1,2048,29418.2
512,4096,1,4096,29452.4
512,4096,1,8192,30334.7
512,4096,2,16,29358.5
512,4096,2,32,29421.1
512,4096,2,64,29428.3
512,4096,2,128,29445.5
512,4096,2,256,29439.9
512,4096,2,512,29456.2
512,4096,2,1024,29482.1
512,4096,2,2048,29503.6
512,4096,2,4096,29496.4
512,4096,2,8192,31433.5
512,4096,4,16,29432
512,4096,4,32,29412.2
512,4096,4,64,29465.4
512,4096,4,128,29434
512,4096,4,256,29415.6
512,4096,4,512,29493.6
512,4096,4,1024,29518.7
512,4096,4,2048,29483.6
512,4096,4,4096,29495.3
512,4096,4,8192,32281.3
512,4096,8,16,29453.2
512,4096,8,32,29397.7
512,4096,8,64,29514.6
512,4096,8,128,29429.2
512,4096,8,256,29535.2
512,4096,8,512,29592.8
512,4096,8,1024,29554.5
512,4096,8,2048,29527.2
512,4096,8,4096,29679.3
512,4096,8,8192,34758.6
512,4096,16,16,29433.7
512,4096,16,32,29478.3
512,4096,16,64,29505.4
512,4096,16,128,29587.5
512,4096,16,256,29585.2
512,4096,16,512,29736.5
512,4096,16,1024,29721.4
512,4096,16,2048,29664.6
512,4096,16,4096,33193.4
512,4096,16,8192,37296.3
512,4096,32,16,29512.6
512,4096,32,32,29518.3
512,4096,32,64,29567.6
512,4096,32,128,29681.5
512,4096,32,256,29760.8
512,4096,32,512,30070.1
512,4096,32,1024,30558.2
512,4096,32,2048,31462.4
512,4096,32,4096,33849
512,4096,32,8192,44720.2
512,4096,64,16,29562.4
512,4096,64,32,29595.9
512,4096,64,64,29661.4
512,4096,64,128,29816.9
512,4096,64,256,30101.1
512,4096,64,512,30580.1
512,4096,64,1024,31586.2
512,4096,64,2048,33949.8
512,4096,64,4096,41031.5
512,4096,64,8192,56502.9
512,4096,128,16,29585.8
512,4096,128,32,29770.2
512,4096,128,64,29949.4
512,4096,128,128,30139
512,4096,128,256,30621.4
512,4096,128,512,31548.8
512,4096,128,1024,33875.2
512,4096,128,2048,40861.3
512,4096,128,4096,53364.3
512,4096,128,8192,80461.8
512,8192,0,0,56899.9
512,8192,1,16,56932.7
512,8192,1,32,56861.5
512,8192,1,64,56886.7
512,8192,1,128,56929.5
512,8192,1,256,56890.8
512,8192,1,512,56922.7
512,8192,1,1024,56975.9
512,8192,1,2048,56949
512,8192,1,4096,56919.2
512,8192,1,8192,56957.4
512,8192,2,16,56926.2
512,8192,2,32,56919.2
512,8192,2,64,56934.2
512,8192,2,128,56908.8
512,8192,2,256,56912.7
512,8192,2,512,56959.3
512,8192,2,1024,56929.1
512,8192,2,2048,56971.9
512,8192,2,4096,56993.1
512,8192,2,8192,57042.2
512,8192,4,16,56936.3
512,8192,4,32,56940.6
512,8192,4,64,56971.4
512,8192,4,128,56945
512,8192,4,256,56960.4
512,8192,4,512,56968
512,8192,4,1024,57028.1
512,8192,4,2048,57047.3
512,8192,4,4096,56969.9
512,8192,4,8192,57045.5
512,8192,8,16,56971.4
512,8192,8,32,57091.4
512,8192,8,64,56991.7
512,8192,8,128,56976.3
512,8192,8,256,57052.8
512,8192,8,512,57040.8
512,8192,8,1024,57028.5
512,8192,8,2048,57091.2
512,8192,8,4096,57109.1
512,8192,8,8192,57232.7
512,8192,16,16,56978.8
512,8192,16,32,56972.2
512,8192,16,64,56982.1
512,8192,16,128,57014.9
512,8192,16,256,57112.1
512,8192,16,512,57182.3
512,8192,16,1024,57249.3
512,8192,16,2048,57281.4
512,8192,16,4096,57156.4
512,8192,16,8192,64593
512,8192,32,16,56958.4
512,8192,32,32,57086.8
512,8192,32,64,57017.1
512,8192,32,128,57161.7
512,8192,32,256,57298.7
512,8192,32,512,57556.5
512,8192,32,1024,58001
512,8192,32,2048,59043.4
512,8192,32,4096,60935.5
512,8192,32,8192,65279
512,8192,64,16,56994.2
512,8192,64,32,57085
512,8192,64,64,57181.2
512,8192,64,128,57304.3
512,8192,64,256,57584.5
512,8192,64,512,58104.2
512,8192,64,1024,58956.3
512,8192,64,2048,61033
512,8192,64,4096,65354.7
512,8192,64,8192,80351.9
512,8192,128,16,57083.7
512,8192,128,32,57240.9
512,8192,128,64,57398
512,8192,128,128,57676.8
512,8192,128,256,58123.2
512,8192,128,512,59136.7
512,8192,128,1024,61012.2
512,8192,128,2048,65552.4
512,8192,128,4096,80129.4
512,8192,128,8192,104462
1024,0,0,0,7048.48
1024,0,1,16,7052.85
1024,0,1,32,7030.32
1024,0,1,64,7046.51
1024,0,1,128,7029.14
1024,0,1,256,7075.76
1024,0,1,512,7064.42
1024,0,1,1024,7076.35
1024,0,1,2048,7514.98
1024,0,1,4096,8576.75
1024,0,1,8192,11386.7
1024,0,2,16,7056.26
1024,0,2,32,7057.71
1024,0,2,64,7069.29
1024,0,2,128,7043.65
1024,0,2,256,7068.23
1024,0,2,512,7065.27
1024,0,2,1024,7154.67
1024,0,2,2048,7762.98
1024,0,2,4096,8958.57
1024,0,2,8192,11934
1024,0,4,16,7073.61
1024,0,4,32,7037.69
1024,0,4,64,7068.54
1024,0,4,128,7076.51
1024,0,4,256,7087.3
1024,0,4,512,7147.07
1024,0,4,1024,7240.13
1024,0,4,2048,8248.21
1024,0,4,4096,9545.13
1024,0,4,8192,12178.1
1024,0,8,16,7056.74
1024,0,8,32,7081.27
1024,0,8,64,7093.44
1024,0,8,128,7114.64
1024,0,8,256,7143.01
1024,0,8,512,7249.28
1024,0,8,1024,7476.51
1024,0,8,2048,8620.57
1024,0,8,4096,10893.1
1024,0,8,8192,15533.7
1024,0,16,16,7089.06
1024,0,16,32,7073.86
1024,0,16,64,7132.77
1024,0,16,128,7179.91
1024,0,16,256,7248.9
1024,0,16,512,7419.39
1024,0,16,1024,7886.45
1024,0,16,2048,9439.73
1024,0,16,4096,12540.5
1024,0,16,8192,18276.1
1024,0,32,16,7098.7
1024,0,32,32,7145.52
1024,0,32,64,7185.47
1024,0,32,128,7248.11
1024,0,32,256,7432.49
1024,0,32,512,7782.73
1024,0,32,1024,8616.42
1024,0,32,2048,10996.7
1024,0,32,4096,15335.2
1024,0,32,8192,23386.6
1024,0,64,16,7155.27
1024,0,64,32,7228.39
1024,0,64,64,7344.88
1024,0,64,128,7467.32
1024,0,64,256,7818.66
1024,0,64,512,8490.48
1024,0,64,1024,10229.4
1024,0,64,2048,14088.5
1024,0,64,4096,21087.4
1024,0,64,8192,35042.6
1024,0,128,16,7221.35
1024,0,128,32,7433.61
1024,0,128,64,7569.88
1024,0,128,128,7926.09
1024,0,128,256,8597.17
1024,0,128,512,10172.5
1024,0,128,1024,13546.4
1024,0,128,2048,20013.3
1024,0,128,4096,32781
1024,0,128,8192,59947.8
1024,16,0,0,7268
1024,16,1,16,7222.87
1024,16,1,32,7339.32
1024,16,1,64,7237.77
1024,16,1,128,7246.59
1024,16,1,256,7272.35
1024,16,1,512,7275.37
1024,16,1,1024,7305.27
1024,16,1,2048,7659.34
1024,16,1,4096,9044.67
1024,16,1,8192,11337
1024,16,2,16,7206.21
1024,16,2,32,7267.54
1024,16,2,64,7240.81
1024,16,2,128,7278.87
1024,16,2,256,7289.04
1024,16,2,512,7309.39
1024,16,2,1024,7382.15
1024,16,2,2048,7889.95
1024,16,2,4096,9113.82
1024,16,2,8192,11933.4
1024,16,4,16,7284.58
1024,16,4,32,7298
1024,16,4,64,7208.25
1024,16,4,128,7243.25
1024,16,4,256,7293.95
1024,16,4,512,7312.61
1024,16,4,1024,7435.21
1024,16,4,2048,8172.83
1024,16,4,4096,9929.24
1024,16,4,8192,14470.1
1024,16,8,16,7364.32
1024,16,8,32,7300.09
1024,16,8,64,7308.2
1024,16,8,128,7320.66
1024,16,8,256,7347.41
1024,16,8,512,7456.19
1024,16,8,1024,7665.1
1024,16,8,2048,8665.1
1024,16,8,4096,11030.2
1024,16,8,8192,15321.9
1024,16,16,16,7249.01
1024,16,16,32,7303.17
1024,16,16,64,7315.78
1024,16,16,128,7373.39
1024,16,16,256,7438.79
1024,16,16,512,7622.81
1024,16,16,1024,8063.8
1024,16,16,2048,9498.78
1024,16,16,4096,12773.7
1024,16,16,8192,18466.1
1024,16,32,16,7290.06
1024,16,32,32,7344.44
1024,16,32,64,7409.52
1024,16,32,128,7487.9
1024,16,32,256,7609.51
1024,16,32,512,7979.35
1024,16,32,1024,8793.98
1024,16,32,2048,11155
1024,16,32,4096,15507.3
1024,16,32,8192,23740.6
1024,16,64,16,7373.2
1024,16,64,32,7432.87
1024,16,64,64,7525.38
1024,16,64,128,7693.34
1024,16,64,256,8035.01
1024,16,64,512,8685.47
1024,16,64,1024,10431.3
1024,16,64,2048,14255.7
1024,16,64,4096,21329.2
1024,16,64,8192,35308.9
1024,16,128,16,7451.79
1024,16,128,32,7627.66
1024,16,128,64,7794.36
1024,16,128,128,8115.62
1024,16,128,256,8828.59
1024,16,128,512,10366.6
1024,16,128,1024,13721.4
1024,16,128,2048,20193.8
1024,16,128,4096,33035.3
1024,16,128,8192,60133.5
1024,32,0,0,7428.11
1024,32,1,16,7444.71
1024,32,1,32,7442.53
1024,32,1,64,7428.21
1024,32,1,128,7449.79
1024,32,1,256,7462.36
1024,32,1,512,7497.11
1024,32,1,1024,7465.24
1024,32,1,2048,7799.2
1024,32,1,4096,9196.82
1024,32,1,8192,11301.1
1024,32,2,16,7414.33
1024,32,2,32,7425.86
1024,32,2,64,7464.23
1024,32,2,128,7460.19
1024,32,2,256,7455.68
1024,32,2,512,7483.53
1024,32,2,1024,7575.56
1024,32,2,2048,8016.03
1024,32,2,4096,9355.6
1024,32,2,8192,13425.6
1024,32,4,16,7477.34
1024,32,4,32,7463.03
1024,32,4,64,7429.21
1024,32,4,128,7484.84
1024,32,4,256,7502.22
1024,32,4,512,7545.23
1024,32,4,1024,7660.54
1024,32,4,2048,8520.34
1024,32,4,4096,9898.58
1024,32,4,8192,13398.6
1024,32,8,16,7450
1024,32,8,32,7468.35
1024,32,8,64,7452.41
1024,32,8,128,7519.66
1024,32,8,256,7557.8
1024,32,8,512,7642.38
1024,32,8,1024,7848.57
1024,32,8,2048,8857.44
1024,32,8,4096,11591.7
1024,32,8,8192,15376
1024,32,16,16,7476.88
1024,32,16,32,7517.46
1024,32,16,64,7500.64
1024,32,16,128,7552.98
1024,32,16,256,7647.28
1024,32,16,512,7780.57
1024,32,16,1024,8245.29
1024,32,16,2048,9675.04
1024,32,16,4096,13123.8
1024,32,16,8192,18433
1024,32,32,16,7519.39
1024,32,32,32,7561.76
1024,32,32,64,7602.84
1024,32,32,128,7696.34
1024,32,32,256,7812.68
1024,32,32,512,8160.96
1024,32,32,1024,8988.41
1024,32,32,2048,11383.3
1024,32,32,4096,15750
1024,32,32,8192,23953.8
1024,32,64,16,7573.25
1024,32,64,32,7645.8
1024,32,64,64,7720.21
1024,32,64,128,7898.21
1024,32,64,256,8203.3
1024,32,64,512,8890.84
1024,32,64,1024,10619.6
1024,32,64,2048,14458.7
1024,32,64,4096,21505.6
1024,32,64,8192,35473.9
1024,32,128,16,7657.3
1024,32,128,32,7783.24
1024,32,128,64,7967.19
1024,32,128,128,8421.41
1024,32,128,256,9012.23
1024,32,128,512,10545.9
1024,32,128,1024,13956.7
1024,32,128,2048,20407
1024,32,128,4096,33288.3
1024,32,128,8192,60264.8
1024,64,0,0,7852.37
1024,64,1,16,7874.33
1024,64,1,32,7862.58
1024,64,1,64,7835.69
1024,64,1,128,7846.48
1024,64,1,256,7853.28
1024,64,1,512,7890.16
1024,64,1,1024,7880.11
1024,64,1,2048,8292.3
1024,64,1,4096,9540.85
1024,64,1,8192,11754.5
1024,64,2,16,7875.38
1024,64,2,32,7832.34
1024,64,2,64,7834.52
1024,64,2,128,7858.03
1024,64,2,256,7901.51
1024,64,2,512,7890.25
1024,64,2,1024,7955.76
1024,64,2,2048,8446.38
1024,64,2,4096,9774.09
1024,64,2,8192,12740
1024,64,4,16,7888.16
1024,64,4,32,7835.06
1024,64,4,64,7870.91
1024,64,4,128,7895.86
1024,64,4,256,7906.41
1024,64,4,512,7944
1024,64,4,1024,8034.15
1024,64,4,2048,8917.08
1024,64,4,4096,11364.7
1024,64,4,8192,14479.8
1024,64,8,16,7873.12
1024,64,8,32,7859.56
1024,64,8,64,7889.36
1024,64,8,128,7915.44
1024,64,8,256,7949.51
1024,64,8,512,8044.05
1024,64,8,1024,8244.17
1024,64,8,2048,9085.61
1024,64,8,4096,11532.7
1024,64,8,8192,15481.1
1024,64,16,16,7846.87
1024,64,16,32,7913.64
1024,64,16,64,7887.93
1024,64,16,128,7964.88
1024,64,16,256,8004.58
1024,64,16,512,8221.29
1024,64,16,1024,8605.02
1024,64,16,2048,9947.18
1024,64,16,4096,13188.9
1024,64,16,8192,19146.8
1024,64,32,16,7901.28
1024,64,32,32,7961.32
1024,64,32,64,7985.4
1024,64,32,128,8083.8
1024,64,32,256,8261.25
1024,64,32,512,8589.2
1024,64,32,1024,9380.94
1024,64,32,2048,11754.6
1024,64,32,4096,16183.1
1024,64,32,8192,24525.3
1024,64,64,16,7978.07
1024,64,64,32,8048.16
1024,64,64,64,8109.82
1024,64,64,128,8301.19
1024,64,64,256,8654.18
1024,64,64,512,9319.95
1024,64,64,1024,11065.9
1024,64,64,2048,14834.3
1024,64,64,4096,21935
1024,64,64,8192,35869.5
1024,64,128,16,8047.02
1024,64,128,32,8172.58
1024,64,128,64,8380.11
1024,64,128,128,8691.1
1024,64,128,256,9380.93
1024,64,128,512,10951.4
1024,64,128,1024,14340
1024,64,128,2048,20808.1
1024,64,128,4096,33791.3
1024,64,128,8192,60563.6
1024,128,0,0,8650.82
1024,128,1,16,8658.89
1024,128,1,32,8667.33
1024,128,1,64,8641.14
1024,128,1,128,8680.68
1024,128,1,256,8678.41
1024,128,1,512,8682.32
1024,128,1,1024,8715.97
1024,128,1,2048,8988.24
1024,128,1,4096,10256.2
1024,128,1,8192,12695.3
1024,128,2,16,8662.48
1024,128,2,32,8649.67
1024,128,2,64,8645.42
1024,128,2,128,8674.34
1024,128,2,256,8667
1024,128,2,512,8693.54
1024,128,2,1024,8760.86
1024,128,2,2048,9187.41
1024,128,2,4096,10412.4
1024,128,2,8192,12875.7
1024,128,4,16,8675.95
1024,128,4,32,8686.39
1024,128,4,64,8680.02
1024,128,4,128,8675.85
1024,128,4,256,8708.51
1024,128,4,512,8746.99
1024,128,4,1024,8829.45
1024,128,4,2048,9423.23
1024,128,4,4096,11358.2
1024,128,4,8192,14687.5
1024,128,8,16,8647.08
1024,128,8,32,8687.73
1024,128,8,64,8698.37
1024,128,8,128,8794.28
1024,128,8,256,8724.9
1024,128,8,512,8874.3
1024,128,8,1024,8961.21
1024,128,8,2048,10110.5
1024,128,8,4096,12125.3
1024,128,8,8192,17467.7
1024,128,16,16,8698.61
1024,128,16,32,8720.54
1024,128,16,64,8716.17
1024,128,16,128,8769.7
1024,128,16,256,8847.53
1024,128,16,512,9045
1024,128,16,1024,9335.85
1024,128,16,2048,11023.4
1024,128,16,4096,14122.6
1024,128,16,8192,19956.8
1024,128,32,16,8687.41
1024,128,32,32,8711.86
1024,128,32,64,8773.58
1024,128,32,128,8844.47
1024,128,32,256,9043.51
1024,128,32,512,9400.25
1024,128,32,1024,10153.2
1024,128,32,2048,12566.5
1024,128,32,4096,17045.7
1024,128,32,8192,25580.2
1024,128,64,16,8767.59
1024,128,64,32,8827.01
1024,128,64,64,8949.23
1024,128,64,128,9091.79
1024,128,64,256,9407.93
1024,128,64,512,10138.6
1024,128,64,1024,11809.1
1024,128,64,2048,15600.6
1024,128,64,4096,22794.4
1024,128,64,8192,36758.2
1024,128,128,16,8838.57
1024,128,128,32,9033.56
1024,128,128,64,9187.59
1024,128,128,128,9522.26
1024,128,128,256,10222.7
1024,128,128,512,11716.2
1024,128,128,1024,15134.1
1024,128,128,2048,21638
1024,128,128,4096,34561.4
1024,128,128,8192,61132.7
1024,256,0,0,10263.1
1024,256,1,16,10247.3
1024,256,1,32,10245.5
1024,256,1,64,10279
1024,256,1,128,10206
1024,256,1,256,10271.1
1024,256,1,512,10271
1024,256,1,1024,10306.3
1024,256,1,2048,10722.5
1024,256,1,4096,11658.5
1024,256,1,8192,14305.9
1024,256,2,16,10264.5
1024,256,2,32,10265.4
1024,256,2,64,10272.4
1024,256,2,128,10282.4
1024,256,2,256,10249.5
1024,256,2,512,10296.2
1024,256,2,1024,10338.3
1024,256,2,2048,10863.5
1024,256,2,4096,12103.8
1024,256,2,8192,14914.1
1024,256,4,16,10245.1
1024,256,4,32,10267.9
1024,256,4,64,10283.8
1024,256,4,128,10279.1
1024,256,4,256,10300.5
1024,256,4,512,10354.1
1024,256,4,1024,10429.2
1024,256,4,2048,11139.9
1024,256,4,4096,12457.7
1024,256,4,8192,16638.3
1024,256,8,16,10255.6
1024,256,8,32,10243.9
1024,256,8,64,10283.5
1024,256,8,128,10251.6
1024,256,8,256,10352
1024,256,8,512,10427.1
1024,256,8,1024,10589.6
1024,256,8,2048,11571.3
1024,256,8,4096,13161.4
1024,256,8,8192,18919.8
1024,256,16,16,10290.6
1024,256,16,32,10297.3
1024,256,16,64,10327.5
1024,256,16,128,10366.5
1024,256,16,256,10450.2
1024,256,16,512,10581.4
1024,256,16,1024,10935.7
1024,256,16,2048,12580.1
1024,256,16,4096,15685.3
1024,256,16,8192,21525.6
1024,256,32,16,10302.9
1024,256,32,32,10337.9
1024,256,32,64,10397.1
1024,256,32,128,8279.28
1024,256,32,256,8394.6
1024,256,32,512,8702.19
1024,256,32,1024,9270.27
1024,256,32,2048,11166.9
1024,256,32,4096,14583
1024,256,32,8192,21425.2
1024,256,64,16,8168.15
1024,256,64,32,8255.14
1024,256,64,64,8317.03
1024,256,64,128,8451.54
1024,256,64,256,8751.02
1024,256,64,512,9315.83
1024,256,64,1024,10593
1024,256,64,2048,17121.6
1024,256,64,4096,24762
1024,256,64,8192,38858.4
1024,256,128,16,10572.7
1024,256,128,32,10773.6
1024,256,128,64,10920.8
1024,256,128,128,11234.3
1024,256,128,256,11989.2
1024,256,128,512,13421.3
1024,256,128,1024,16841.3
1024,256,128,2048,23525.9
1024,256,128,4096,36523.1
1024,256,128,8192,62925.2
1024,512,0,0,13637.1
1024,512,1,16,13591.2
1024,512,1,32,13624.5
1024,512,1,64,13603.9
1024,512,1,128,13602
1024,512,1,256,13614.1
1024,512,1,512,13664.4
1024,512,1,1024,13642.8
1024,512,1,2048,13913.9
1024,512,1,4096,14906.6
1024,512,1,8192,17592.7
1024,512,2,16,13640.9
1024,512,2,32,13558
1024,512,2,64,13602.2
1024,512,2,128,13615.7
1024,512,2,256,13576.9
1024,512,2,512,13587.7
1024,512,2,1024,13723.5
1024,512,2,2048,13979
1024,512,2,4096,15377.3
1024,512,2,8192,18138.3
1024,512,4,16,13674.6
1024,512,4,32,13643.3
1024,512,4,64,13657.5
1024,512,4,128,13642
1024,512,4,256,13628.3
1024,512,4,512,13753.1
1024,512,4,1024,13818.3
1024,512,4,2048,14529.1
1024,512,4,4096,16013.4
1024,512,4,8192,20330.5
1024,512,8,16,13669.8
1024,512,8,32,13612.2
1024,512,8,64,13680.1
1024,512,8,128,13701.7
1024,512,8,256,13716.9
1024,512,8,512,13844.7
1024,512,8,1024,14010.1
1024,512,8,2048,15034.7
1024,512,8,4096,17260.3
1024,512,8,8192,22295.4
1024,512,16,16,13685.7
1024,512,16,32,13722.2
1024,512,16,64,13706.8
1024,512,16,128,13799.1
1024,512,16,256,13884.2
1024,512,16,512,14019
1024,512,16,1024,14427.5
1024,512,16,2048,15706.1
1024,512,16,4096,19002.6
1024,512,16,8192,25116.5
1024,512,32,16,13669.7
1024,512,32,32,13786.6
1024,512,32,64,13811.6
1024,512,32,128,13950.2
1024,512,32,256,14125.2
1024,512,32,512,14408.2
1024,512,32,1024,15157.9
1024,512,32,2048,17281
1024,512,32,4096,21951
1024,512,32,8192,30627
1024,512,64,16,13796.7
1024,512,64,32,13858.7
1024,512,64,64,13971.8
1024,512,64,128,14074.3
1024,512,64,256,14570.4
1024,512,64,512,15172.4
1024,512,64,1024,16653.2
1024,512,64,2048,20445.7
1024,512,64,4096,28053.5
1024,512,64,8192,42300.4
1024,512,128,16,13900.4
1024,512,128,32,14066.3
1024,512,128,64,14216.8
1024,512,128,128,14560.8
1024,512,128,256,15222.1
1024,512,128,512,16728.4
1024,512,128,1024,20066.5
1024,512,128,2048,26689.7
1024,512,128,4096,39823
1024,512,128,8192,65718.9
1024,1024,0,0,20230.2
1024,1024,1,16,20220.6
1024,1024,1,32,20315.5
1024,1024,1,64,20279
1024,1024,1,128,20267.1
1024,1024,1,256,20306.6
1024,1024,1,512,20293.2
1024,1024,1,1024,20313.7
1024,1024,1,2048,20362
1024,1024,1,4096,21171.9
1024,1024,1,8192,23520
1024,1024,2,16,20299.7
1024,1024,2,32,20254.3
1024,1024,2,64,20281.2
1024,1024,2,128,20257.6
1024,1024,2,256,20308
1024,1024,2,512,20326.5
1024,1024,2,1024,20288.7
1024,1024,2,2048,20504.2
1024,1024,2,4096,21833.9
1024,1024,2,8192,24282.7
1024,1024,4,16,20265
1024,1024,4,32,20305.8
1024,1024,4,64,20234.8
1024,1024,4,128,20352.1
1024,1024,4,256,20341
1024,1024,4,512,20357.5
1024,1024,4,1024,20506
1024,1024,4,2048,20691
1024,1024,4,4096,22462.3
1024,1024,4,8192,25850.9
1024,1024,8,16,20305
1024,1024,8,32,20309.9
1024,1024,8,64,20264.7
1024,1024,8,128,20328.9
1024,1024,8,256,20380.6
1024,1024,8,512,20506.6
1024,1024,8,1024,20601.6
1024,1024,8,2048,21166.3
1024,1024,8,4096,22872.2
1024,1024,8,8192,27174
1024,1024,16,16,20302.8
1024,1024,16,32,20243.9
1024,1024,16,64,20360.2
1024,1024,16,128,20388.4
1024,1024,16,256,20437.4
1024,1024,16,512,20588.8
1024,1024,16,1024,21042.1
1024,1024,16,2048,21897.4
1024,1024,16,4096,25240.8
1024,1024,16,8192,31511.7
1024,1024,32,16,20334.4
1024,1024,32,32,20314.8
1024,1024,32,64,20354.5
1024,1024,32,128,20420.3
1024,1024,32,256,20647.9
1024,1024,32,512,20905.9
1024,1024,32,1024,21641.9
1024,1024,32,2048,23528.6
1024,1024,32,4096,28264.3
1024,1024,32,8192,37127.8
1024,1024,64,16,20322
1024,1024,64,32,20385.7
1024,1024,64,64,20436
1024,1024,64,128,20629.9
1024,1024,64,256,21029.1
1024,1024,64,512,21659
1024,1024,64,1024,23175.1
1024,1024,64,2048,26737.3
1024,1024,64,4096,34035
1024,1024,64,8192,49084.9
1024,1024,128,16,20405.6
1024,1024,128,32,20611
1024,1024,128,64,20757.9
1024,1024,128,128,21110.4
1024,1024,128,256,21740.3
1024,1024,128,512,23249.5
1024,1024,128,1024,26332.2
1024,1024,128,2048,33019.4
1024,1024,128,4096,46398.6
1024,1024,128,8192,72532.5
1024,2048,0,0,33352.4
1024,2048,1,16,33348.5
1024,2048,1,32,33369.2
1024,2048,1,64,33351.6
1024,2048,1,128,33383.8
1024,2048,1,256,33343.2
1024,2048,1,512,33224.1
1024,2048,1,1024,33382.3
1024,2048,1,2048,33447.5
1024,2048,1,4096,33699.5
1024,2048,1,8192,36230.1
1024,2048,2,16,33360.8
1024,2048,2,32,33360.3
1024,2048,2,64,33328.5
1024,2048,2,128,33219.7
1024,2048,2,256,33297.9
1024,2048,2,512,33329.5
1024,2048,2,1024,33321.1
1024,2048,2,2048,33471.9
1024,2048,2,4096,34001.4
1024,2048,2,8192,36814.6
1024,2048,4,16,33301.8
1024,2048,4,32,33292
1024,2048,4,64,33290
1024,2048,4,128,33204.4
1024,2048,4,256,33343.3
1024,2048,4,512,33016.8
1024,2048,4,1024,33106.4
1024,2048,4,2048,33315.4
1024,2048,4,4096,34125.1
1024,2048,4,8192,37270.5
1024,2048,8,16,32945.8
1024,2048,8,32,32972.6
1024,2048,8,64,32917.2
1024,2048,8,128,33021.9
1024,2048,8,256,33075.4
1024,2048,8,512,33194.4
1024,2048,8,1024,33352.7
1024,2048,8,2048,33858.1
1024,2048,8,4096,35115.5
1024,2048,8,8192,40111.9
1024,2048,16,16,32996.1
1024,2048,16,32,32913.3
1024,2048,16,64,33012.7
1024,2048,16,128,32956.2
1024,2048,16,256,33073.4
1024,2048,16,512,33209.7
1024,2048,16,1024,33611
1024,2048,16,2048,34501.1
1024,2048,16,4096,37188.1
1024,2048,16,8192,43700.2
1024,2048,32,16,32968.4
1024,2048,32,32,32998
1024,2048,32,64,32998.3
1024,2048,32,128,32987.3
1024,2048,32,256,33241.9
1024,2048,32,512,33538.1
1024,2048,32,1024,34367.9
1024,2048,32,2048,35968.8
1024,2048,32,4096,39949.3
1024,2048,32,8192,48760.1
1024,2048,64,16,32909.4
1024,2048,64,32,32963.7
1024,2048,64,64,33136.7
1024,2048,64,128,33269.3
1024,2048,64,256,33537.3
1024,2048,64,512,34294.2
1024,2048,64,1024,35860.7
1024,2048,64,2048,38715.8
1024,2048,64,4096,46481.2
1024,2048,64,8192,61470.8
1024,2048,128,16,33062.1
1024,2048,128,32,33075.4
1024,2048,128,64,33323.3
1024,2048,128,128,33638.1
1024,2048,128,256,34275.4
1024,2048,128,512,35916.8
1024,2048,128,1024,38717.4
1024,2048,128,2048,45394.4
1024,2048,128,4096,58623.8
1024,2048,128,8192,84427.2
1024,4096,0,0,58564
1024,4096,1,16,58535.3
1024,4096,1,32,58538.3
1024,4096,1,64,58578.4
1024,4096,1,128,58549.3
1024,4096,1,256,58576.6
1024,4096,1,512,58447.2
1024,4096,1,1024,58556.1
1024,4096,1,2048,58577.1
1024,4096,1,4096,58568.2
1024,4096,1,8192,60272.6
1024,4096,2,16,58463.3
1024,4096,2,32,58446.4
1024,4096,2,64,58564.6
1024,4096,2,128,58572.7
1024,4096,2,256,58530.4
1024,4096,2,512,58492.1
1024,4096,2,1024,58625.7
1024,4096,2,2048,58616
1024,4096,2,4096,58587.9
1024,4096,2,8192,60356.6
1024,4096,4,16,58581.4
1024,4096,4,32,58468.1
1024,4096,4,64,58598.5
1024,4096,4,128,58591.5
1024,4096,4,256,58530.6
1024,4096,4,512,58598.1
1024,4096,4,1024,58531.2
1024,4096,4,2048,58853.8
1024,4096,4,4096,58915.4
1024,4096,4,8192,63185.6
1024,4096,8,16,58349.5
1024,4096,8,32,58536.8
1024,4096,8,64,58548
1024,4096,8,128,58482.2
1024,4096,8,256,58490.4
1024,4096,8,512,58587.6
1024,4096,8,1024,58821.8
1024,4096,8,2048,59288.9
1024,4096,8,4096,61146.8
1024,4096,8,8192,63771.1
1024,4096,16,16,58565.6
1024,4096,16,32,58493.2
1024,4096,16,64,58559.3
1024,4096,16,128,58484.1
1024,4096,16,256,58790.9
1024,4096,16,512,58822.9
1024,4096,16,1024,59284.1
1024,4096,16,2048,60239.1
1024,4096,16,4096,61946.7
1024,4096,16,8192,68539.7
1024,4096,32,16,58553.1
1024,4096,32,32,58474.9
1024,4096,32,64,58444.1
1024,4096,32,128,58618.7
1024,4096,32,256,58770.7
1024,4096,32,512,59029.2
1024,4096,32,1024,59888.4
1024,4096,32,2048,61810.7
1024,4096,32,4096,65377.7
1024,4096,32,8192,73333.1
1024,4096,64,16,58500.7
1024,4096,64,32,58554.9
1024,4096,64,64,58622.7
1024,4096,64,128,58760.9
1024,4096,64,256,59110.8
1024,4096,64,512,59816.6
1024,4096,64,1024,61521.8
1024,4096,64,2048,64436.3
1024,4096,64,4096,70139.1
1024,4096,64,8192,85945.3
1024,4096,128,16,58561
1024,4096,128,32,58614.2
1024,4096,128,64,58828.3
1024,4096,128,128,59158.6
1024,4096,128,256,59775
1024,4096,128,512,61617.9
1024,4096,128,1024,64500.2
1024,4096,128,2048,70225.1
1024,4096,128,4096,84480.8
1024,4096,128,8192,109679
1024,8192,0,0,109469
1024,8192,1,16,109595
1024,8192,1,32,109599
1024,8192,1,64,109506
1024,8192,1,128,109577
1024,8192,1,256,109520
1024,8192,1,512,109564
1024,8192,1,1024,109520
1024,8192,1,2048,109624
1024,8192,1,4096,109581
1024,8192,1,8192,109729
1024,8192,2,16,109579
1024,8192,2,32,109542
1024,8192,2,64,109571
1024,8192,2,128,109649
1024,8192,2,256,109571
1024,8192,2,512,109638
1024,8192,2,1024,109664
1024,8192,2,2048,109634
1024,8192,2,4096,109642
1024,8192,2,8192,109619
1024,8192,4,16,109555
1024,8192,4,32,109515
1024,8192,4,64,109530
1024,8192,4,128,109637
1024,8192,4,256,109586
1024,8192,4,512,109581
1024,8192,4,1024,109745
1024,8192,4,2048,109828
1024,8192,4,4096,109833
1024,8192,4,8192,109913
1024,8192,8,16,109493
1024,8192,8,32,109554
1024,8192,8,64,109504
1024,8192,8,128,109580
1024,8192,8,256,109646
1024,8192,8,512,109673
1024,8192,8,1024,109972
1024,8192,8,2048,110486
1024,8192,8,4096,112127
1024,8192,8,8192,116264
1024,8192,16,16,109549
1024,8192,16,32,109626
1024,8192,16,64,109527
1024,8192,16,128,109692
1024,8192,16,256,109594
1024,8192,16,512,109777
1024,8192,16,1024,110228
1024,8192,16,2048,111174
1024,8192,16,4096,113183
1024,8192,16,8192,116980
1024,8192,32,16,109556
1024,8192,32,32,109572
1024,8192,32,64,109570
1024,8192,32,128,109591
1024,8192,32,256,109773
1024,8192,32,512,110131
1024,8192,32,1024,110866
1024,8192,32,2048,112910
1024,8192,32,4096,116785
1024,8192,32,8192,124260
1024,8192,64,16,109471
1024,8192,64,32,109643
1024,8192,64,64,109589
1024,8192,64,128,109773
1024,8192,64,256,110121
1024,8192,64,512,110817
1024,8192,64,1024,112618
1024,8192,64,2048,115738
1024,8192,64,4096,121335
1024,8192,64,8192,132982
1024,8192,128,16,109591
1024,8192,128,32,109712
1024,8192,128,64,109880
1024,8192,128,128,110196
1024,8192,128,256,110960
1024,8192,128,512,112677
1024,8192,128,1024,116230
1024,8192,128,2048,121850
1024,8192,128,4096,133057
1024,8192,128,8192,163062
2048,0,0,0,26558.6
2048,0,1,16,26567
2048,0,1,32,26530.9
2048,0,1,64,26529.4
2048,0,1,128,26531.5
2048,0,1,256,26565.2
2048,0,1,512,26551.1
2048,0,1,1024,26636.4
2048,0,1,2048,26674.7
2048,0,1,4096,27356.7
2048,0,1,8192,30102.4
2048,0,2,16,26610
2048,0,2,32,26572.4
2048,0,2,64,26582.3
2048,0,2,128,26578.4
2048,0,2,256,26536.6
2048,0,2,512,26609
2048,0,2,1024,26653.9
2048,0,2,2048,26752.3
2048,0,2,4096,27997.1
2048,0,2,8192,30522.7
2048,0,4,16,26524.3
2048,0,4,32,26546.6
2048,0,4,64,26573.8
2048,0,4,128,26518.7
2048,0,4,256,26572
2048,0,4,512,26678.3
2048,0,4,1024,26720.8
2048,0,4,2048,26934.6
2048,0,4,4096,29035.4
2048,0,4,8192,33044.6
2048,0,8,16,26555.9
2048,0,8,32,26539.9
2048,0,8,64,26585.3
2048,0,8,128,26564.8
2048,0,8,256,26668.4
2048,0,8,512,26717.6
2048,0,8,1024,26852.7
2048,0,8,2048,27374.5
2048,0,8,4096,29218.9
2048,0,8,8192,35220.7
2048,0,16,16,26590.8
2048,0,16,32,26615.7
2048,0,16,64,26637.1
2048,0,16,128,26632.9
2048,0,16,256,26766.8
2048,0,16,512,26917.1
2048,0,16,1024,27212.1
2048,0,16,2048,28160.3
2048,0,16,4096,31553.7
2048,0,16,8192,37948.6
2048,0,32,16,26550.8
2048,0,32,32,26651.4
2048,0,32,64,26696.8
2048,0,32,128,26759.7
2048,0,32,256,26962.4
2048,0,32,512,27283.7
2048,0,32,1024,27942.5
2048,0,32,2048,29720.8
2048,0,32,4096,34397.4
2048,0,32,8192,43442.3
2048,0,64,16,26590.4
2048,0,64,32,26711.5
2048,0,64,64,26817.6
2048,0,64,128,27013.5
2048,0,64,256,27298.7
2048,0,64,512,28001.8
2048,0,64,1024,29407.3
2048,0,64,2048,32953.1
2048,0,64,4096,40464.3
2048,0,64,8192,55368.4
2048,0,128,16,26749.6
2048,0,128,32,26921.1
2048,0,128,64,27119
2048,0,128,128,27445.8
2048,0,128,256,28135.9
2048,0,128,512,29525.8
2048,0,128,1024,32603.6
2048,0,128,2048,39370.6
2048,0,128,4096,52349.5
2048,0,128,8192,78309.5
2048,16,0,0,26939.6
2048,16,1,16,26945.4
2048,16,1,32,26962.7
2048,16,1,64,26958.8
2048,16,1,128,26975.4
2048,16,1,256,26949.5
2048,16,1,512,26932.2
2048,16,1,1024,26946.1
2048,16,1,2048,27036
2048,16,1,4096,27791.4
2048,16,1,8192,30405.7
2048,16,2,16,26929.3
2048,16,2,32,26984.6
2048,16,2,64,26978.7
2048,16,2,128,26927.9
2048,16,2,256,27009.1
2048,16,2,512,26957.7
2048,16,2,1024,27066.2
2048,16,2,2048,27132.8
2048,16,2,4096,28318.3
2048,16,2,8192,30836.9
2048,16,4,16,26962.3
2048,16,4,32,27017
2048,16,4,64,26948.3
2048,16,4,128,26928.3
2048,16,4,256,26958.2
2048,16,4,512,27010.6
2048,16,4,1024,27082.4
2048,16,4,2048,27379.1
2048,16,4,4096,28726
2048,16,4,8192,32704.8
2048,16,8,16,26999.4
2048,16,8,32,26989.9
2048,16,8,64,26988.1
2048,16,8,128,27003.8
2048,16,8,256,27020.8
2048,16,8,512,27121.9
2048,16,8,1024,27340.7
2048,16,8,2048,27784.2
2048,16,8,4096,30183.2
2048,16,8,8192,33515.9
2048,16,16,16,26971.5
2048,16,16,32,27013.3
2048,16,16,64,27045
2048,16,16,128,27072.9
2048,16,16,256,27153.4
2048,16,16,512,27356.8
2048,16,16,1024,27659.9
2048,16,16,2048,28511.7
2048,16,16,4096,31982.8
2048,16,16,8192,38296.1
2048,16,32,16,26978.3
2048,16,32,32,27036.1
2048,16,32,64,27071.6
2048,16,32,128,27170.7
2048,16,32,256,27342
2048,16,32,512,27697.8
2048,16,32,1024,28347.7
2048,16,32,2048,30105.2
2048,16,32,4096,34790
2048,16,32,8192,43874.7
2048,16,64,16,27061.7
2048,16,64,32,27109.9
2048,16,64,64,27205.8
2048,16,64,128,27386.9
2048,16,64,256,27729.1
2048,16,64,512,28437.6
2048,16,64,1024,29880.8
2048,16,64,2048,33317.7
2048,16,64,4096,40862.8
2048,16,64,8192,55781.2
2048,16,128,16,27057.9
2048,16,128,32,27343.4
2048,16,128,64,27490.5
2048,16,128,128,27789.4
2048,16,128,256,28547
2048,16,128,512,29919.5
2048,16,128,1024,32996.3
2048,16,128,2048,39764.3
2048,16,128,4096,52773.3
2048,16,128,8192,78759.8
2048,32,0,0,27346.2
2048,32,1,16,27314.6
2048,32,1,32,27332.9
2048,32,1,64,27337.5
2048,32,1,128,27296.5
2048,32,1,256,27288.5
2048,32,1,512,27374.3
2048,32,1,1024,27368.8
2048,32,1,2048,27428
2048,32,1,4096,28465.6
2048,32,1,8192,30891.6
2048,32,2,16,27289.1
2048,32,2,32,27314.1
2048,32,2,64,27313.6
2048,32,2,128,27347.4
2048,32,2,256,27342.8
2048,32,2,512,27369.2
2048,32,2,1024,27418
2048,32,2,2048,27562.7
2048,32,2,4096,28751.1
2048,32,2,8192,31291.8
2048,32,4,16,27326.9
2048,32,4,32,27347.2
2048,32,4,64,27342.9
2048,32,4,128,27298
2048,32,4,256,27409
2048,32,4,512,27447.6
2048,32,4,1024,27513.1
2048,32,4,2048,27761.3
2048,32,4,4096,30072.2
2048,32,4,8192,32045.8
2048,32,8,16,27343.2
2048,32,8,32,27374.6
2048,32,8,64,27357.5
2048,32,8,128,27340.8
2048,32,8,256,27471.3
2048,32,8,512,27491.1
2048,32,8,1024,27650.1
2048,32,8,2048,28159.4
2048,32,8,4096,30122.7
2048,32,8,8192,35163.1
2048,32,16,16,27330.6
2048,32,16,32,27367.5
2048,32,16,64,27433.9
2048,32,16,128,27437.8
2048,32,16,256,27545.1
2048,32,16,512,27721.2
2048,32,16,1024,27967.6
2048,32,16,2048,28877.8
2048,32,16,4096,32344.6
2048,32,16,8192,38643.3
2048,32,32,16,27392.3
2048,32,32,32,27374.2
2048,32,32,64,27471.6
2048,32,32,128,21810.3
2048,32,32,256,21964.2
2048,32,32,512,22187.9
2048,32,32,1024,22777.6
2048,32,32,2048,24123
2048,32,32,4096,27788.8
2048,32,32,8192,35027.1
2048,32,64,16,21721.5
2048,32,64,32,21761.5
2048,32,64,64,21840.7
2048,32,64,128,21990.9
2048,32,64,256,22244.8
2048,32,64,512,22735.7
2048,32,64,1024,30570.6
2048,32,64,2048,26672.8
2048,32,64,4096,41671.4
2048,32,64,8192,56757
2048,32,128,16,27842.2
2048,32,128,32,28012.8
2048,32,128,64,28138.7
2048,32,128,128,28535.7
2048,32,128,256,29169.6
2048,32,128,512,23974.5
2048,32,128,1024,26401.6
2048,32,128,2048,31754.4
2048,32,128,4096,41997.4
2048,32,128,8192,62549
2048,64,0,0,22256
2048,64,1,16,22284.2
2048,64,1,32,22268.5
2048,64,1,64,22252.7
2048,64,1,128,22239.2
2048,64,1,256,22226.5
2048,64,1,512,22259.4
2048,64,1,1024,22303.8
2048,64,1,2048,22289.2
2048,64,1,4096,22963.4
2048,64,1,8192,24757.2
2048,64,2,16,22269.4
2048,64,2,32,22227.2
2048,64,2,64,22260.3
2048,64,2,128,22258.8
2048,64,2,256,22252.6
2048,64,2,512,22292.1
2048,64,2,1024,22300.5
2048,64,2,2048,22385.9
2048,64,2,4096,23618
2048,64,2,8192,25238
2048,64,4,16,22237.5
2048,64,4,32,22279.2
2048,64,4,64,22261.3
2048,64,4,128,22276.7
2048,64,4,256,22274.9
2048,64,4,512,22339.2
2048,64,4,1024,22374.4
2048,64,4,2048,22561.9
2048,64,4,4096,23937
2048,64,4,8192,25938.6
2048,64,8,16,22278.5
2048,64,8,32,22276.4
2048,64,8,64,28497.7
2048,64,8,128,28468.4
2048,64,8,256,28470.2
2048,64,8,512,28602.2
2048,64,8,1024,28786.7
2048,64,8,2048,29162.5
2048,64,8,4096,31954.8
2048,64,8,8192,36324.2
2048,64,16,16,28492.7
2048,64,16,32,28500.6
2048,64,16,64,28425
2048,64,16,128,28492.3
2048,64,16,256,28663.7
2048,64,16,512,28799.4
2048,64,16,1024,29124.5
2048,64,16,2048,30013.4
2048,64,16,4096,33479.1
2048,64,16,8192,39839
2048,64,32,16,22289.4
2048,64,32,32,22309.4
2048,64,32,64,22342
2048,64,32,128,22438.5
2048,64,32,256,22558
2048,64,32,512,29153.8
2048,64,32,1024,29855
2048,64,32,2048,31606.5
2048,64,32,4096,36309.8
2048,64,32,8192,45592.4
2048,64,64,16,28508
2048,64,64,32,28644.5
2048,64,64,64,28705.8
2048,64,64,128,28853.7
2048,64,64,256,29211
2048,64,64,512,29951.9
2048,64,64,1024,31352.5
2048,64,64,2048,34899.9
2048,64,64,4096,42473.4
2048,64,64,8192,57615.6
2048,64,128,16,28636.7
2048,64,128,32,28777
2048,64,128,64,28958.4
2048,64,128,128,29324.4
2048,64,128,256,30064.8
2048,64,128,512,31427.8
2048,64,128,1024,34546
2048,64,128,2048,41397.8
2048,64,128,4096,54394.5
2048,64,128,8192,80653
2048,128,0,0,29974.4
2048,128,1,16,30045.4
2048,128,1,32,30004.9
2048,128,1,64,30015.4
2048,128,1,128,23468
2048,128,1,256,23533.7
2048,128,1,512,30017.5
2048,128,1,1024,30083.4
2048,128,1,2048,30087.3
2048,128,1,4096,30795.8
2048,128,1,8192,33500.1
2048,128,2,16,30021.9
2048,128,2,32,30037.1
2048,128,2,64,30026.3
2048,128,2,128,30026.2
2048,128,2,256,30055.9
2048,128,2,512,30054.3
2048,128,2,1024,30092.5
2048,128,2,2048,30204.4
2048,128,2,4096,31121.5
2048,128,2,8192,34138.4
2048,128,4,16,30049.5
2048,128,4,32,30072
2048,128,4,64,30060
2048,128,4,128,30044.4
2048,128,4,256,30093.6
2048,128,4,512,30074.4
2048,128,4,1024,30243.9
2048,128,4,2048,30356.4
2048,128,4,4096,31843.5
2048,128,4,8192,34934
2048,128,8,16,30004.5
2048,128,8,32,30048.1
2048,128,8,64,30039.7
2048,128,8,128,30107.4
2048,128,8,256,30131.9
2048,128,8,512,30147.8
2048,128,8,1024,30378.3
2048,128,8,2048,30762.3
2048,128,8,4096,33202
2048,128,8,8192,37578
2048,128,16,16,30058.2
2048,128,16,32,30069.2
2048,128,16,64,30126.2
2048,128,16,128,30151.9
2048,128,16,256,30232.3
2048,128,16,512,30393.6
2048,128,16,1024,30784.8
2048,128,16,2048,31589.7
2048,128,16,4096,34927.4
2048,128,16,8192,41484.8
2048,128,32,16,30083.8
2048,128,32,32,30094.1
2048,128,32,64,30185.7
2048,128,32,128,30240.2
2048,128,32,256,30489.3
2048,128,32,512,30790
2048,128,32,1024,31404.9
2048,128,32,2048,33189.7
2048,128,32,4096,37887.4
2048,128,32,8192,47269.5
2048,128,64,16,30165.8
2048,128,64,32,30238.8
2048,128,64,64,30285.6
2048,128,64,128,30521.5
2048,128,64,256,30825.2
2048,128,64,512,31585.9
2048,128,64,1024,32944
2048,128,64,2048,36430
2048,128,64,4096,44094.7
2048,128,64,8192,59103.5
2048,128,128,16,30279.1
2048,128,128,32,30372.4
2048,128,128,64,30630.4
2048,128,128,128,30985.1
2048,128,128,256,31706.7
2048,128,128,512,33092.1
2048,128,128,1024,36083.7
2048,128,128,2048,42942.9
2048,128,128,4096,56105.4
2048,128,128,8192,82223.8
2048,256,0,0,33286.7
2048,256,1,16,33252.2
2048,256,1,32,33278.4
2048,256,1,64,33267.8
2048,256,1,128,33184.4
2048,256,1,256,33275.4
2048,256,1,512,33297.6
2048,256,1,1024,33242.7
2048,256,1,2048,33377.4
2048,256,1,4096,33939
2048,256,1,8192,36887.6
2048,256,2,16,33297.9
2048,256,2,32,33315.2
2048,256,2,64,33282.2
2048,256,2,128,33283.1
2048,256,2,256,33312.3
2048,256,2,512,33337.4
2048,256,2,1024,33386.3
2048,256,2,2048,33437.8
2048,256,2,4096,34555
2048,256,2,8192,37129.8
2048,256,4,16,33175.1
2048,256,4,32,33223.1
2048,256,4,64,33282.7
2048,256,4,128,33312.3
2048,256,4,256,33304.8
2048,256,4,512,33389.9
2048,256,4,1024,33503.9
2048,256,4,2048,33660.5
2048,256,4,4096,35298.8
2048,256,4,8192,37889.1
2048,256,8,16,33295.9
2048,256,8,32,33291.1
2048,256,8,64,33223.4
2048,256,8,128,33330.3
2048,256,8,256,33320.7
2048,256,8,512,33461.9
2048,256,8,1024,33642
2048,256,8,2048,34022.2
2048,256,8,4096,35651.5
2048,256,8,8192,41850.5
2048,256,16,16,33328.6
2048,256,16,32,33313.5
2048,256,16,64,33353.2
2048,256,16,128,33414.3
2048,256,16,256,33474.7
2048,256,16,512,33632.1
2048,256,16,1024,34007
2048,256,16,2048,34745.1
2048,256,16,4096,38072
2048,256,16,8192,43979.1
2048,256,32,16,33293
2048,256,32,32,33359.3
2048,256,32,64,33392.8
2048,256,32,128,33517.4
2048,256,32,256,33721.8
2048,256,32,512,34040.1
2048,256,32,1024,34730.4
2048,256,32,2048,36351.5
2048,256,32,4096,41026.3
2048,256,32,8192,50332.5
2048,256,64,16,33364.5
2048,256,64,32,33423
2048,256,64,64,33552.4
2048,256,64,128,33731.5
2048,256,64,256,34089.7
2048,256,64,512,34835.3
2048,256,64,1024,36173.9
2048,256,64,2048,39626.6
2048,256,64,4096,47133.3
2048,256,64,8192,62403.9
2048,256,128,16,33378.8
2048,256,128,32,33718.9
2048,256,128,64,33793.2
2048,256,128,128,34237.8
2048,256,128,256,34889.9
2048,256,128,512,36337.3
2048,256,128,1024,39241.8
2048,256,128,2048,46129
2048,256,128,4096,59278.6
2048,256,128,8192,85478.1
2048,512,0,0,39768.8
2048,512,1,16,39689.4
2048,512,1,32,39751.1
2048,512,1,64,39797.9
2048,512,1,128,39725.7
2048,512,1,256,39765.8
2048,512,1,512,39807
2048,512,1,1024,39810.7
2048,512,1,2048,39867.8
2048,512,1,4096,40576.3
2048,512,1,8192,43159.3
2048,512,2,16,39715.6
2048,512,2,32,39784.7
2048,512,2,64,39704.5
2048,512,2,128,39769.9
2048,512,2,256,39790.3
2048,512,2,512,39821.8
2048,512,2,1024,39854.7
2048,512,2,2048,39952.6
2048,512,2,4096,40557.6
2048,512,2,8192,44374.5
2048,512,4,16,39781.1
2048,512,4,32,39805.4
2048,512,4,64,39734.9
2048,512,4,128,39784
2048,512,4,256,39818.4
2048,512,4,512,39900.2
2048,512,4,1024,39941.9
2048,512,4,2048,40046.4
2048,512,4,4096,41502.9
2048,512,4,8192,46737.8
2048,512,8,16,39754.7
2048,512,8,32,39748.6
2048,512,8,64,39816.1
2048,512,8,128,39810.1
2048,512,8,256,39852
2048,512,8,512,39990.2
2048,512,8,1024,40159.6
2048,512,8,2048,40566.4
2048,512,8,4096,42378.4
2048,512,8,8192,47379
2048,512,16,16,39824.6
2048,512,16,32,39718.3
2048,512,16,64,39762.5
2048,512,16,128,39860.7
2048,512,16,256,39986.2
2048,512,16,512,40142.3
2048,512,16,1024,40450.2
2048,512,16,2048,41175.8
2048,512,16,4096,44336.5
2048,512,16,8192,51020
2048,512,32,16,39803.2
2048,512,32,32,39878.1
2048,512,32,64,39949.9
2048,512,32,128,40010.3
2048,512,32,256,40181.6
2048,512,32,512,40556.8
2048,512,32,1024,41221.9
2048,512,32,2048,42683.6
2048,512,32,4096,47510.5
2048,512,32,8192,56919.4
2048,512,64,16,39891.7
2048,512,64,32,39977.1
2048,512,64,64,40080.4
2048,512,64,128,40216.8
2048,512,64,256,40599.2
2048,512,64,512,41325
2048,512,64,1024,42652
2048,512,64,2048,45886.5
2048,512,64,4096,53390.2
2048,512,64,8192,68408.2
2048,512,128,16,40003.5
2048,512,128,32,40139.8
2048,512,128,64,40366.9
2048,512,128,128,40678.2
2048,512,128,256,41324.7
2048,512,128,512,42768
2048,512,128,1024,45595.9
2048,512,128,2048,52622.8
2048,512,128,4096,65660.9
2048,512,128,8192,92280.8
2048,1024,0,0,52643.8
2048,1024,1,16,52723.9
2048,1024,1,32,52683.9
2048,1024,1,64,52740.5
2048,1024,1,128,52750.5
2048,1024,1,256,52744
2048,1024,1,512,52813
2048,1024,1,1024,52720
2048,1024,1,2048,52748.6
2048,1024,1,4096,53194.1
2048,1024,1,8192,55468.5
2048,1024,2,16,52719.1
2048,1024,2,32,52663.2
2048,1024,2,64,52673.8
2048,1024,2,128,52689
2048,1024,2,256,52732.5
2048,1024,2,512,52794.2
2048,1024,2,1024,52826.2
2048,1024,2,2048,52916.5
2048,1024,2,4096,53432
2048,1024,2,8192,56120.1
2048,1024,4,16,52748
2048,1024,4,32,52750.9
2048,1024,4,64,52702.3
2048,1024,4,128,52608.9
2048,1024,4,256,52743.3
2048,1024,4,512,52734.4
2048,1024,4,1024,52923.8
2048,1024,4,2048,52993.9
2048,1024,4,4096,54112.5
2048,1024,4,8192,57929.9
2048,1024,8,16,52776
2048,1024,8,32,52707
2048,1024,8,64,52719.5
2048,1024,8,128,52703.8
2048,1024,8,256,52841.8
2048,1024,8,512,52895.6
2048,1024,8,1024,53043.9
2048,1024,8,2048,53454.5
2048,1024,8,4096,54796.9
2048,1024,8,8192,60017
2048,1024,16,16,52760.8
2048,1024,16,32,52764.6
2048,1024,16,64,52754.1
2048,1024,16,128,52846.9
2048,1024,16,256,52876.1
2048,1024,16,512,53118.1
2048,1024,16,1024,53397.3
2048,1024,16,2048,53978
2048,1024,16,4096,56708.1
2048,1024,16,8192,63576.3
2048,1024,32,16,52758.3
2048,1024,32,32,52808.8
2048,1024,32,64,52822.5
2048,1024,32,128,52958.7
2048,1024,32,256,53132.6
2048,1024,32,512,53283.8
2048,1024,32,1024,54223
2048,1024,32,2048,55468.2
2048,1024,32,4096,59905.1
2048,1024,32,8192,69281.9
2048,1024,64,16,52778.6
2048,1024,64,32,52897.5
2048,1024,64,64,52973.6
2048,1024,64,128,53102.9
2048,1024,64,256,53424.7
2048,1024,64,512,54092.7
2048,1024,64,1024,55518.1
2048,1024,64,2048,58518.3
2048,1024,64,4096,66083.8
2048,1024,64,8192,81286.4
2048,1024,128,16,52925.1
2048,1024,128,32,53130.8
2048,1024,128,64,53287.6
2048,1024,128,128,53606.9
2048,1024,128,256,54149
2048,1024,128,512,55723
2048,1024,128,1024,58524.9
2048,1024,128,2048,65304.6
2048,1024,128,4096,78443.3
2048,1024,128,8192,104729
2048,2048,0,0,78428.9
2048,2048,1,16,78514.5
2048,2048,1,32,78413
2048,2048,1,64,78488.2
2048,2048,1,128,78506.3
2048,2048,1,256,78331.1
2048,2048,1,512,78511.9
2048,2048,1,1024,78482.8
2048,2048,1,2048,78528.3
2048,2048,1,4096,78644.7
2048,2048,1,8192,79987.3
2048,2048,2,16,78463.2
2048,2048,2,32,78552.2
2048,2048,2,64,78471.2
2048,2048,2,128,78531.9
2048,2048,2,256,78350.3
2048,2048,2,512,78501.4
2048,2048,2,1024,78555.6
2048,2048,2,2048,78616.5
2048,2048,2,4096,78900.6
2048,2048,2,8192,81377.3
2048,2048,4,16,78309.2
2048,2048,4,32,78531.1
2048,2048,4,64,78501.5
2048,2048,4,128,78440.3
2048,2048,4,256,78470.9
2048,2048,4,512,78530.9
2048,2048,4,1024,78759.3
2048,2048,4,2048,78979.6
2048,2048,4,4096,79465.6
2048,2048,4,8192,82730.3
2048,2048,8,16,78526.4
2048,2048,8,32,78314.1
2048,2048,8,64,78489.4
2048,2048,8,128,78459.7
2048,2048,8,256,78563.1
2048,2048,8,512,78561.7
2048,2048,8,1024,78908.3
2048,2048,8,2048,79196.4
2048,2048,8,4096,80169.8
2048,2048,8,8192,84886.6
2048,2048,16,16,78650.2
2048,2048,16,32,78505.5
2048,2048,16,64,78579.6
2048,2048,16,128,78636.2
2048,2048,16,256,78512
2048,2048,16,512,78787.7
2048,2048,16,1024,79213.7
2048,2048,16,2048,79828.9
2048,2048,16,4096,81691.3
2048,2048,16,8192,87907
2048,2048,32,16,78639.2
2048,2048,32,32,78465.8
2048,2048,32,64,78609.9
2048,2048,32,128,78688.2
2048,2048,32,256,78854.1
2048,2048,32,512,79072.4
2048,2048,32,1024,79883.1
2048,2048,32,2048,81238.3
2048,2048,32,4096,84849.2
2048,2048,32,8192,94660.5
2048,2048,64,16,78662.7
2048,2048,64,32,78724.5
2048,2048,64,64,78698.3
2048,2048,64,128,78827.3
2048,2048,64,256,78989.6
2048,2048,64,512,79904.3
2048,2048,64,1024,81374.6
2048,2048,64,2048,84210.5
2048,2048,64,4096,91376.1
2048,2048,64,8192,106622
2048,2048,128,16,78687.5
2048,2048,128,32,78741.5
2048,2048,128,64,78925.2
2048,2048,128,128,79234.4
2048,2048,128,256,79861.4
2048,2048,128,512,81428
2048,2048,128,1024,84351.1
2048,2048,128,2048,90549.4
2048,2048,128,4096,104201
2048,2048,128,8192,130342
2048,4096,0,0,129795
2048,4096,1,16,129916
2048,4096,1,32,129703
2048,4096,1,64,129774
2048,4096,1,128,129852
2048,4096,1,256,129830
2048,4096,1,512,129915
2048,4096,1,1024,129922
2048,4096,1,2048,129959
2048,4096,1,4096,129992
2048,4096,1,8192,131184
2048,4096,2,16,129565
2048,4096,2,32,129780
2048,4096,2,64,129860
2048,4096,2,128,129752
2048,4096,2,256,129851
2048,4096,2,512,129933
2048,4096,2,1024,129826
2048,4096,2,2048,129930
2048,4096,2,4096,130217
2048,4096,2,8192,131797
2048,4096,4,16,129866
2048,4096,4,32,129659
2048,4096,4,64,129672
2048,4096,4,128,129892
2048,4096,4,256,129729
2048,4096,4,512,129910
2048,4096,4,1024,129931
2048,4096,4,2048,130243
2048,4096,4,4096,130439
2048,4096,4,8192,133111
2048,4096,8,16,129851
2048,4096,8,32,129761
2048,4096,8,64,128885
2048,4096,8,128,101612
2048,4096,8,256,101674
2048,4096,8,512,101682
2048,4096,8,1024,130187
2048,4096,8,2048,130476
2048,4096,8,4096,129897
2048,4096,8,8192,132807
2048,4096,16,16,128352
2048,4096,16,32,128584
2048,4096,16,64,128523
2048,4096,16,128,128524
2048,4096,16,256,128522
2048,4096,16,512,128899
2048,4096,16,1024,102076
2048,4096,16,2048,102751
2048,4096,16,4096,103892
2048,4096,16,8192,107982
2048,4096,32,16,101666
2048,4096,32,32,101664
2048,4096,32,64,101699
2048,4096,32,128,101715
2048,4096,32,256,101731
2048,4096,32,512,130413
2048,4096,32,1024,131235
2048,4096,32,2048,133010
2048,4096,32,4096,135728
2048,4096,32,8192,144908
2048,4096,64,16,111090
2048,4096,64,32,101754
2048,4096,64,64,111652
2048,4096,64,128,130191
2048,4096,64,256,130489
2048,4096,64,512,131357
2048,4096,64,1024,132917
2048,4096,64,2048,126106
2048,4096,64,4096,111002
2048,4096,64,8192,142313
2048,4096,128,16,129788
2048,4096,128,32,130041
2048,4096,128,64,130362
2048,4096,128,128,130655
2048,4096,128,256,131221
2048,4096,128,512,132795
2048,4096,128,1024,136155
2048,4096,128,2048,141921
2048,4096,128,4096,155445
2048,4096,128,8192,181586
2048,8192,0,0,232772
2048,8192,1,16,232937
2048,8192,1,32,232934
2048,8192,1,64,233029
2048,8192,1,128,232912
2048,8192,1,256,232888
2048,8192,1,512,233065
2048,8192,1,1024,232990
2048,8192,1,2048,233000
2048,8192,1,4096,233053
2048,8192,1,8192,233054
2048,8192,2,16,193219
2048,8192,2,32,233066
2048,8192,2,64,232904
2048,8192,2,128,182308
2048,8192,2,256,182367
2048,8192,2,512,230474
2048,8192,2,1024,230386
2048,8192,2,2048,230649
2048,8192,2,4096,208317
2048,8192,2,8192,233513
2048,8192,4,16,232820
2048,8192,4,32,208993
2048,8192,4,64,233027
2048,8192,4,128,232917
2048,8192,4,256,209593
2048,8192,4,512,233023
2048,8192,4,1024,182378
2048,8192,4,2048,182631
2048,8192,4,4096,233431
2048,8192,4,8192,233692
2048,8192,8,16,232981
2048,8192,8,32,233056
2048,8192,8,64,232903
2048,8192,8,128,232992
2048,8192,8,256,233037
2048,8192,8,512,233187
2048,8192,8,1024,233260
2048,8192,8,2048,233594
2048,8192,8,4096,234019
2048,8192,8,8192,183334
2048,8192,16,16,186816
2048,8192,16,32,232914
2048,8192,16,64,232984
2048,8192,16,128,233109
2048,8192,16,256,233077
2048,8192,16,512,233297
2048,8192,16,1024,233566
2048,8192,16,2048,234382
2048,8192,16,4096,225571
2048,8192,16,8192,187794
2048,8192,32,16,182352
2048,8192,32,32,202556
2048,8192,32,64,233117
2048,8192,32,128,233089
2048,8192,32,256,233234
2048,8192,32,512,233581
2048,8192,32,1024,224712
2048,8192,32,2048,184699
2048,8192,32,4096,187026
2048,8192,32,8192,198808
2048,8192,64,16,182265
2048,8192,64,32,182446
2048,8192,64,64,182367
2048,8192,64,128,182560
2048,8192,64,256,182972
2048,8192,64,512,224730
2048,8192,64,1024,235933
2048,8192,64,2048,238959
2048,8192,64,4096,245209
2048,8192,64,8192,257224
2048,8192,128,16,233176
2048,8192,128,32,224818
2048,8192,128,64,205174
2048,8192,128,128,233886
2048,8192,128,256,234442
2048,8192,128,512,184704
2048,8192,128,1024,187109
2048,8192,128,2048,192350
2048,8192,128,4096,200920
2048,8192,128,8192,221803
