prefill_chunk,kv_prefill,n_decode,kv_decode,time_us
0,0,1,16,25.9093
0,0,1,32,25.7917
0,0,1,64,25.888
0,0,1,128,26.304
0,0,1,256,33.4937
0,0,1,512,55.7117
0,0,1,1024,82.0913
0,0,1,2048,133.631
0,0,1,4096,238.964
0,0,1,8192,448.084
0,0,2,16,23.4983
0,0,2,32,23.5633
0,0,2,64,24.4697
0,0,2,128,29.2157
0,0,2,256,42.6233
0,0,2,512,74.847
0,0,2,1024,114.592
0,0,2,2048,189.599
0,0,2,4096,353.13
0,0,2,8192,772.553
0,0,4,16,23.7227
0,0,4,32,29.354
0,0,4,64,36.2347
0,0,4,128,45.9947
0,0,4,256,69.7923
0,0,4,512,115.435
0,0,4,1024,210.976
0,0,4,2048,363.541
0,0,4,4096,675.635
0,0,4,8192,1493.56
0,0,8,16,31.2957
0,0,8,32,38.5063
0,0,8,64,52.1813
0,0,8,128,76.0427
0,0,8,256,117.099
0,0,8,512,203.69
0,0,8,1024,385.834
0,0,8,2048,708.041
0,0,8,4096,1326.82
0,0,8,8192,2746.89
0,0,16,16,50.8057
0,0,16,32,62.0047
0,0,16,64,84.8
0,0,16,128,128.213
0,0,16,256,211.765
0,0,16,512,380.052
0,0,16,1024,714.004
0,0,16,2048,1373.8
0,0,16,4096,2658.22
0,0,16,8192,5483.78
0,0,32,16,62.9977
0,0,32,32,112.917
0,0,32,64,565.694
0,0,32,128,256.725
0,0,32,256,450.356
0,0,32,512,836.212
0,0,32,1024,1608.3
0,0,32,2048,3148.43
0,0,32,4096,6229.17
0,0,32,8192,12398.4
0,0,64,16,104.042
0,0,64,32,190.847
0,0,64,64,277.012
0,0,64,128,501.545
0,0,64,256,798.505
0,0,64,512,1654.48
0,0,64,1024,3189.23
0,0,64,2048,6271.9
0,0,64,4096,12419.7
0,0,64,8192,24752.5
0,0,128,16,195.52
0,0,128,32,358.623
0,0,128,64,542.015
0,0,128,128,883.86
0,0,128,256,1551.73
0,0,128,512,2904.81
0,0,128,1024,5594.27
0,0,128,2048,10983.9
0,0,128,4096,21769
0,0,128,8192,43336.4
0,0,256,16,369.333
0,0,256,32,683.679
0,0,256,64,1016.05
0,0,256,128,1634.87
0,0,256,256,2896.92
0,0,256,512,5402.33
0,0,256,1024,10425.4
0,0,256,2048,20445.8
0,0,256,4096,40501.3
0,0,256,8192,80591.9
16,0,0,0,27.6693
16,0,1,16,26.8263
16,0,1,32,39.1787
16,0,1,64,53.248
16,0,1,128,81.7493
16,0,1,256,140.395
16,0,1,512,257.216
16,0,1,1024,493.193
16,0,1,2048,964.03
16,0,1,4096,1905.21
16,0,1,8192,3788.42
16,0,2,16,25.771
16,0,2,32,38.2073
16,0,2,64,53.1627
16,0,2,128,81.365
16,0,2,256,139.466
16,0,2,512,256.851
16,0,2,1024,492.181
16,0,2,2048,963.017
16,0,2,4096,1903
16,0,2,8192,3783.52
16,0,4,16,25.963
16,0,4,32,38.485
16,0,4,64,53.0983
16,0,4,128,81.2477
16,0,4,256,138.56
16,0,4,512,255.423
16,0,4,1024,488.799
16,0,4,2048,954.782
16,0,4,4096,1886.44
16,0,4,8192,3751.27
16,0,8,16,34.6133
16,0,8,32,60.053
16,0,8,64,84.4583
16,0,8,128,131.669
16,0,8,256,230.132
16,0,8,512,422.868
16,0,8,1024,811.216
16,0,8,2048,1587.42
16,0,8,4096,3139.07
16,0,8,8192,6238.82
16,0,16,16,35.7647
16,0,16,32,61.6003
16,0,16,64,86.9863
16,0,16,128,134.869
16,0,16,256,231.924
16,0,16,512,427.167
16,0,16,1024,815.411
16,0,16,2048,1594.23
16,0,16,4096,3149.26
16,0,16,8192,6255
16,0,32,16,63.84
16,0,32,32,113.803
16,0,32,64,162.485
16,0,32,128,261.269
16,0,32,256,452.927
16,0,32,512,839.7
16,0,32,1024,1611.81
16,0,32,2048,3151.93
16,0,32,4096,6234.36
16,0,32,8192,12398
16,0,64,16,113.994
16,0,64,32,204.725
16,0,64,64,289.599
16,0,64,128,502.12
16,0,64,256,809.694
16,0,64,512,1654.71
16,0,64,1024,2884.44
16,0,64,2048,6269.88
16,0,64,4096,12424.8
16,0,64,8192,24758.8
16,0,128,16,203.349
16,0,128,32,367.989
16,0,128,64,543.199
16,0,128,128,883.891
16,0,128,256,1553.52
16,0,128,512,2905.86
16,0,128,1024,5592.94
16,0,128,2048,10987.1
16,0,128,4096,21760.1
16,0,128,8192,43340.3
16,16,0,0,27.776
16,16,1,16,26.7307
16,16,1,32,39.072
16,16,1,64,53.5253
16,16,1,128,81.8557
16,16,1,256,140.064
16,16,1,512,258.026
16,16,1,1024,493.183
16,16,1,2048,964.383
16,16,1,4096,1904.7
16,16,1,8192,3787.38
16,16,2,16,25.76
16,16,2,32,38.3893
16,16,2,64,52.7893
16,16,2,128,81.4077
16,16,2,256,139.754
16,16,2,512,257.386
16,16,2,1024,492.756
16,16,2,2048,963.186
16,16,2,4096,1904.64
16,16,2,8192,3785.43
16,16,4,16,25.792
16,16,4,32,38.4747
16,16,4,64,52.9173
16,16,4,128,81.4293
16,16,4,256,138.912
16,16,4,512,255.422
16,16,4,1024,489.215
16,16,4,2048,954.856
16,16,4,4096,1887
16,16,4,8192,3749.92
16,16,8,16,35.1037
16,16,8,32,60.16
16,16,8,64,84.0213
16,16,8,128,132.64
16,16,8,256,230.39
16,16,8,512,422.836
16,16,8,1024,810.398
16,16,8,2048,1585.99
16,16,8,4096,3136.95
16,16,8,8192,6234.03
16,16,16,16,36.117
16,16,16,32,61.7917
16,16,16,64,86.41
16,16,16,128,134.923
16,16,16,256,232.479
16,16,16,512,425.833
16,16,16,1024,815.55
16,16,16,2048,1591.25
16,16,16,4096,3149.15
16,16,16,8192,6254.62
16,16,32,16,63.8717
16,16,32,32,113.931
16,16,32,64,163.092
16,16,32,128,259.359
16,16,32,256,454.229
16,16,32,512,839.742
16,16,32,1024,1617.34
16,16,32,2048,3154.16
16,16,32,4096,6239.41
16,16,32,8192,12399.2
16,16,64,16,112.725
16,16,64,32,199.296
16,16,64,64,288.628
16,16,64,128,501.47
16,16,64,256,809.801
16,16,64,512,1657.65
16,16,64,1024,3093.96
16,16,64,2048,6272.09
16,16,64,4096,12007.2
16,16,64,8192,24761.3
16,16,128,16,203.957
16,16,128,32,368.042
16,16,128,64,543.444
16,16,128,128,884.777
16,16,128,256,1554.58
16,16,128,512,2906.24
16,16,128,1024,5596.28
16,16,128,2048,10989.2
16,16,128,4096,21768.8
16,16,128,8192,43340.7
16,32,0,0,41.461
16,32,1,16,39.8503
16,32,1,32,40.3197
16,32,1,64,53.7703
16,32,1,128,82.1333
16,32,1,256,139.679
16,32,1,512,257.258
16,32,1,1024,492.521
16,32,1,2048,963.464
16,32,1,4096,1904.35
16,32,1,8192,3787.65
16,32,2,16,39.2317
16,32,2,32,39.0933
16,32,2,64,53.557
16,32,2,128,81.5783
16,32,2,256,139.499
16,32,2,512,257.344
16,32,2,1024,492.863
16,32,2,2048,962.781
16,32,2,4096,1903.42
16,32,2,8192,3783.94
16,32,4,16,39.0397
16,32,4,32,39.4023
16,32,4,64,53.6213
16,32,4,128,81.7803
16,32,4,256,139.179
16,32,4,512,255.861
16,32,4,1024,488.8
16,32,4,2048,955.529
16,32,4,4096,1887.18
16,32,4,8192,3752.37
16,32,8,16,48.9177
16,32,8,32,60.48
16,32,8,64,84.3837
16,32,8,128,131.744
16,32,8,256,230.251
16,32,8,512,424.02
16,32,8,1024,811.752
16,32,8,2048,1585.82
16,32,8,4096,3137.82
16,32,8,8192,6239.14
16,32,16,16,49.4183
16,32,16,32,61.3863
16,32,16,64,88.0743
16,32,16,128,135.551
16,32,16,256,232.842
16,32,16,512,427.082
16,32,16,1024,816.35
16,32,16,2048,1590.85
16,32,16,4096,3147.91
16,32,16,8192,6260.68
16,32,32,16,79.9787
16,32,32,32,114.111
16,32,32,64,163.35
16,32,32,128,260.543
16,32,32,256,452.703
16,32,32,512,839.678
16,32,32,1024,1616.39
16,32,32,2048,3151.65
16,32,32,4096,6233.05
16,32,32,8192,12400.5
16,32,64,16,122.143
16,32,64,32,205.215
16,32,64,64,296.415
16,32,64,128,499.913
16,32,64,256,817.15
16,32,64,512,1656.51
16,32,64,1024,2990.45
16,32,64,2048,6272.32
16,32,64,4096,12429.9
16,32,64,8192,24756.5
16,32,128,16,208.255
16,32,128,32,378.292
16,32,128,64,545.886
16,32,128,128,883.337
16,32,128,256,1556.66
16,32,128,512,2907.24
16,32,128,1024,5726.03
16,32,128,2048,10986.8
16,32,128,4096,21773
16,32,128,8192,43336.9
16,64,0,0,54.8693
16,64,1,16,53.536
16,64,1,32,53.3653
16,64,1,64,53.568
16,64,1,128,81.8873
16,64,1,256,139.391
16,64,1,512,256.917
16,64,1,1024,492.373
16,64,1,2048,963.378
16,64,1,4096,1904.1
16,64,1,8192,3788.01
16,64,2,16,52.7893
16,64,2,32,52.8323
16,64,2,64,53.0027
16,64,2,128,81.4393
16,64,2,256,139.028
16,64,2,512,256.842
16,64,2,1024,492.158
16,64,2,2048,962.546
16,64,2,4096,1902.94
16,64,2,8192,3782.67
16,64,4,16,53.088
16,64,4,32,53.1513
16,64,4,64,53.5897
16,64,4,128,81.6963
16,64,4,256,139.029
16,64,4,512,255.967
16,64,4,1024,488.874
16,64,4,2048,954.652
16,64,4,4096,1887.55
16,64,4,8192,3752.24
16,64,8,16,62.955
16,64,8,32,74.3787
16,64,8,64,85.343
16,64,8,128,132.138
16,64,8,256,230.474
16,64,8,512,421.844
16,64,8,1024,811.678
16,64,8,2048,1584.22
16,64,8,4096,3137.8
16,64,8,8192,6240.71
16,64,16,16,63.904
16,64,16,32,338.196
16,64,16,64,87.786
16,64,16,128,134.816
16,64,16,256,232.691
16,64,16,512,427.22
16,64,16,1024,815.624
16,64,16,2048,1593.94
16,64,16,4096,3151.36
16,64,16,8192,6259.68
16,64,32,16,100.011
16,64,32,32,129.152
16,64,32,64,163.168
16,64,32,128,258.484
16,64,32,256,453.215
16,64,32,512,839.23
16,64,32,1024,1613.47
16,64,32,2048,3151.79
16,64,32,4096,6229.65
16,64,32,8192,12403.1
16,64,64,16,135.872
16,64,64,32,214.57
16,64,64,64,290.057
16,64,64,128,500.97
16,64,64,256,829.278
16,64,64,512,1654.56
16,64,64,1024,3087.04
16,64,64,2048,6271.52
16,64,64,4096,11600.2
16,64,64,8192,24760.9
16,64,128,16,224.063
16,64,128,32,381.663
16,64,128,64,549.961
16,64,128,128,881.214
16,64,128,256,1556.58
16,64,128,512,2905.08
16,64,128,1024,5594.08
16,64,128,2048,10984.5
16,64,128,4096,21771.9
16,64,128,8192,43339.2
16,128,0,0,83.4563
16,128,1,16,81.706
16,128,1,32,82.0157
16,128,1,64,81.621
16,128,1,128,82.624
16,128,1,256,139.2
16,128,1,512,256.522
16,128,1,1024,491.775
16,128,1,2048,962.941
16,128,1,4096,1903.87
16,128,1,8192,3787.57
16,128,2,16,81.3863
16,128,2,32,81.056
16,128,2,64,81.2377
16,128,2,128,81.866
16,128,2,256,138.902
16,128,2,512,256.33
16,128,2,1024,491.85
16,128,2,2048,962.248
16,128,2,4096,1902.64
16,128,2,8192,3783.45
16,128,4,16,81.3753
16,128,4,32,81.7603
16,128,4,64,81.7377
16,128,4,128,82.2823
16,128,4,256,139.264
16,128,4,512,255.539
16,128,4,1024,488.958
16,128,4,2048,954.983
16,128,4,4096,1887.22
16,128,4,8192,3751.86
16,128,8,16,92.0427
16,128,8,32,102.923
16,128,8,64,113.44
16,128,8,128,132.459
16,128,8,256,229.77
16,128,8,512,423.199
16,128,8,1024,814.228
16,128,8,2048,1586.77
16,128,8,4096,3140.45
16,128,8,8192,6241.43
16,128,16,16,92.4367
16,128,16,32,104.438
16,128,16,64,115.616
16,128,16,128,135.444
16,128,16,256,232.671
16,128,16,512,427.53
16,128,16,1024,816.691
16,128,16,2048,1595.73
16,128,16,4096,3145.76
16,128,16,8192,6254.02
16,128,32,16,146.506
16,128,32,32,170.432
16,128,32,64,194.101
16,128,32,128,260.469
16,128,32,256,452.895
16,128,32,512,839.326
16,128,32,1024,1611.29
16,128,32,2048,3150.65
16,128,32,4096,6238.03
16,128,32,8192,12402.1
16,128,64,16,194.293
16,128,64,32,234.261
16,128,64,64,319.626
16,128,64,128,504.725
16,128,64,256,859.325
16,128,64,512,1655.13
16,128,64,1024,3100.86
16,128,64,2048,6272.35
16,128,64,4096,12013.9
16,128,64,8192,24759
16,128,128,16,262.997
16,128,128,32,400.66
16,128,128,64,563.508
16,128,128,128,884.734
16,128,128,256,1554.99
16,128,128,512,2905.28
16,128,128,1024,5601.34
16,128,128,2048,10987.6
16,128,128,4096,21775.8
16,128,128,8192,43338.9
16,256,0,0,139.54
16,256,1,16,138.793
16,256,1,32,138.613
16,256,1,64,138.879
16,256,1,128,138.516
16,256,1,256,139.211
16,256,1,512,255.69
16,256,1,1024,491.156
16,256,1,2048,962.11
16,256,1,4096,1903.59
16,256,1,8192,3786.32
16,256,2,16,138.837
16,256,2,32,138.719
16,256,2,64,138.827
16,256,2,128,138.869
16,256,2,256,139.061
16,256,2,512,255.807
16,256,2,1024,490.89
16,256,2,2048,961.427
16,256,2,4096,1901.3
16,256,2,8192,3781.91
16,256,4,16,138.944
16,256,4,32,139.263
16,256,4,64,139.135
16,256,4,128,139.04
16,256,4,256,139.487
16,256,4,512,255.957
16,256,4,1024,488.874
16,256,4,2048,955.208
16,256,4,4096,1886.84
16,256,4,8192,3752.44
16,256,8,16,149.515
16,256,8,32,159.947
16,256,8,64,170.421
16,256,8,128,190.762
16,256,8,256,231.797
16,256,8,512,425.642
16,256,8,1024,953.874
16,256,8,2048,1588.51
16,256,8,4096,3136.85
16,256,8,8192,6234.87
16,256,16,16,151.252
16,256,16,32,161.845
16,256,16,64,172.085
16,256,16,128,191.316
16,256,16,256,233.386
16,256,16,512,426.303
16,256,16,1024,814.206
16,256,16,2048,1590.49
16,256,16,4096,3145.58
16,256,16,8192,6260.86
16,256,32,16,247.37
16,256,32,32,267.54
16,256,32,64,282.943
16,256,32,128,341.044
16,256,32,256,454.527
16,256,32,512,841.331
16,256,32,1024,1611.12
16,256,32,2048,3151.36
16,256,32,4096,6232.26
16,256,32,8192,12402
16,256,64,16,250.911
16,256,64,32,324.597
16,256,64,64,390.367
16,256,64,128,555.881
16,256,64,256,856.872
16,256,64,512,1652.55
16,256,64,1024,3113.17
16,256,64,2048,6270.9
16,256,64,4096,12422.6
16,256,64,8192,24754.3
16,256,128,16,324.148
16,256,128,32,477.876
16,256,128,64,638.27
16,256,128,128,886.281
16,256,128,256,1560.21
16,256,128,512,2905.81
16,256,128,1024,5593.12
16,256,128,2048,10987.8
16,256,128,4096,21769.2
16,256,128,8192,43344.8
16,512,0,0,254.858
16,512,1,16,254.794
16,512,1,32,254.624
16,512,1,64,254.474
16,512,1,128,254.378
16,512,1,256,254.453
16,512,1,512,254.591
16,512,1,1024,489.481
16,512,1,2048,960.296
16,512,1,4096,1901.14
16,512,1,8192,3785.65
16,512,2,16,254.666
16,512,2,32,254.58
16,512,2,64,254.548
16,512,2,128,254.826
16,512,2,256,254.741
16,512,2,512,254.56
16,512,2,1024,488.927
16,512,2,2048,959.422
16,512,2,4096,1899.69
16,512,2,8192,3780.09
16,512,4,16,254.966
16,512,4,32,255.05
16,512,4,64,255.37
16,512,4,128,255.082
16,512,4,256,255.456
16,512,4,512,255.914
16,512,4,1024,488.99
16,512,4,2048,955.273
16,512,4,4096,1886.34
16,512,4,8192,3751.65
16,512,8,16,265.791
16,512,8,32,276.383
16,512,8,64,286.346
16,512,8,128,305.92
16,512,8,256,347.082
16,512,8,512,423.956
16,512,8,1024,810.804
16,512,8,2048,1586.79
16,512,8,4096,3134.71
16,512,8,8192,6238.03
16,512,16,16,266.165
16,512,16,32,277.952
16,512,16,64,288.104
16,512,16,128,307.37
16,512,16,256,346.921
16,512,16,512,426.868
16,512,16,1024,814.622
16,512,16,2048,1593.01
16,512,16,4096,3147.82
16,512,16,8192,6259.8
16,512,32,16,395.274
16,512,32,32,458.687
16,512,32,64,442.495
16,512,32,128,466.644
16,512,32,256,615.849
16,512,32,512,841.203
16,512,32,1024,1613.82
16,512,32,2048,3154.55
16,512,32,4096,6231.13
16,512,32,8192,12396.8
16,512,64,16,488.149
16,512,64,32,493.759
16,512,64,64,575.295
16,512,64,128,673.588
16,512,64,256,950.11
16,512,64,512,1659.58
16,512,64,1024,3095.19
16,512,64,2048,6270.04
16,512,64,4096,12058.5
16,512,64,8192,24767
16,512,128,16,506.079
16,512,128,32,627.251
16,512,128,64,751.539
16,512,128,128,1148.1
16,512,128,256,1565.27
16,512,128,512,2909.84
16,512,128,1024,5598.79
16,512,128,2048,10986.1
16,512,128,4096,21773.9
16,512,128,8192,43344.7
16,1024,0,0,486.644
16,1024,1,16,486.942
16,1024,1,32,486.452
16,1024,1,64,486.548
16,1024,1,128,486.57
16,1024,1,256,486.665
16,1024,1,512,486.538
16,1024,1,1024,487.818
16,1024,1,2048,956.585
16,1024,1,4096,1898.27
16,1024,1,8192,3780.93
16,1024,2,16,486.538
16,1024,2,32,486.57
16,1024,2,64,486.644
16,1024,2,128,486.644
16,1024,2,256,486.837
16,1024,2,512,486.388
16,1024,2,1024,486.517
16,1024,2,2048,956.223
16,1024,2,4096,1896.54
16,1024,2,8192,3777.08
16,1024,4,16,486.965
16,1024,4,32,487.031
16,1024,4,64,486.954
16,1024,4,128,487.447
16,1024,4,256,487.018
16,1024,4,512,487.198
16,1024,4,1024,488.607
16,1024,4,2048,955.507
16,1024,4,4096,1887.05
16,1024,4,8192,3751.79
16,1024,8,16,497.365
16,1024,8,32,507.956
16,1024,8,64,517.929
16,1024,8,128,537.215
16,1024,8,256,577.054
16,1024,8,512,654.75
16,1024,8,1024,814.676
16,1024,8,2048,1585.28
16,1024,8,4096,3138.01
16,1024,8,8192,6237.3
16,1024,16,16,497.791
16,1024,16,32,508.682
16,1024,16,64,519.284
16,1024,16,128,538.889
16,1024,16,256,577.897
16,1024,16,512,655.817
16,1024,16,1024,812.884
16,1024,16,2048,1591.87
16,1024,16,4096,3143.5
16,1024,16,8192,6250.45
16,1024,32,16,728.339
16,1024,32,32,836.702
16,1024,32,64,853.737
16,1024,32,128,898.206
16,1024,32,256,995.752
16,1024,32,512,1168.13
16,1024,32,1024,1616.28
16,1024,32,2048,3160.8
16,1024,32,4096,6232.1
16,1024,32,8192,12402.7
16,1024,64,16,845.641
16,1024,64,32,898.611
16,1024,64,64,985.32
16,1024,64,128,951.689
16,1024,64,256,1240.2
16,1024,64,512,2025.5
16,1024,64,1024,3191.75
16,1024,64,2048,6267.58
16,1024,64,4096,12423.5
16,1024,64,8192,24755.4
16,1024,128,16,922.718
16,1024,128,32,954.579
16,1024,128,64,1163.29
16,1024,128,128,1302.31
16,1024,128,256,1889.48
16,1024,128,512,2914.51
16,1024,128,1024,5605.14
16,1024,128,2048,10986.1
16,1024,128,4096,21774.3
16,1024,128,8192,43343.5
16,2048,0,0,950.461
16,2048,1,16,950.931
16,2048,1,32,950.717
16,2048,1,64,950.973
16,2048,1,128,950.91
16,2048,1,256,950.973
16,2048,1,512,950.883
16,2048,1,1024,950.708
16,2048,1,2048,953.917
16,2048,1,4096,1890.56
16,2048,1,8192,3773.97
16,2048,2,16,950.322
16,2048,2,32,950.424
16,2048,2,64,950.515
16,2048,2,128,950.643
16,2048,2,256,950.515
16,2048,2,512,950.302
16,2048,2,1024,950.089
16,2048,2,2048,950.089
16,2048,2,4096,1890.03
16,2048,2,8192,3769.79
16,2048,4,16,950.697
16,2048,4,32,950.867
16,2048,4,64,950.856
16,2048,4,128,951.102
16,2048,4,256,951.069
16,2048,4,512,950.941
16,2048,4,1024,950.547
16,2048,4,2048,954.419
16,2048,4,4096,1887.07
16,2048,4,8192,3751.92
16,2048,8,16,961.523
16,2048,8,32,969.277
16,2048,8,64,981.48
16,2048,8,128,1002.26
16,2048,8,256,1040.25
16,2048,8,512,1118.75
16,2048,8,1024,1272.17
16,2048,8,2048,1586.93
16,2048,8,4096,3137.8
16,2048,8,8192,6244.71
16,2048,16,16,961.459
16,2048,16,32,973.011
16,2048,16,64,983.165
16,2048,16,128,1193.84
16,2048,16,256,1042.66
16,2048,16,512,1120.35
16,2048,16,1024,1276.66
16,2048,16,2048,1591.94
16,2048,16,4096,3144.55
16,2048,16,8192,6251.26
16,2048,32,16,1588.38
16,2048,32,32,1613.82
16,2048,32,64,1616.2
16,2048,32,128,1682.58
16,2048,32,256,1771.78
16,2048,32,512,1934.02
16,2048,32,1024,2270.83
16,2048,32,2048,3153.33
16,2048,32,4096,6233.21
16,2048,32,8192,12402.9
16,2048,64,16,1586.93
16,2048,64,32,1671.62
16,2048,64,64,1683.62
16,2048,64,128,1828.98
16,2048,64,256,2042.49
16,2048,64,512,2551.19
16,2048,64,1024,3611.61
16,2048,64,2048,6278.13
16,2048,64,4096,12428.2
16,2048,64,8192,24753.1
16,2048,128,16,1671.41
16,2048,128,32,1827.25
16,2048,128,64,1887.82
16,2048,128,128,2209.78
16,2048,128,256,2737.86
16,2048,128,512,3718.85
16,2048,128,1024,5618.33
16,2048,128,2048,10995.8
16,2048,128,4096,21774.6
16,2048,128,8192,43348.1
16,4096,0,0,1877.65
16,4096,1,16,1878.9
16,4096,1,32,1878.9
16,4096,1,64,1878.92
16,4096,1,128,1879.07
16,4096,1,256,1878.97
16,4096,1,512,1879.12
16,4096,1,1024,1879.06
16,4096,1,2048,1879.28
16,4096,1,4096,1885.02
16,4096,1,8192,3759.85
16,4096,2,16,1877.86
16,4096,2,32,1877.51
16,4096,2,64,1877.55
16,4096,2,128,1877.63
16,4096,2,256,1877.94
16,4096,2,512,1877.57
16,4096,2,1024,1877.42
16,4096,2,2048,1877.37
16,4096,2,4096,1877.32
16,4096,2,8192,3757.06
16,4096,4,16,1878.2
16,4096,4,32,1878.24
16,4096,4,64,1878.39
16,4096,4,128,1878.25
16,4096,4,256,1881.7
16,4096,4,512,1879.3
16,4096,4,1024,1879.68
16,4096,4,2048,1878.82
16,4096,4,4096,1887.44
16,4096,4,8192,3751.41
16,4096,8,16,1887.59
16,4096,8,32,1898.13
16,4096,8,64,1910.73
16,4096,8,128,1929.93
16,4096,8,256,1969.05
16,4096,8,512,2045.48
16,4096,8,1024,2203.94
16,4096,8,2048,2512.94
16,4096,8,4096,3142.09
16,4096,8,8192,6237.94
16,4096,16,16,1888.97
16,4096,16,32,1900.65
16,4096,16,64,1911.18
16,4096,16,128,1929.33
16,4096,16,256,1969.36
16,4096,16,512,2048.25
16,4096,16,1024,2201.71
16,4096,16,2048,2513.01
16,4096,16,4096,3146.67
16,4096,16,8192,6250.63
16,4096,32,16,3140.3
16,4096,32,32,3167.29
16,4096,32,64,2769.44
16,4096,32,128,2843.57
16,4096,32,256,3280.07
16,4096,32,512,3415.77
16,4096,32,1024,3806.54
16,4096,32,2048,4678.15
16,4096,32,4096,6244.07
16,4096,32,8192,12409.2
16,4096,64,16,3150.84
16,4096,64,32,3223.45
16,4096,64,64,3227
16,4096,64,128,3241.82
16,4096,64,256,3576.77
16,4096,64,512,4095.82
16,4096,64,1024,4586.59
16,4096,64,2048,7792.3
16,4096,64,4096,12438.2
16,4096,64,8192,24752.9
16,4096,128,16,3172.39
16,4096,128,32,3300.14
16,4096,128,64,3465.52
16,4096,128,128,3691.87
16,4096,128,256,3967.07
16,4096,128,512,5256.77
16,4096,128,1024,6909.26
16,4096,128,2048,11022.2
16,4096,128,4096,21787.1
16,4096,128,8192,43341.3
16,8192,0,0,3732.26
16,8192,1,16,3735.87
16,8192,1,32,3736.12
16,8192,1,64,3736.29
16,8192,1,128,3736.32
16,8192,1,256,3736.16
16,8192,1,512,3736.06
16,8192,1,1024,3736.1
16,8192,1,2048,3736.2
16,8192,1,4096,3736.17
16,8192,1,8192,3747.3
16,8192,2,16,3732.56
16,8192,2,32,3732.07
16,8192,2,64,3731.91
16,8192,2,128,3732.42
16,8192,2,256,3732.16
16,8192,2,512,3732.16
16,8192,2,1024,3732.03
16,8192,2,2048,3731.98
16,8192,2,4096,3731.96
16,8192,2,8192,3731.34
16,8192,4,16,3732.8
16,8192,4,32,3733.07
16,8192,4,64,3733.41
16,8192,4,128,3733.26
16,8192,4,256,3733.37
16,8192,4,512,3733.27
16,8192,4,1024,3733.39
16,8192,4,2048,3733.26
16,8192,4,4096,3732.94
16,8192,4,8192,3751.23
16,8192,8,16,3742.26
16,8192,8,32,3753.35
16,8192,8,64,3763.83
16,8192,8,128,3782.39
16,8192,8,256,3823.26
16,8192,8,512,3900.6
16,8192,8,1024,4053.44
16,8192,8,2048,4364.5
16,8192,8,4096,4990.03
16,8192,8,8192,6244.08
16,8192,16,16,3743.42
16,8192,16,32,3753.46
16,8192,16,64,3765.4
16,8192,16,128,3784.38
16,8192,16,256,3822.83
16,8192,16,512,3901.82
16,8192,16,1024,4057.71
16,8192,16,2048,4366.9
16,8192,16,4096,4991.42
16,8192,16,8192,6251.46
16,8192,32,16,5387.64
16,8192,32,32,6237.61
16,8192,32,64,6247.47
16,8192,32,128,6305.85
16,8192,32,256,5573.87
16,8192,32,512,5032.47
16,8192,32,1024,6160.47
16,8192,32,2048,7333.46
16,8192,32,4096,8456.8
16,8192,32,8192,12409.7
16,8192,64,16,6239.16
16,8192,64,32,6284.95
16,8192,64,64,6351.41
16,8192,64,128,5560.73
16,8192,64,256,6728.84
16,8192,64,512,7001.12
16,8192,64,1024,8236.93
16,8192,64,2048,9783.44
16,8192,64,4096,13401.1
16,8192,64,8192,24763.8
16,8192,128,16,5474.03
16,8192,128,32,6336.56
16,8192,128,64,6555.38
16,8192,128,128,6395.98
16,8192,128,256,7295.4
16,8192,128,512,7926.34
16,8192,128,1024,9695.2
16,8192,128,2048,13749.2
16,8192,128,4096,21842.9
16,8192,128,8192,43362
32,0,0,0,30.1757
32,0,1,16,26.9123
32,0,1,32,36.874
32,0,1,64,50.88
32,0,1,128,79.818
32,0,1,256,136.821
32,0,1,512,251.146
32,0,1,1024,479.754
32,0,1,2048,937.747
32,0,1,4096,1852.84
32,0,1,8192,3682.64
32,0,2,16,34.6987
32,0,2,32,48.7683
32,0,2,64,62.8053
32,0,2,128,92.267
32,0,2,256,149.802
32,0,2,512,266.517
32,0,2,1024,500.489
32,0,2,2048,966.089
32,0,2,4096,1901.75
32,0,2,8192,3782.86
32,0,4,16,34.7623
32,0,4,32,48.501
32,0,4,64,63.1143
32,0,4,128,92.8427
32,0,4,256,150.795
32,0,4,512,268.971
32,0,4,1024,504.137
32,0,4,2048,973.844
32,0,4,4096,1913.78
32,0,4,8192,3794.33
32,0,8,16,35.3817
32,0,8,32,59.968
32,0,8,64,85.2057
32,0,8,128,132.319
32,0,8,256,231.371
32,0,8,512,425.407
32,0,8,1024,811.177
32,0,8,2048,1586.73
32,0,8,4096,3133.69
32,0,8,8192,6233.34
32,0,16,16,49.131
32,0,16,32,89.1953
32,0,16,64,110.592
32,0,16,128,159.487
32,0,16,256,254.805
32,0,16,512,447.892
32,0,16,1024,830.697
32,0,16,2048,1605.46
32,0,16,4096,3159.26
32,0,16,8192,6260.78
32,0,32,16,64.3093
32,0,32,32,113.61
32,0,32,64,162.101
32,0,32,128,258.912
32,0,32,256,455.23
32,0,32,512,842.249
32,0,32,1024,1618.87
32,0,32,2048,3157.88
32,0,32,4096,6245.56
32,0,32,8192,12398.4
32,0,64,16,117.675
32,0,64,32,207.369
32,0,64,64,299.444
32,0,64,128,502.431
32,0,64,256,817.481
32,0,64,512,1656.7
32,0,64,1024,3187.23
32,0,64,2048,6275.53
32,0,64,4096,12431.3
32,0,64,8192,24755.1
32,0,128,16,204.875
32,0,128,32,375.328
32,0,128,64,540.532
32,0,128,128,881.033
32,0,128,256,1554.24
32,0,128,512,2905.72
32,0,128,1024,5586.82
32,0,128,2048,10984.7
32,0,128,4096,21768.5
32,0,128,8192,43340.7
32,16,0,0,42.4313
32,16,1,16,39.616
32,16,1,32,39.5307
32,16,1,64,51.893
32,16,1,128,80.1703
32,16,1,256,137.173
32,16,1,512,251.615
32,16,1,1024,480.776
32,16,1,2048,938.867
32,16,1,4096,1853.77
32,16,1,8192,3686
32,16,2,16,58.9973
32,16,2,32,59.5523
32,16,2,64,72.9283
32,16,2,128,101.483
32,16,2,256,157.567
32,16,2,512,275.732
32,16,2,1024,509.407
32,16,2,2048,974.995
32,16,2,4096,1906.96
32,16,2,8192,3784.48
32,16,4,16,48.448
32,16,4,32,59.7113
32,16,4,64,73.408
32,16,4,128,100.928
32,16,4,256,157.962
32,16,4,512,274.668
32,16,4,1024,508.51
32,16,4,2048,974.217
32,16,4,4096,1914.55
32,16,4,8192,3795.55
32,16,8,16,49.8873
32,16,8,32,60.171
32,16,8,64,85.12
32,16,8,128,132.768
32,16,8,256,230.463
32,16,8,512,425.973
32,16,8,1024,812.425
32,16,8,2048,1584.28
32,16,8,4096,3133.56
32,16,8,8192,6231.17
32,16,16,16,66.8473
32,16,16,32,92.949
32,16,16,64,123.775
32,16,16,128,166.262
32,16,16,256,263.765
32,16,16,512,455.413
32,16,16,1024,846.803
32,16,16,2048,1615.77
32,16,16,4096,3159.28
32,16,16,8192,6268.93
32,16,32,16,83.9253
32,16,32,32,120.97
32,16,32,64,162.954
32,16,32,128,259.188
32,16,32,256,456.596
32,16,32,512,841.545
32,16,32,1024,1615.7
32,16,32,2048,3168.21
32,16,32,4096,6252.38
32,16,32,8192,12435.9
32,16,64,16,128.277
32,16,64,32,213.791
32,16,64,64,303.658
32,16,64,128,502.42
32,16,64,256,841.012
32,16,64,512,1656.95
32,16,64,1024,2998.65
32,16,64,2048,6274.62
32,16,64,4096,12430.5
32,16,64,8192,24756.2
32,16,128,16,211.978
32,16,128,32,377.023
32,16,128,64,547.551
32,16,128,128,881.576
32,16,128,256,1556.21
32,16,128,512,2909.51
32,16,128,1024,5593.12
32,16,128,2048,10992.2
32,16,128,4096,21772
32,16,128,8192,43344.7
32,32,0,0,43.5733
32,32,1,16,40.576
32,32,1,32,40.0427
32,32,1,64,51.4667
32,32,1,128,80.117
32,32,1,256,137.45
32,32,1,512,251.764
32,32,1,1024,480.212
32,32,1,2048,938.205
32,32,1,4096,1853.25
32,32,1,8192,3682.9
32,32,2,16,59.9677
32,32,2,32,59.7973
32,32,2,64,73.088
32,32,2,128,101.364
32,32,2,256,158.582
32,32,2,512,276.106
32,32,2,1024,509.886
32,32,2,2048,974.557
32,32,2,4096,1905.62
32,32,2,8192,3782.32
32,32,4,16,60.01
32,32,4,32,60.3413
32,32,4,64,73.973
32,32,4,128,102.795
32,32,4,256,160.597
32,32,4,512,279.476
32,32,4,1024,514.668
32,32,4,2048,984.306
32,32,4,4096,1923.4
32,32,4,8192,3805.02
32,32,8,16,60.4903
32,32,8,32,60.9707
32,32,8,64,85.1303
32,32,8,128,132.746
32,32,8,256,231.253
32,32,8,512,423.903
32,32,8,1024,811.923
32,32,8,2048,1586
32,32,8,4096,3133.46
32,32,8,8192,6226.97
32,32,16,16,73.8773
32,32,16,32,87.8183
32,32,16,64,122.091
32,32,16,128,170.986
32,32,16,256,268.053
32,32,16,512,468.735
32,32,16,1024,854.355
32,32,16,2048,1628.86
32,32,16,4096,3176.44
32,32,16,8192,6279.18
32,32,32,16,98.7413
32,32,32,32,114.464
32,32,32,64,382.805
32,32,32,128,259.978
32,32,32,256,452.522
32,32,32,512,842.088
32,32,32,1024,1619
32,32,32,2048,3171.11
32,32,32,4096,6263.16
32,32,32,8192,12446.1
32,32,64,16,133.536
32,32,64,32,215.999
32,32,64,64,305.482
32,32,64,128,501.225
32,32,64,256,852.981
32,32,64,512,1653.99
32,32,64,1024,3090.21
32,32,64,2048,6270.98
32,32,64,4096,12434.1
32,32,64,8192,24753.8
32,32,128,16,217.301
32,32,128,32,375.935
32,32,128,64,552.607
32,32,128,128,881.011
32,32,128,256,1557.44
32,32,128,512,2904.33
32,32,128,1024,5597.18
32,32,128,2048,10992.8
32,32,128,4096,21775.2
32,32,128,8192,43489.9
32,64,0,0,56.9813
32,64,1,16,54.8047
32,64,1,32,54.0267
32,64,1,64,54.5597
32,64,1,128,80.4473
32,64,1,256,137.119
32,64,1,512,251.968
32,64,1,1024,480.106
32,64,1,2048,938.323
32,64,1,4096,1854.15
32,64,1,8192,3683.41
32,64,2,16,84.1497
32,64,2,32,83.9997
32,64,2,64,84.0213
32,64,2,128,110.325
32,64,2,256,168
32,64,2,512,285.14
32,64,2,1024,517.108
32,64,2,2048,983.56
32,64,2,4096,1917.38
32,64,2,8192,3782.13
32,64,4,16,84.309
32,64,4,32,84.576
32,64,4,64,84.1067
32,64,4,128,112.8
32,64,4,256,171.018
32,64,4,512,288.543
32,64,4,1024,523.412
32,64,4,2048,991.208
32,64,4,4096,1931.71
32,64,4,8192,3814.8
32,64,8,16,84.4157
32,64,8,32,84.373
32,64,8,64,85.482
32,64,8,128,132.341
32,64,8,256,230.901
32,64,8,512,423.316
32,64,8,1024,809.683
32,64,8,2048,1585.27
32,64,8,4096,3131.51
32,64,8,8192,6230.74
32,64,16,16,98.5387
32,64,16,32,109.6
32,64,16,64,126.827
32,64,16,128,205.983
32,64,16,256,303.956
32,64,16,512,489.119
32,64,16,1024,882.525
32,64,16,2048,1650.48
32,64,16,4096,3338.91
32,64,16,8192,6297.43
32,64,32,16,111.093
32,64,32,32,144.725
32,64,32,64,164.34
32,64,32,128,267.967
32,64,32,256,452.788
32,64,32,512,844.254
32,64,32,1024,1621.76
32,64,32,2048,3169.13
32,64,32,4096,6264.15
32,64,32,8192,12459.4
32,64,64,16,155.979
32,64,64,32,226.848
32,64,64,64,314.057
32,64,64,128,502.154
32,64,64,256,850.931
32,64,64,512,1655.71
32,64,64,1024,3189.65
32,64,64,2048,6271.66
32,64,64,4096,12434.1
32,64,64,8192,24757.2
32,64,128,16,239.328
32,64,128,32,391.85
32,64,128,64,551.497
32,64,128,128,879.68
32,64,128,256,1554.12
32,64,128,512,2906.63
32,64,128,1024,5606.59
32,64,128,2048,10999.4
32,64,128,4096,21787.5
32,64,128,8192,43347.1
32,128,0,0,85.5677
32,128,1,16,82.7943
32,128,1,32,82.1867
32,128,1,64,82.6443
32,128,1,128,82.453
32,128,1,256,137.525
32,128,1,512,251.989
32,128,1,1024,480.276
32,128,1,2048,938.471
32,128,1,4096,1853.62
32,128,1,8192,3683.36
32,128,2,16,132.746
32,128,2,32,132.181
32,128,2,64,131.958
32,128,2,128,132.33
32,128,2,256,186.602
32,128,2,512,304.298
32,128,2,1024,538.014
32,128,2,2048,1002.98
32,128,2,4096,1935.7
32,128,2,8192,3796.82
32,128,4,16,130.976
32,128,4,32,132.725
32,128,4,64,132.383
32,128,4,128,132.139
32,128,4,256,190.783
32,128,4,512,307.903
32,128,4,1024,541.311
32,128,4,2048,1011.93
32,128,4,4096,1950.76
32,128,4,8192,3832.49
32,128,8,16,132.405
32,128,8,32,133.344
32,128,8,64,132.789
32,128,8,128,134.304
32,128,8,256,230.336
32,128,8,512,424.266
32,128,8,1024,813.448
32,128,8,2048,1587.12
32,128,8,4096,3134.56
32,128,8,8192,6233.84
32,128,16,16,145.695
32,128,16,32,157.717
32,128,16,64,172.896
32,128,16,128,237.599
32,128,16,256,320.042
32,128,16,512,512.106
32,128,16,1024,900.126
32,128,16,2048,1686.32
32,128,16,4096,3231.96
32,128,16,8192,6320.74
32,128,32,16,156.608
32,128,32,32,184.159
32,128,32,64,226.591
32,128,32,128,260.383
32,128,32,256,463.433
32,128,32,512,843.39
32,128,32,1024,1615.9
32,128,32,2048,3168.88
32,128,32,4096,6264.02
32,128,32,8192,12444.5
32,128,64,16,221.695
32,128,64,32,272.97
32,128,64,64,343.519
32,128,64,128,507.422
32,128,64,256,883.433
32,128,64,512,1655.19
32,128,64,1024,3184.2
32,128,64,2048,6273.27
32,128,64,4096,12428.3
32,128,64,8192,24752.7
32,128,128,16,298.047
32,128,128,32,427.774
32,128,128,64,578.089
32,128,128,128,887.411
32,128,128,256,1564.44
32,128,128,512,2906.14
32,128,128,1024,5612.52
32,128,128,2048,10995.4
32,128,128,4096,22090
32,128,128,8192,43504.2
32,256,0,0,141.077
32,256,1,16,140.128
32,256,1,32,139.797
32,256,1,64,139.616
32,256,1,128,139.85
32,256,1,256,139.851
32,256,1,512,251.946
32,256,1,1024,480.297
32,256,1,2048,938.579
32,256,1,4096,1852.87
32,256,1,8192,3683.49
32,256,2,16,229.141
32,256,2,32,229.684
32,256,2,64,229.983
32,256,2,128,229.802
32,256,2,256,229.662
32,256,2,512,343.807
32,256,2,1024,577.012
32,256,2,2048,1042.66
32,256,2,4096,1972.58
32,256,2,8192,3838.29
32,256,4,16,229.013
32,256,4,32,228.863
32,256,4,64,228.191
32,256,4,128,228.949
32,256,4,256,229.994
32,256,4,512,344.212
32,256,4,1024,580.5
32,256,4,2048,1051.15
32,256,4,4096,1991.31
32,256,4,8192,3871.72
32,256,8,16,229.717
32,256,8,32,229.365
32,256,8,64,229.653
32,256,8,128,230.313
32,256,8,256,230.774
32,256,8,512,424.842
32,256,8,1024,812.008
32,256,8,2048,1586.59
32,256,8,4096,3139.97
32,256,8,8192,6224.37
32,256,16,16,242.889
32,256,16,32,255.018
32,256,16,64,272.437
32,256,16,128,318.965
32,256,16,256,358.783
32,256,16,512,610.206
32,256,16,1024,1001.22
32,256,16,2048,1743.39
32,256,16,4096,3341.8
32,256,16,8192,6422.71
32,256,32,16,256.586
32,256,32,32,278.666
32,256,32,64,307.316
32,256,32,128,364.969
32,256,32,256,455.796
32,256,32,512,847.155
32,256,32,1024,1617.29
32,256,32,2048,3171.14
32,256,32,4096,6262.92
32,256,32,8192,12449.7
32,256,64,16,314.399
32,256,64,32,385.375
32,256,64,64,420.35
32,256,64,128,583.933
32,256,64,256,892.904
32,256,64,512,1656.17
32,256,64,1024,3187.04
32,256,64,2048,6272.77
32,256,64,4096,12429.4
32,256,64,8192,24754.4
32,256,128,16,426.036
32,256,128,32,520.735
32,256,128,64,685.405
32,256,128,128,980.624
32,256,128,256,1564.29
32,256,128,512,2905.13
32,256,128,1024,5609.07
32,256,128,2048,11001.7
32,256,128,4096,21786.1
32,256,128,8192,43351.5
32,512,0,0,255.466
32,512,1,16,397.162
32,512,1,32,255.529
32,512,1,64,255.679
32,512,1,128,255.626
32,512,1,256,255.808
32,512,1,512,255.711
32,512,1,1024,480.447
32,512,1,2048,937.96
32,512,1,4096,1853.42
32,512,1,8192,3683.28
32,512,2,16,423.487
32,512,2,32,423.817
32,512,2,64,423.305
32,512,2,128,423.647
32,512,2,256,423.711
32,512,2,512,423.177
32,512,2,1024,653.213
32,512,2,2048,1120.49
32,512,2,4096,2051.64
32,512,2,8192,3911.82
32,512,4,16,421.951
32,512,4,32,421.043
32,512,4,64,420.873
32,512,4,128,421.78
32,512,4,256,421.118
32,512,4,512,424.147
32,512,4,1024,657.746
32,512,4,2048,1127.69
32,512,4,4096,2068.62
32,512,4,8192,3948.05
32,512,8,16,423.209
32,512,8,32,423.092
32,512,8,64,424.702
32,512,8,128,422.473
32,512,8,256,424.458
32,512,8,512,424.68
32,512,8,1024,811.367
32,512,8,2048,1584.94
32,512,8,4096,3137.92
32,512,8,8192,6232.48
32,512,16,16,435.379
32,512,16,32,448.094
32,512,16,64,461.096
32,512,16,128,490.93
32,512,16,256,544.03
32,512,16,512,778.396
32,512,16,1024,1165.79
32,512,16,2048,1940.98
32,512,16,4096,3532.1
32,512,16,8192,6602.77
32,512,32,16,446.324
32,512,32,32,466.014
32,512,32,64,499.197
32,512,32,128,547.123
32,512,32,256,649.511
32,512,32,512,842.929
32,512,32,1024,1620.02
32,512,32,2048,3164.25
32,512,32,4096,6270.86
32,512,32,8192,12457.4
32,512,64,16,501.16
32,512,64,32,568.894
32,512,64,64,660.136
32,512,64,128,794.631
32,512,64,256,1025.94
32,512,64,512,1662.19
32,512,64,1024,3194.79
32,512,64,2048,6273.5
32,512,64,4096,12436.2
32,512,64,8192,24756.4
32,512,128,16,585.095
32,512,128,32,747.986
32,512,128,64,898.407
32,512,128,128,1141.17
32,512,128,256,1713.53
32,512,128,512,2913.97
32,512,128,1024,5609.82
32,512,128,2048,10995.3
32,512,128,4096,21782.6
32,512,128,8192,43355.8
32,1024,0,0,487.187
32,1024,1,16,487.612
32,1024,1,32,487.923
32,1024,1,64,487.262
32,1024,1,128,487.572
32,1024,1,256,487.369
32,1024,1,512,487.647
32,1024,1,1024,487.657
32,1024,1,2048,937.533
32,1024,1,4096,1852.28
32,1024,1,8192,3682.09
32,1024,2,16,810.366
32,1024,2,32,812.178
32,1024,2,64,811.934
32,1024,2,128,811.215
32,1024,2,256,810.249
32,1024,2,512,811.294
32,1024,2,1024,812.019
32,1024,2,2048,1276.16
32,1024,2,4096,2204.23
32,1024,2,8192,4065.97
32,1024,4,16,810.472
32,1024,4,32,809.715
32,1024,4,64,810.708
32,1024,4,128,808.35
32,1024,4,256,809.768
32,1024,4,512,808.425
32,1024,4,1024,813.139
32,1024,4,2048,1281.5
32,1024,4,4096,2221.94
32,1024,4,8192,4102.58
32,1024,8,16,810.526
32,1024,8,32,809.789
32,1024,8,64,810.452
32,1024,8,128,810.654
32,1024,8,256,810.558
32,1024,8,512,809.416
32,1024,8,1024,814.078
32,1024,8,2048,1587.29
32,1024,8,4096,3134.93
32,1024,8,8192,6230.68
32,1024,16,16,821.673
32,1024,16,32,831.933
32,1024,16,64,850.643
32,1024,16,128,877.608
32,1024,16,256,930.11
32,1024,16,512,1052.47
32,1024,16,1024,1520.95
32,1024,16,2048,2273.66
32,1024,16,4096,3916.06
32,1024,16,8192,6903.61
32,1024,32,16,837.481
32,1024,32,32,855.613
32,1024,32,64,1027.87
32,1024,32,128,933.075
32,1024,32,256,1028.04
32,1024,32,512,1231.52
32,1024,32,1024,1621.55
32,1024,32,2048,3168.7
32,1024,32,4096,6259.48
32,1024,32,8192,12455.4
32,1024,64,16,879.422
32,1024,64,32,970.013
32,1024,64,64,1039.32
32,1024,64,128,1160.81
32,1024,64,256,1436.77
32,1024,64,512,2041.74
32,1024,64,1024,3202.04
32,1024,64,2048,6274.71
32,1024,64,4096,12230.9
32,1024,64,8192,24757.6
32,1024,128,16,954.099
32,1024,128,32,1123.77
32,1024,128,64,1264.55
32,1024,128,128,1610.38
32,1024,128,256,2021.55
32,1024,128,512,3284.41
32,1024,128,1024,5623.1
32,1024,128,2048,10998
32,1024,128,4096,22069.7
32,1024,128,8192,43353.2
32,2048,0,0,951.571
32,2048,1,16,951.134
32,2048,1,32,951.56
32,2048,1,64,951.261
32,2048,1,128,951.219
32,2048,1,256,951.614
32,2048,1,512,951.422
32,2048,1,1024,951.133
32,2048,1,2048,951.45
32,2048,1,4096,1851.75
32,2048,1,8192,3680.72
32,2048,2,16,1585.36
32,2048,2,32,1581.77
32,2048,2,64,1581.95
32,2048,2,128,1586.4
32,2048,2,256,1583.31
32,2048,2,512,1581.37
32,2048,2,1024,1584.53
32,2048,2,2048,1587.61
32,2048,2,4096,2513.35
32,2048,2,8192,4384.32
32,2048,4,16,1581.92
32,2048,4,32,1581.35
32,2048,4,64,1581.83
32,2048,4,128,1582.33
32,2048,4,256,1580.9
32,2048,4,512,1582.78
32,2048,4,1024,1584.2
32,2048,4,2048,1589.66
32,2048,4,4096,2530.48
32,2048,4,8192,4412.06
32,2048,8,16,1582.27
32,2048,8,32,1584.57
32,2048,8,64,1582.55
32,2048,8,128,1583.08
32,2048,8,256,1581.74
32,2048,8,512,1581.84
32,2048,8,1024,1584.72
32,2048,8,2048,1588.03
32,2048,8,4096,3133.92
32,2048,8,8192,6232.36
32,2048,16,16,1591.36
32,2048,16,32,1605.08
32,2048,16,64,1621.45
32,2048,16,128,1647.41
32,2048,16,256,1705.87
32,2048,16,512,1924.86
32,2048,16,1024,2035.88
32,2048,16,2048,3139.19
32,2048,16,4096,4286.85
32,2048,16,8192,7589.19
32,2048,32,16,1607.37
32,2048,32,32,1630.52
32,2048,32,64,1655.83
32,2048,32,128,1695.29
32,2048,32,256,1799.87
32,2048,32,512,1989.57
32,2048,32,1024,2388
32,2048,32,2048,3173.66
32,2048,32,4096,6270.6
32,2048,32,8192,12460.5
32,2048,64,16,1664.26
32,2048,64,32,1720.86
32,2048,64,64,1789.98
32,2048,64,128,1930.9
32,2048,64,256,2177.26
32,2048,64,512,2760.45
32,2048,64,1024,3753.65
32,2048,64,2048,6428.58
32,2048,64,4096,12435.1
32,2048,64,8192,24756.1
32,2048,128,16,1746.78
32,2048,128,32,1907.81
32,2048,128,64,2003.9
32,2048,128,128,2420.32
32,2048,128,256,2797.34
32,2048,128,512,3944.45
32,2048,128,1024,6081.08
32,2048,128,2048,11014.8
32,2048,128,4096,21790.3
32,2048,128,8192,43358.6
32,4096,0,0,1878.88
32,4096,1,16,1878.71
32,4096,1,32,1878.82
32,4096,1,64,1879.11
32,4096,1,128,1879.09
32,4096,1,256,1879.05
32,4096,1,512,1878.87
32,4096,1,1024,1879.05
32,4096,1,2048,1879.1
32,4096,1,4096,1879.2
32,4096,1,8192,3680.62
32,4096,2,16,3132.21
32,4096,2,32,3129.83
32,4096,2,64,3130.3
32,4096,2,128,3130.69
32,4096,2,256,3129.84
32,4096,2,512,3128.92
32,4096,2,1024,3130.37
32,4096,2,2048,3128.39
32,4096,2,4096,3135.61
32,4096,2,8192,4996.75
32,4096,4,16,3130.27
32,4096,4,32,3126.83
32,4096,4,64,3127.7
32,4096,4,128,3129.36
32,4096,4,256,3129.01
32,4096,4,512,3128.83
32,4096,4,1024,3125.53
32,4096,4,2048,3127.31
32,4096,4,4096,3145.22
32,4096,4,8192,5026.91
32,4096,8,16,3125.9
32,4096,8,32,3130.3
32,4096,8,64,3129.87
32,4096,8,128,3131.24
32,4096,8,256,3131.59
32,4096,8,512,3129.28
32,4096,8,1024,3130.09
32,4096,8,2048,3130.98
32,4096,8,4096,3137.66
32,4096,8,8192,6229.63
32,4096,16,16,3130.6
32,4096,16,32,3148.62
32,4096,16,64,3163.28
32,4096,16,128,3190.5
32,4096,16,256,3237.31
32,4096,16,512,3354.11
32,4096,16,1024,3571.65
32,4096,16,2048,4450.9
32,4096,16,4096,6214.18
32,4096,16,8192,8882.18
32,4096,32,16,3146.61
32,4096,32,32,3167.34
32,4096,32,64,3194.68
32,4096,32,128,3240.01
32,4096,32,256,3338.75
32,4096,32,512,3537.55
32,4096,32,1024,3817.78
32,4096,32,2048,4705.23
32,4096,32,4096,6277.13
32,4096,32,8192,12451.7
32,4096,64,16,3349.01
32,4096,64,32,3253.33
32,4096,64,64,3351.38
32,4096,64,128,3465.89
32,4096,64,256,3772.62
32,4096,64,512,4360.35
32,4096,64,1024,5389.47
32,4096,64,2048,7611.57
32,4096,64,4096,12443.4
32,4096,64,8192,24906.7
32,4096,128,16,3252.24
32,4096,128,32,3387.29
32,4096,128,64,3594.11
32,4096,128,128,3859.04
32,4096,128,256,4651.53
32,4096,128,512,5808.92
32,4096,128,1024,7800.18
32,4096,128,2048,12510.5
32,4096,128,4096,21818.8
32,4096,128,8192,43361.3
32,8192,0,0,3733.72
32,8192,1,16,3733.12
32,8192,1,32,3733.61
32,8192,1,64,3733.59
32,8192,1,128,3733.61
32,8192,1,256,3733.55
32,8192,1,512,3733.2
32,8192,1,1024,3733.38
32,8192,1,2048,3733.31
32,8192,1,4096,3733.5
32,8192,1,8192,3733.6
32,8192,2,16,6226.3
32,8192,2,32,6222.23
32,8192,2,64,6224.6
32,8192,2,128,6225.16
32,8192,2,256,6221.07
32,8192,2,512,6224.62
32,8192,2,1024,6222.89
32,8192,2,2048,6225.82
32,8192,2,4096,6223.53
32,8192,2,8192,6238.48
32,8192,4,16,6216.29
32,8192,4,32,6217.14
32,8192,4,64,6219.97
32,8192,4,128,6208.32
32,8192,4,256,6213.65
32,8192,4,512,6219.31
32,8192,4,1024,6210.71
32,8192,4,2048,6216.14
32,8192,4,4096,6219.78
32,8192,4,8192,6261.68
32,8192,8,16,6221.85
32,8192,8,32,6220.55
32,8192,8,64,6211.66
32,8192,8,128,6212.66
32,8192,8,256,6220.28
32,8192,8,512,6216.93
32,8192,8,1024,6219.09
32,8192,8,2048,6224.49
32,8192,8,4096,6219.3
32,8192,8,8192,6253.27
32,8192,16,16,6232.23
32,8192,16,32,6235.83
32,8192,16,64,6239.54
32,8192,16,128,6283.48
32,8192,16,256,6340.11
32,8192,16,512,6480.36
32,8192,16,1024,6504.91
32,8192,16,2048,7540.14
32,8192,16,4096,8445.15
32,8192,16,8192,12367.9
32,8192,32,16,6230.34
32,8192,32,32,6261.14
32,8192,32,64,6280.23
32,8192,32,128,6323.47
32,8192,32,256,6415.03
32,8192,32,512,6615.56
32,8192,32,1024,7006.24
32,8192,32,2048,7773.17
32,8192,32,4096,9340.16
32,8192,32,8192,12492.8
32,8192,64,16,6277.36
32,8192,64,32,6365.64
32,8192,64,64,6420.78
32,8192,64,128,6567.33
32,8192,64,256,6769.61
32,8192,64,512,7431.86
32,8192,64,1024,8130.01
32,8192,64,2048,10906.9
32,8192,64,4096,14670.5
32,8192,64,8192,24784
32,8192,128,16,6351.29
32,8192,128,32,6500.92
32,8192,128,64,6625.93
32,8192,128,128,7003.37
32,8192,128,256,7629.31
32,8192,128,512,8773.51
32,8192,128,1024,11208
32,8192,128,2048,15400.2
32,8192,128,4096,24403.1
32,8192,128,8192,43398.3
64,0,0,0,59.7543
64,0,1,16,49.664
64,0,1,32,59.8827
64,0,1,64,71.9037
64,0,1,128,101.931
64,0,1,256,157.61
64,0,1,512,328.384
64,0,1,1024,500.81
64,0,1,2048,957.023
64,0,1,4096,1872.83
64,0,1,8192,3699.3
64,0,2,16,60.5973
64,0,2,32,61.216
64,0,2,64,73.8023
64,0,2,128,101.813
64,0,2,256,159.68
64,0,2,512,274.816
64,0,2,1024,507.967
64,0,2,2048,974.879
64,0,2,4096,1907.66
64,0,2,8192,3770.14
64,0,4,16,60.32
64,0,4,32,61.0243
64,0,4,64,74.5383
64,0,4,128,103.68
64,0,4,256,160.331
64,0,4,512,279.541
64,0,4,1024,515.104
64,0,4,2048,981.503
64,0,4,4096,1924.16
64,0,4,8192,3804.72
64,0,8,16,73.5573
64,0,8,32,87.008
64,0,8,64,110.795
64,0,8,128,158.773
64,0,8,256,254.357
64,0,8,512,447.52
64,0,8,1024,832.606
64,0,8,2048,1612.05
64,0,8,4096,3154.23
64,0,8,8192,6248.34
64,0,16,16,83.1143
64,0,16,32,105.643
64,0,16,64,138.517
64,0,16,128,186.346
64,0,16,256,286.923
64,0,16,512,484.756
64,0,16,1024,867.733
64,0,16,2048,1639.9
64,0,16,4096,3188.38
64,0,16,8192,6285.08
64,0,32,16,103.125
64,0,32,32,146.773
64,0,32,64,199.562
64,0,32,128,286.655
64,0,32,256,483.829
64,0,32,512,870.625
64,0,32,1024,1641.8
64,0,32,2048,3188.47
64,0,32,4096,6273.58
64,0,32,8192,12453.8
64,0,64,16,148.714
64,0,64,32,220.896
64,0,64,64,318.57
64,0,64,128,503.967
64,0,64,256,869.599
64,0,64,512,1618.3
64,0,64,1024,3103.37
64,0,64,2048,6274.84
64,0,64,4096,12432.8
64,0,64,8192,24763.4
64,0,128,16,228.416
64,0,128,32,394.666
64,0,128,64,563.061
64,0,128,128,890.516
64,0,128,256,1564
64,0,128,512,2917.94
64,0,128,1024,5610.54
64,0,128,2048,11005.3
64,0,128,4096,21782.9
64,0,128,8192,43356.6
64,16,0,0,74.1547
64,16,1,16,75.1147
64,16,1,32,74.2503
64,16,1,64,75.3707
64,16,1,128,101.632
64,16,1,256,158.891
64,16,1,512,272.78
64,16,1,1024,502.388
64,16,1,2048,959.678
64,16,1,4096,1873.94
64,16,1,8192,3701.85
64,16,2,16,73.9413
64,16,2,32,74.5277
64,16,2,64,84.661
64,16,2,128,111.467
64,16,2,256,169.077
64,16,2,512,286.09
64,16,2,1024,519.241
64,16,2,2048,987.583
64,16,2,4096,1919.18
64,16,2,8192,3781.18
64,16,4,16,74.6773
64,16,4,32,74.2717
64,16,4,64,85.515
64,16,4,128,112.053
64,16,4,256,169.418
64,16,4,512,289.536
64,16,4,1024,525.385
64,16,4,2048,991.774
64,16,4,4096,1930.82
64,16,4,8192,3810.23
64,16,8,16,96.16
64,16,8,32,102.591
64,16,8,64,123.573
64,16,8,128,158.57
64,16,8,256,267.786
64,16,8,512,460.074
64,16,8,1024,825.29
64,16,8,2048,1613.67
64,16,8,4096,3180.48
64,16,8,8192,6249.94
64,16,16,16,99.5847
64,16,16,32,118.442
64,16,16,64,149.355
64,16,16,128,216.821
64,16,16,256,305.973
64,16,16,512,508.469
64,16,16,1024,891.359
64,16,16,2048,1661.48
64,16,16,4096,3206.64
64,16,16,8192,6315.15
64,16,32,16,128.373
64,16,32,32,162.517
64,16,32,64,213.471
64,16,32,128,302.175
64,16,32,256,494.826
64,16,32,512,879.678
64,16,32,1024,1655.53
64,16,32,2048,3202.04
64,16,32,4096,6302.58
64,16,32,8192,12451.8
64,16,64,16,162.453
64,16,64,32,233.515
64,16,64,64,321.632
64,16,64,128,507.05
64,16,64,256,890.335
64,16,64,512,1621.17
64,16,64,1024,3112.07
64,16,64,2048,6282.84
64,16,64,4096,12439.2
64,16,64,8192,24761.5
64,16,128,16,250.122
64,16,128,32,404.522
64,16,128,64,572.522
64,16,128,128,897.139
64,16,128,256,1571.51
64,16,128,512,2920.99
64,16,128,1024,5612.48
64,16,128,2048,11012.5
64,16,128,4096,21796.5
64,16,128,8192,43366.4
64,32,0,0,84.7673
64,32,1,16,74.506
64,32,1,32,74.3253
64,32,1,64,83.4133
64,32,1,128,111.573
64,32,1,256,168.437
64,32,1,512,281.844
64,32,1,1024,510.229
64,32,1,2048,967.797
64,32,1,4096,1880.47
64,32,1,8192,3707.24
64,32,2,16,85.2263
64,32,2,32,85.2803
64,32,2,64,85.6203
64,32,2,128,112.203
64,32,2,256,169.781
64,32,2,512,286.09
64,32,2,1024,521.279
64,32,2,2048,984.265
64,32,2,4096,1916.05
64,32,2,8192,3856.52
64,32,4,16,84.523
64,32,4,32,83.4767
64,32,4,64,85.386
64,32,4,128,114.613
64,32,4,256,172.661
64,32,4,512,290.261
64,32,4,1024,523.637
64,32,4,2048,995.571
64,32,4,4096,1936.4
64,32,4,8192,3816.33
64,32,8,16,106.848
64,32,8,32,107.84
64,32,8,64,135.115
64,32,8,128,176.33
64,32,8,256,303.242
64,32,8,512,467.327
64,32,8,1024,828.788
64,32,8,2048,1618.58
64,32,8,4096,3167.35
64,32,8,8192,6250.02
64,32,16,16,109.163
64,32,16,32,129.813
64,32,16,64,155.508
64,32,16,128,229.429
64,32,16,256,338.495
64,32,16,512,522.378
64,32,16,1024,914.356
64,32,16,2048,1676.47
64,32,16,4096,3245.06
64,32,16,8192,6317.08
64,32,32,16,137.599
64,32,32,32,175.37
64,32,32,64,222.901
64,32,32,128,317.365
64,32,32,256,509.727
64,32,32,512,896.948
64,32,32,1024,1660.01
64,32,32,2048,3206.33
64,32,32,4096,6298.05
64,32,32,8192,12461.4
64,32,64,16,182.357
64,32,64,32,245.685
64,32,64,64,326.421
64,32,64,128,509.578
64,32,64,256,879.412
64,32,64,512,1654.35
64,32,64,1024,3196.75
64,32,64,2048,6280.28
64,32,64,4096,12432.9
64,32,64,8192,24767.2
64,32,128,16,259.35
64,32,128,32,411.989
64,32,128,64,587.53
64,32,128,128,910.451
64,32,128,256,1567.86
64,32,128,512,2926.89
64,32,128,1024,5622.4
64,32,128,2048,11020
64,32,128,4096,21809.6
64,32,128,8192,43374.1
64,64,0,0,109.163
64,64,1,16,99.4347
64,64,1,32,99.019
64,64,1,64,98.7837
64,64,1,128,120.747
64,64,1,256,175.829
64,64,1,512,290.86
64,64,1,1024,518.356
64,64,1,2048,976.094
64,64,1,4096,1891.46
64,64,1,8192,3717.32
64,64,2,16,109.439
64,64,2,32,110.005
64,64,2,64,109.749
64,64,2,128,121.205
64,64,2,256,179.264
64,64,2,512,295.69
64,64,2,1024,527.274
64,64,2,2048,993.726
64,64,2,4096,1925.77
64,64,2,8192,3789.57
64,64,4,16,107.573
64,64,4,32,108.224
64,64,4,64,108.15
64,64,4,128,124.629
64,64,4,256,182.539
64,64,4,512,299.818
64,64,4,1024,533.474
64,64,4,2048,1004.72
64,64,4,4096,1944.11
64,64,4,8192,3826.43
64,64,8,16,123.861
64,64,8,32,143.018
64,64,8,64,145.791
64,64,8,128,202.869
64,64,8,256,292.127
64,64,8,512,493.887
64,64,8,1024,866.974
64,64,8,2048,1627.57
64,64,8,4096,3168.48
64,64,8,8192,6259.36
64,64,16,16,133.013
64,64,16,32,168.192
64,64,16,64,181.323
64,64,16,128,246.54
64,64,16,256,360.789
64,64,16,512,569.119
64,64,16,1024,957.95
64,64,16,2048,1727.85
64,64,16,4096,3287.18
64,64,16,8192,6361.68
64,64,32,16,167.445
64,64,32,32,210.464
64,64,32,64,249.61
64,64,32,128,344.053
64,64,32,256,530.772
64,64,32,512,919.87
64,64,32,1024,1686.86
64,64,32,2048,3241.32
64,64,32,4096,6314.37
64,64,32,8192,12504.9
64,64,64,16,218.058
64,64,64,32,278.463
64,64,64,64,358.794
64,64,64,128,509.29
64,64,64,256,890.974
64,64,64,512,1660.4
64,64,64,1024,3198.58
64,64,64,2048,6278.65
64,64,64,4096,12439.9
64,64,64,8192,24770
64,64,128,16,291.178
64,64,128,32,432.01
64,64,128,64,598.794
64,64,128,128,947.539
64,64,128,256,1590.51
64,64,128,512,2935.52
64,64,128,1024,5627.6
64,64,128,2048,11033.5
64,64,128,4096,21812.6
64,64,128,8192,43395.3
64,128,0,0,156.276
64,128,1,16,147.541
64,128,1,32,147.562
64,128,1,64,147.209
64,128,1,128,147.445
64,128,1,256,197.322
64,128,1,512,455.466
64,128,1,1024,539.103
64,128,1,2048,996.563
64,128,1,4096,1911.26
64,128,1,8192,3880.41
64,128,2,16,156.832
64,128,2,32,157.12
64,128,2,64,156.725
64,128,2,128,156.768
64,128,2,256,198.933
64,128,2,512,314.772
64,128,2,1024,548.043
64,128,2,2048,1013.4
64,128,2,4096,1944.56
64,128,2,8192,3810.21
64,128,4,16,155.221
64,128,4,32,155.509
64,128,4,64,154.933
64,128,4,128,155.647
64,128,4,256,200.875
64,128,4,512,317.749
64,128,4,1024,553.12
64,128,4,2048,1024.31
64,128,4,4096,1961.82
64,128,4,8192,3844.36
64,128,8,16,174.997
64,128,8,32,205.994
64,128,8,64,219.35
64,128,8,128,234.154
64,128,8,256,335.263
64,128,8,512,529.033
64,128,8,1024,927.892
64,128,8,2048,1668.04
64,128,8,4096,3220.58
64,128,8,8192,6329.61
64,128,16,16,178.922
64,128,16,32,202.912
64,128,16,64,231.296
64,128,16,128,277.077
64,128,16,256,399.818
64,128,16,512,663.892
64,128,16,1024,1058.67
64,128,16,2048,1838.22
64,128,16,4096,3357.36
64,128,16,8192,6448.03
64,128,32,16,225.588
64,128,32,32,268.938
64,128,32,64,294.922
64,128,32,128,393.514
64,128,32,256,580.596
64,128,32,512,968.232
64,128,32,1024,1741.68
64,128,32,2048,3277.38
64,128,32,4096,6357.35
64,128,32,8192,12525.2
64,128,64,16,277.024
64,128,64,32,355.189
64,128,64,64,418.858
64,128,64,128,537.94
64,128,64,256,899.923
64,128,64,512,1660.42
64,128,64,1024,3200.1
64,128,64,2048,6281.53
64,128,64,4096,12446.2
64,128,64,8192,24771.8
64,128,128,16,363.498
64,128,128,32,499.295
64,128,128,64,638.782
64,128,128,128,1002.4
64,128,128,256,1623.71
64,128,128,512,2932.62
64,128,128,1024,5645.11
64,128,128,2048,11083.4
64,128,128,4096,21844.3
64,128,128,8192,43436.3
64,256,0,0,254.037
64,256,1,16,244.554
64,256,1,32,244.991
64,256,1,64,245.056
64,256,1,128,244.917
64,256,1,256,245.205
64,256,1,512,351.861
64,256,1,1024,577.663
64,256,1,2048,1036.35
64,256,1,4096,1948.37
64,256,1,8192,3777.59
64,256,2,16,254.453
64,256,2,32,254.356
64,256,2,64,254.485
64,256,2,128,254.57
64,256,2,256,254.847
64,256,2,512,353.13
64,256,2,1024,586.292
64,256,2,2048,1053.26
64,256,2,4096,1984.81
64,256,2,8192,3846.29
64,256,4,16,252.597
64,256,4,32,252.948
64,256,4,64,253.919
64,256,4,128,252.575
64,256,4,256,254.314
64,256,4,512,357.471
64,256,4,1024,592.191
64,256,4,2048,1061.58
64,256,4,4096,2002.83
64,256,4,8192,3883.78
64,256,8,16,277.845
64,256,8,32,277.322
64,256,8,64,325.877
64,256,8,128,371.221
64,256,8,256,377.364
64,256,8,512,614.463
64,256,8,1024,966.28
64,256,8,2048,1739.78
64,256,8,4096,3305.67
64,256,8,8192,6353.98
64,256,16,16,278.602
64,256,16,32,301.546
64,256,16,64,327.06
64,256,16,128,373.642
64,256,16,256,475.487
64,256,16,512,747.263
64,256,16,1024,1256.37
64,256,16,2048,2009.41
64,256,16,4096,3551.66
64,256,16,8192,6649.67
64,256,32,16,366.111
64,256,32,32,381.567
64,256,32,64,457.759
64,256,32,128,492.788
64,256,32,256,679.7
64,256,32,512,1067.5
64,256,32,1024,1833.37
64,256,32,2048,3374.31
64,256,32,4096,6455.54
64,256,32,8192,12620.6
64,256,64,16,404.98
64,256,64,32,448.65
64,256,64,64,563.007
64,256,64,128,733.3
64,256,64,256,927.241
64,256,64,512,1670.35
64,256,64,1024,3204.36
64,256,64,2048,6284.15
64,256,64,4096,12445.9
64,256,64,8192,24764.3
64,256,128,16,498.431
64,256,128,32,651.775
64,256,128,64,791.412
64,256,128,128,1011.18
64,256,128,256,1714.24
64,256,128,512,2985.86
64,256,128,1024,5641.5
64,256,128,2048,11102.3
64,256,128,4096,21940.7
64,256,128,8192,43509.5
64,512,0,0,447.039
64,512,1,16,436.554
64,512,1,32,437.396
64,512,1,64,438.281
64,512,1,128,436.416
64,512,1,256,437.77
64,512,1,512,437.428
64,512,1,1024,657.918
64,512,1,2048,1116.1
64,512,1,4096,2027.77
64,512,1,8192,3855.34
64,512,2,16,447.391
64,512,2,32,447.051
64,512,2,64,447.264
64,512,2,128,446.431
64,512,2,256,446.932
64,512,2,512,446.986
64,512,2,1024,664.181
64,512,2,2048,1129.36
64,512,2,4096,2061.53
64,512,2,8192,3923.12
64,512,4,16,443.498
64,512,4,32,445.077
64,512,4,64,444.969
64,512,4,128,444.041
64,512,4,256,445.962
64,512,4,512,444.959
64,512,4,1024,668.531
64,512,4,2048,1135.85
64,512,4,4096,2077.06
64,512,4,8192,3958.79
64,512,8,16,466.591
64,512,8,32,481.567
64,512,8,64,498.178
64,512,8,128,560.863
64,512,8,256,628.318
64,512,8,512,852.99
64,512,8,1024,1219.21
64,512,8,2048,1930.72
64,512,8,4096,3477.65
64,512,8,8192,6512.86
64,512,16,16,464.885
64,512,16,32,488.117
64,512,16,64,516.234
64,512,16,128,564.607
64,512,16,256,661.534
64,512,16,512,856.201
64,512,16,1024,1451.08
64,512,16,2048,2410.3
64,512,16,4096,3851.96
64,512,16,8192,7023.91
64,512,32,16,521.439
64,512,32,32,578.676
64,512,32,64,628.689
64,512,32,128,808.286
64,512,32,256,879.635
64,512,32,512,1265.4
64,512,32,1024,2036.37
64,512,32,2048,3569.12
64,512,32,4096,6649.16
64,512,32,8192,12816.1
64,512,64,16,571.178
64,512,64,32,687.614
64,512,64,64,786.985
64,512,64,128,970.408
64,512,64,256,1240.77
64,512,64,512,1699.86
64,512,64,1024,3221.26
64,512,64,2048,6282.55
64,512,64,4096,12437.4
64,512,64,8192,24762.9
64,512,128,16,779.219
64,512,128,32,911.006
64,512,128,64,1077.18
64,512,128,128,1352.07
64,512,128,256,1793.84
64,512,128,512,3307.45
64,512,128,1024,5680.06
64,512,128,2048,11105.6
64,512,128,4096,21995.9
64,512,128,8192,43692.9
64,1024,0,0,831.7
64,1024,1,16,823.731
64,1024,1,32,823.902
64,1024,1,64,823.199
64,1024,1,128,822.975
64,1024,1,256,823.935
64,1024,1,512,825.161
64,1024,1,1024,822.804
64,1024,1,2048,1271.89
64,1024,1,4096,2185.51
64,1024,1,8192,4012.35
64,1024,2,16,833.598
64,1024,2,32,834.505
64,1024,2,64,833.95
64,1024,2,128,833.918
64,1024,2,256,834.111
64,1024,2,512,834.196
64,1024,2,1024,833.887
64,1024,2,2048,1282.32
64,1024,2,4096,2213.3
64,1024,2,8192,4076.34
64,1024,4,16,830.142
64,1024,4,32,831.998
64,1024,4,64,828.905
64,1024,4,128,829.054
64,1024,4,256,830.431
64,1024,4,512,830.356
64,1024,4,1024,831.892
64,1024,4,2048,1292.07
64,1024,4,4096,2229.94
64,1024,4,8192,4115.19
64,1024,8,16,848.724
64,1024,8,32,855.188
64,1024,8,64,894.655
64,1024,8,128,948.019
64,1024,8,256,1014.63
64,1024,8,512,1241.99
64,1024,8,1024,1501.83
64,1024,8,2048,2366.29
64,1024,8,4096,3921.53
64,1024,8,8192,6886.04
64,1024,16,16,854.569
64,1024,16,32,880.5
64,1024,16,64,906.142
64,1024,16,128,950.047
64,1024,16,256,1052.41
64,1024,16,512,1238.75
64,1024,16,1024,1625.65
64,1024,16,2048,3027.1
64,1024,16,4096,4605.9
64,1024,16,8192,7600.62
64,1024,32,16,895.582
64,1024,32,32,956.233
64,1024,32,64,1010.64
64,1024,32,128,1199.17
64,1024,32,256,1440.4
64,1024,32,512,1643.38
64,1024,32,1024,2402.28
64,1024,32,2048,3958.42
64,1024,32,4096,7028.32
64,1024,32,8192,13197.2
64,1024,64,16,961.524
64,1024,64,32,1085.01
64,1024,64,64,1241.11
64,1024,64,128,1368.91
64,1024,64,256,1639.9
64,1024,64,512,2457.38
64,1024,64,1024,3242.71
64,1024,64,2048,6291.74
64,1024,64,4096,12440.7
64,1024,64,8192,24766.3
64,1024,128,16,1122.11
64,1024,128,32,1433.74
64,1024,128,64,1597.98
64,1024,128,128,1936.42
64,1024,128,256,2415.26
64,1024,128,512,3330.92
64,1024,128,1024,6176.7
64,1024,128,2048,11106.7
64,1024,128,4096,21986.9
64,1024,128,8192,43749.7
64,2048,0,0,1604.17
64,2048,1,16,1594.58
64,2048,1,32,1596.23
64,2048,1,64,1599.71
64,2048,1,128,1598.17
64,2048,1,256,1595.42
64,2048,1,512,1597.83
64,2048,1,1024,1597.87
64,2048,1,2048,1596.12
64,2048,1,4096,2498.05
64,2048,1,8192,4324.99
64,2048,2,16,1604.59
64,2048,2,32,1604.26
64,2048,2,64,1604.22
64,2048,2,128,1604.17
64,2048,2,256,1604.24
64,2048,2,512,1604.18
64,2048,2,1024,1604.18
64,2048,2,2048,1604.03
64,2048,2,4096,2521.76
64,2048,2,8192,4381.55
64,2048,4,16,1600.87
64,2048,4,32,1600.03
64,2048,4,64,1601.31
64,2048,4,128,1599.53
64,2048,4,256,1599.61
64,2048,4,512,1598.83
64,2048,4,1024,1601.1
64,2048,4,2048,1601.73
64,2048,4,4096,2537.47
64,2048,4,8192,4418.41
64,2048,8,16,1625.98
64,2048,8,32,1635.16
64,2048,8,64,1674.12
64,2048,8,128,1716.45
64,2048,8,256,1808.17
64,2048,8,512,2006.18
64,2048,8,1024,2390.48
64,2048,8,2048,3156.76
64,2048,8,4096,4686.44
64,2048,8,8192,7768.4
64,2048,16,16,1622.09
64,2048,16,32,1646.14
64,2048,16,64,1675.69
64,2048,16,128,1720.39
64,2048,16,256,1816.13
64,2048,16,512,2009.92
64,2048,16,1024,2398.72
64,2048,16,2048,3170.04
64,2048,16,4096,5599.05
64,2048,16,8192,9332.38
64,2048,32,16,1674.94
64,2048,32,32,1733.97
64,2048,32,64,1779.12
64,2048,32,128,1964.15
64,2048,32,256,2156.94
64,2048,32,512,2821.31
64,2048,32,1024,3195.38
64,2048,32,2048,4722.43
64,2048,32,4096,7802.6
64,2048,32,8192,13962.5
64,2048,64,16,1723.36
64,2048,64,32,1817.4
64,2048,64,64,1974.96
64,2048,64,128,2103.81
64,2048,64,256,2505.06
64,2048,64,512,3206.83
64,2048,64,1024,4651.78
64,2048,64,2048,6346.48
64,2048,64,4096,12470.6
64,2048,64,8192,24771.7
64,2048,128,16,1929.04
64,2048,128,32,2122.54
64,2048,128,64,2385.67
64,2048,128,128,2962.04
64,2048,128,256,3546.32
64,2048,128,512,4802.04
64,2048,128,1024,6447.12
64,2048,128,2048,12542.2
64,2048,128,4096,21987.8
64,2048,128,8192,43742
64,4096,0,0,3148.38
64,4096,1,16,3141.91
64,4096,1,32,3148.23
64,4096,1,64,3139.56
64,4096,1,128,3139.73
64,4096,1,256,3144.1
64,4096,1,512,3140.78
64,4096,1,1024,3144.42
64,4096,1,2048,3144.29
64,4096,1,4096,3139.26
64,4096,1,8192,4954.85
64,4096,2,16,3148.97
64,4096,2,32,3149.22
64,4096,2,64,3147.5
64,4096,2,128,3147.94
64,4096,2,256,3148.99
64,4096,2,512,3147.73
64,4096,2,1024,3149.21
64,4096,2,2048,3148.11
64,4096,2,4096,3153.76
64,4096,2,8192,4995.62
64,4096,4,16,3142.41
64,4096,4,32,3143.59
64,4096,4,64,3144.6
64,4096,4,128,3142.29
64,4096,4,256,3148.25
64,4096,4,512,3144.25
64,4096,4,1024,3141.63
64,4096,4,2048,3141.62
64,4096,4,4096,3145.17
64,4096,4,8192,5021.41
64,4096,8,16,3164.64
64,4096,8,32,3183.54
64,4096,8,64,3195.07
64,4096,8,128,3253.3
64,4096,8,256,3322.08
64,4096,8,512,3544.2
64,4096,8,1024,3927.57
64,4096,8,2048,4706.62
64,4096,8,4096,5815.77
64,4096,8,8192,9297.21
64,4096,16,16,3162.6
64,4096,16,32,3187.78
64,4096,16,64,3212.83
64,4096,16,128,3262.22
64,4096,16,256,3353.09
64,4096,16,512,3550.43
64,4096,16,1024,3938.24
64,4096,16,2048,4705.77
64,4096,16,4096,6247.58
64,4096,16,8192,12370.9
64,4096,32,16,3209.54
64,4096,32,32,3287.1
64,4096,32,64,3332.49
64,4096,32,128,3498.32
64,4096,32,256,3781.98
64,4096,32,512,4376.45
64,4096,32,1024,5395.13
64,4096,32,2048,6269.72
64,4096,32,4096,9340.09
64,4096,32,8192,15515
64,4096,64,16,3262.19
64,4096,64,32,3398.57
64,4096,64,64,3584.23
64,4096,64,128,3742.61
64,4096,64,256,4021.17
64,4096,64,512,4996.12
64,4096,64,1024,6549.37
64,4096,64,2048,9466.73
64,4096,64,4096,12673
64,4096,64,8192,24996.4
64,4096,128,16,3438.24
64,4096,128,32,3776.48
64,4096,128,64,3954.48
64,4096,128,128,4539.78
64,4096,128,256,5348.1
64,4096,128,512,6728.15
64,4096,128,1024,9638.58
64,4096,128,2048,12732.4
64,4096,128,4096,25056.1
64,4096,128,8192,44126.9
64,8192,0,0,6286.25
64,8192,1,16,6282.17
64,8192,1,32,6279.84
64,8192,1,64,6286.09
64,8192,1,128,6294.11
64,8192,1,256,6284.92
64,8192,1,512,6281.8
64,8192,1,1024,6288.34
64,8192,1,2048,6286.47
64,8192,1,4096,6290.66
64,8192,1,8192,6288.05
64,8192,2,16,6286.17
64,8192,2,32,6287.81
64,8192,2,64,6286.32
64,8192,2,128,6283.14
64,8192,2,256,6286.53
64,8192,2,512,6282.05
64,8192,2,1024,6280.77
64,8192,2,2048,6287.89
64,8192,2,4096,6290.46
64,8192,2,8192,6282.4
64,8192,4,16,6282.08
64,8192,4,32,6283.6
64,8192,4,64,6287.04
64,8192,4,128,6280.13
64,8192,4,256,6281.72
64,8192,4,512,6286.72
64,8192,4,1024,6289.24
64,8192,4,2048,6283.61
64,8192,4,4096,6286.84
64,8192,4,8192,6305.98
64,8192,8,16,6307.36
64,8192,8,32,6319.19
64,8192,8,64,6331.12
64,8192,8,128,6384.78
64,8192,8,256,6493.97
64,8192,8,512,6679.82
64,8192,8,1024,7081.66
64,8192,8,2048,8010.58
64,8192,8,4096,8984.44
64,8192,8,8192,11683.1
64,8192,16,16,6297.62
64,8192,16,32,6322.37
64,8192,16,64,6344.38
64,8192,16,128,6394.46
64,8192,16,256,6488.99
64,8192,16,512,6679.41
64,8192,16,1024,7074.55
64,8192,16,2048,7848.88
64,8192,16,4096,9404.03
64,8192,16,8192,12512.1
64,8192,32,16,6338.19
64,8192,32,32,6394.38
64,8192,32,64,6456.51
64,8192,32,128,6626.6
64,8192,32,256,6862.02
64,8192,32,512,7520.67
64,8192,32,1024,8441.67
64,8192,32,2048,10774.7
64,8192,32,4096,12534.2
64,8192,32,8192,18747.8
64,8192,64,16,6419.59
64,8192,64,32,6526.31
64,8192,64,64,6675.81
64,8192,64,128,6765.61
64,8192,64,256,7223.1
64,8192,64,512,8154.63
64,8192,64,1024,9964.06
64,8192,64,2048,12757
64,8192,64,4096,18326.5
64,8192,64,8192,25191.8
64,8192,128,16,6578.21
64,8192,128,32,6820.72
64,8192,128,64,7062.54
64,8192,128,128,7628.95
64,8192,128,256,8212.26
64,8192,128,512,10834.1
64,8192,128,1024,13108.9
64,8192,128,2048,18818.2
64,8192,128,4096,25223.7
64,8192,128,8192,49909
128,0,0,0,167.349
128,0,1,16,160.672
128,0,1,32,170.218
128,0,1,64,178.409
128,0,1,128,179.988
128,0,1,256,228.469
128,0,1,512,363.637
128,0,1,1024,598.047
128,0,1,2048,1054.64
128,0,1,4096,2384.12
128,0,1,8192,3823.43
128,0,2,16,174.848
128,0,2,32,172.192
128,0,2,64,170.486
128,0,2,128,184.202
128,0,2,256,233.748
128,0,2,512,349.215
128,0,2,1024,674.036
128,0,2,2048,1240.63
128,0,2,4096,1987.23
128,0,2,8192,5497.69
128,0,4,16,161.216
128,0,4,32,176.725
128,0,4,64,178.389
128,0,4,128,202.805
128,0,4,256,278.421
128,0,4,512,492.97
128,0,4,1024,875.753
128,0,4,2048,1654.31
128,0,4,4096,3219.51
128,0,4,8192,5519.55
128,0,8,16,181.344
128,0,8,32,177.547
128,0,8,64,195.637
128,0,8,128,228.682
128,0,8,256,300.991
128,0,8,512,512.575
128,0,8,1024,902.196
128,0,8,2048,1677.55
128,0,8,4096,3232.7
128,0,8,8192,6353.1
128,0,16,16,186.229
128,0,16,32,202.559
128,0,16,64,225.599
128,0,16,128,275.702
128,0,16,256,427.968
128,0,16,512,604.531
128,0,16,1024,1007.83
128,0,16,2048,1783.28
128,0,16,4096,3330.69
128,0,16,8192,6447.26
128,0,32,16,216.01
128,0,32,32,245.472
128,0,32,64,277.536
128,0,32,128,378.515
128,0,32,256,564.693
128,0,32,512,956.116
128,0,32,1024,1726.82
128,0,32,2048,3285.66
128,0,32,4096,6419.55
128,0,32,8192,12644.2
128,0,64,16,245.098
128,0,64,32,318.367
128,0,64,64,396.021
128,0,64,128,560.244
128,0,64,256,921.043
128,0,64,512,1687.76
128,0,64,1024,3237.32
128,0,64,2048,6344.89
128,0,64,4096,12557.8
128,0,64,8192,24996.7
128,0,128,16,323.637
128,0,128,32,466.292
128,0,128,64,623.252
128,0,128,128,963.379
128,0,128,256,1628.74
128,0,128,512,2989.73
128,0,128,1024,5699.66
128,0,128,2048,11140.5
128,0,128,4096,22013
128,0,128,8192,43755.9
128,16,0,0,194.506
128,16,1,16,204.959
128,16,1,32,199.361
128,16,1,64,197.728
128,16,1,128,204.01
128,16,1,256,243.125
128,16,1,512,364.745
128,16,1,1024,590.869
128,16,1,2048,1066.42
128,16,1,4096,1971.96
128,16,1,8192,4640.95
128,16,2,16,195.968
128,16,2,32,201.173
128,16,2,64,209.365
128,16,2,128,211.115
128,16,2,256,288.747
128,16,2,512,397.546
128,16,2,1024,701.151
128,16,2,2048,1264.52
128,16,2,4096,2385.18
128,16,2,8192,4742.86
128,16,4,16,199.487
128,16,4,32,210.921
128,16,4,64,214.891
128,16,4,128,234.058
128,16,4,256,310.698
128,16,4,512,467.978
128,16,4,1024,797.619
128,16,4,2048,1670.49
128,16,4,4096,3204.57
128,16,4,8192,6300.1
128,16,8,16,203.199
128,16,8,32,211.573
128,16,8,64,231.253
128,16,8,128,253.695
128,16,8,256,347.498
128,16,8,512,537.301
128,16,8,1024,942.942
128,16,8,2048,1681.88
128,16,8,4096,3244.86
128,16,8,8192,6357
128,16,16,16,217.355
128,16,16,32,242.4
128,16,16,64,249.45
128,16,16,128,293.845
128,16,16,256,446.751
128,16,16,512,646.025
128,16,16,1024,1027.86
128,16,16,2048,1809.94
128,16,16,4096,3379.79
128,16,16,8192,6490.39
128,16,32,16,239.829
128,16,32,32,267.732
128,16,32,64,309.887
128,16,32,128,390.687
128,16,32,256,595.582
128,16,32,512,973.481
128,16,32,1024,1756.22
128,16,32,2048,3308.81
128,16,32,4096,6422.81
128,16,32,8192,12662.6
128,16,64,16,270.975
128,16,64,32,344.682
128,16,64,64,421.673
128,16,64,128,592.242
128,16,64,256,935.124
128,16,64,512,1693.1
128,16,64,1024,3241.51
128,16,64,2048,6351.98
128,16,64,4096,12706.4
128,16,64,8192,25001
128,16,128,16,360.308
128,16,128,32,495.722
128,16,128,64,644.777
128,16,128,128,977.428
128,16,128,256,1640.64
128,16,128,512,2996.78
128,16,128,1024,5715.25
128,16,128,2048,11152.8
128,16,128,4096,22028.6
128,16,128,8192,43768.2
128,32,0,0,219.925
128,32,1,16,228.405
128,32,1,32,227.146
128,32,1,64,227.423
128,32,1,128,223.339
128,32,1,256,267.807
128,32,1,512,387.807
128,32,1,1024,701.353
128,32,1,2048,1280.04
128,32,1,4096,2134.88
128,32,1,8192,3863.9
128,32,2,16,229.268
128,32,2,32,226.238
128,32,2,64,223.146
128,32,2,128,234.646
128,32,2,256,278.933
128,32,2,512,447.37
128,32,2,1024,786.965
128,32,2,2048,1266.66
128,32,2,4096,2426.02
128,32,2,8192,5480.67
128,32,4,16,222.037
128,32,4,32,235.22
128,32,4,64,228.277
128,32,4,128,251.936
128,32,4,256,321.471
128,32,4,512,506.324
128,32,4,1024,901.951
128,32,4,2048,1305.54
128,32,4,4096,2844.01
128,32,4,8192,6291.37
128,32,8,16,232.373
128,32,8,32,229.897
128,32,8,64,248.746
128,32,8,128,262.207
128,32,8,256,369.994
128,32,8,512,554.016
128,32,8,1024,943.113
128,32,8,2048,1715.09
128,32,8,4096,3274.09
128,32,8,8192,6392.36
128,32,16,16,238.165
128,32,16,32,252.415
128,32,16,64,268.106
128,32,16,128,320.309
128,32,16,256,452.596
128,32,16,512,681.097
128,32,16,1024,1068.61
128,32,16,2048,1852.84
128,32,16,4096,3424
128,32,16,8192,6530.3
128,32,32,16,259.839
128,32,32,32,301.259
128,32,32,64,332.639
128,32,32,128,406.015
128,32,32,256,624.724
128,32,32,512,1008.69
128,32,32,1024,1773.57
128,32,32,2048,3336.55
128,32,32,4096,6453.68
128,32,32,8192,12681
128,32,64,16,307.157
128,32,64,32,366.069
128,32,64,64,439.455
128,32,64,128,616.127
128,32,64,256,953.012
128,32,64,512,1700.7
128,32,64,1024,3257.79
128,32,64,2048,6360.32
128,32,64,4096,12577.2
128,32,64,8192,25004.5
128,32,128,16,383.487
128,32,128,32,521.94
128,32,128,64,671.743
128,32,128,128,992.094
128,32,128,256,1658.46
128,32,128,512,3013.15
128,32,128,1024,5723.94
128,32,128,2048,11164.3
128,32,128,4096,22035.1
128,32,128,8192,43780.3
128,64,0,0,271.551
128,64,1,16,267.863
128,64,1,32,273.013
128,64,1,64,276.704
128,64,1,128,267.775
128,64,1,256,287.114
128,64,1,512,467.967
128,64,1,1024,724.158
128,64,1,2048,1118.05
128,64,1,4096,2037.64
128,64,1,8192,3936.58
128,64,2,16,266.516
128,64,2,32,264.778
128,64,2,64,266.175
128,64,2,128,282.165
128,64,2,256,322.175
128,64,2,512,451.338
128,64,2,1024,807.647
128,64,2,2048,1663.7
128,64,2,4096,2067.83
128,64,2,8192,4693.17
128,64,4,16,288.053
128,64,4,32,283.904
128,64,4,64,276.608
128,64,4,128,297.461
128,64,4,256,331.157
128,64,4,512,537.769
128,64,4,1024,909.63
128,64,4,2048,1703.33
128,64,4,4096,3238.4
128,64,4,8192,6345.11
128,64,8,16,289.855
128,64,8,32,298.324
128,64,8,64,300.917
128,64,8,128,310.282
128,64,8,256,413.834
128,64,8,512,613.225
128,64,8,1024,1013.09
128,64,8,2048,1785.33
128,64,8,4096,3338.32
128,64,8,8192,6456.5
128,64,16,16,285.087
128,64,16,32,306.772
128,64,16,64,321.674
128,64,16,128,373.343
128,64,16,256,487.647
128,64,16,512,730.345
128,64,16,1024,1160.53
128,64,16,2048,1894.14
128,64,16,4096,3461.21
128,64,16,8192,6567.35
128,64,32,16,319.212
128,64,32,32,339.295
128,64,32,64,376.34
128,64,32,128,462.943
128,64,32,256,666.687
128,64,32,512,1069.65
128,64,32,1024,1830.4
128,64,32,2048,3392.17
128,64,32,4096,6492.54
128,64,32,8192,12707.8
128,64,64,16,353.611
128,64,64,32,415.946
128,64,64,64,500.287
128,64,64,128,648.714
128,64,64,256,990.248
128,64,64,512,1713.95
128,64,64,1024,3252.76
128,64,64,2048,6368.62
128,64,64,4096,12587.3
128,64,64,8192,25018.5
128,64,128,16,427.903
128,64,128,32,570.495
128,64,128,64,720.148
128,64,128,128,1012.99
128,64,128,256,1685.83
128,64,128,512,3035.07
128,64,128,1024,5745.81
128,64,128,2048,11187.9
128,64,128,4096,22060.1
128,64,128,8192,43805.1
128,128,0,0,366.421
128,128,1,16,366.656
128,128,1,32,369.322
128,128,1,64,356.02
128,128,1,128,369.067
128,128,1,256,368.084
128,128,1,512,492.532
128,128,1,1024,711.284
128,128,1,2048,1197.79
128,128,1,4096,2086.87
128,128,1,8192,5562.41
128,128,2,16,380.607
128,128,2,32,381.92
128,128,2,64,379.434
128,128,2,128,380.565
128,128,2,256,381.589
128,128,2,512,515.284
128,128,2,1024,791.262
128,128,2,2048,1530.61
128,128,2,4096,2111.17
128,128,2,8192,3965.11
128,128,4,16,379.412
128,128,4,32,387.391
128,128,4,64,387.095
128,128,4,128,379.434
128,128,4,256,418.293
128,128,4,512,567.988
128,128,4,1024,929.716
128,128,4,2048,1777.22
128,128,4,4096,3317.75
128,128,4,8192,6400.12
128,128,8,16,383.925
128,128,8,32,389.396
128,128,8,64,393.055
128,128,8,128,406.271
128,128,8,256,453.962
128,128,8,512,671.839
128,128,8,1024,1069.94
128,128,8,2048,1830.4
128,128,8,4096,3406.22
128,128,8,8192,6500.64
128,128,16,16,391.636
128,128,16,32,406.218
128,128,16,64,423.38
128,128,16,128,458.826
128,128,16,256,560.031
128,128,16,512,834.323
128,128,16,1024,1316.07
128,128,16,2048,2058.86
128,128,16,4096,3641.5
128,128,16,8192,6737.18
128,128,32,16,408.959
128,128,32,32,439.241
128,128,32,64,498.964
128,128,32,128,558.836
128,128,32,256,728.468
128,128,32,512,1161.83
128,128,32,1024,1933.18
128,128,32,2048,3486.47
128,128,32,4096,6595.35
128,128,32,8192,12833.1
128,128,64,16,451.818
128,128,64,32,517.193
128,128,64,64,603.956
128,128,64,128,735.477
128,128,64,256,1079.21
128,128,64,512,1799.32
128,128,64,1024,3159.58
128,128,64,2048,6081.22
128,128,64,4096,12272.4
128,128,64,8192,23549.7
128,128,128,16,549.183
128,128,128,32,681.737
128,128,128,64,824.5
128,128,128,128,1115
128,128,128,256,1760.47
128,128,128,512,3084.19
128,128,128,1024,5804.93
128,128,128,2048,11232
128,128,128,4096,22104.9
128,128,128,8192,43852
128,256,0,0,561.738
128,256,1,16,567.188
128,256,1,32,557.066
128,256,1,64,558.229
128,256,1,128,564.745
128,256,1,256,557.652
128,256,1,512,614.92
128,256,1,1024,845.503
128,256,1,2048,1342.13
128,256,1,4096,2276.78
128,256,1,8192,4069.22
128,256,2,16,557.77
128,256,2,32,565.311
128,256,2,64,569.769
128,256,2,128,569.162
128,256,2,256,568.98
128,256,2,512,639.679
128,256,2,1024,900.233
128,256,2,2048,1473.62
128,256,2,4096,2272.28
128,256,2,8192,4121.79
128,256,4,16,577.417
128,256,4,32,578.174
128,256,4,64,571.989
128,256,4,128,573.471
128,256,4,256,558.122
128,256,4,512,649.247
128,256,4,1024,1069.77
128,256,4,2048,1837.07
128,256,4,4096,2999.63
128,256,4,8192,6496.41
128,256,8,16,575.871
128,256,8,32,585.365
128,256,8,64,581.972
128,256,8,128,600.351
128,256,8,256,601.098
128,256,8,512,801.225
128,256,8,1024,1273.69
128,256,8,2048,2050.87
128,256,8,4096,3639.64
128,256,8,8192,6743.53
128,256,16,16,587.145
128,256,16,32,598.783
128,256,16,64,619.263
128,256,16,128,680.809
128,256,16,256,761.322
128,256,16,512,955.571
128,256,16,1024,1571.09
128,256,16,2048,2386.08
128,256,16,4096,3868.88
128,256,16,8192,7060.83
128,256,32,16,595.21
128,256,32,32,624.488
128,256,32,64,659.978
128,256,32,128,779.263
128,256,32,256,910.718
128,256,32,512,1285.51
128,256,32,1024,2135.09
128,256,32,2048,3684.06
128,256,32,4096,6776.73
128,256,32,8192,13009.5
128,256,64,16,647.295
128,256,64,32,733.833
128,256,64,64,829.918
128,256,64,128,936.99
128,256,64,256,1217.74
128,256,64,512,1942.79
128,256,64,1024,3274.5
128,256,64,2048,6138.2
128,256,64,4096,12307.2
128,256,64,8192,25044.2
128,256,128,16,744.703
128,256,128,32,885.577
128,256,128,64,1041.2
128,256,128,128,1316.23
128,256,128,256,1890.77
128,256,128,512,3209.72
128,256,128,1024,5892
128,256,128,2048,11340.1
128,256,128,4096,22196.3
128,256,128,8192,43954.5
128,512,0,0,942.387
128,512,1,16,948.382
128,512,1,32,953.266
128,512,1,64,951.705
128,512,1,128,945.439
128,512,1,256,957.364
128,512,1,512,954.591
128,512,1,1024,1116.23
128,512,1,2048,1684.38
128,512,1,4096,2508.38
128,512,1,8192,5833.06
128,512,2,16,957.619
128,512,2,32,955.817
128,512,2,64,961.939
128,512,2,128,965.651
128,512,2,256,956.372
128,512,2,512,962.217
128,512,2,1024,1139.37
128,512,2,2048,1819.08
128,512,2,4096,2541.85
128,512,2,8192,4454.16
128,512,4,16,968.574
128,512,4,32,966.515
128,512,4,64,960.68
128,512,4,128,965.482
128,512,4,256,967.145
128,512,4,512,961.065
128,512,4,1024,1214.36
128,512,4,2048,2025
128,512,4,4096,3624
128,512,4,8192,6704.09
128,512,8,16,956.553
128,512,8,32,971.977
128,512,8,64,976.851
128,512,8,128,990.239
128,512,8,256,991.379
128,512,8,512,1126.55
128,512,8,1024,1553.49
128,512,8,2048,2467.3
128,512,8,4096,3967.28
128,512,8,8192,7064.49
128,512,16,16,977.672
128,512,16,32,986.387
128,512,16,64,999.667
128,512,16,128,1061.02
128,512,16,256,1149.35
128,512,16,512,1337.79
128,512,16,1024,1728.34
128,512,16,2048,2849.02
128,512,16,4096,4460.91
128,512,16,8192,7623.05
128,512,32,16,981.865
128,512,32,32,1020.01
128,512,32,64,1061.88
128,512,32,128,1089.37
128,512,32,256,1320.71
128,512,32,512,1689.47
128,512,32,1024,2450.91
128,512,32,2048,4071.17
128,512,32,4096,7168
128,512,32,8192,13379
128,512,64,16,1029.13
128,512,64,32,1097.97
128,512,64,64,1201.97
128,512,64,128,1372.25
128,512,64,256,1617.92
128,512,64,512,2190.68
128,512,64,1024,3679.11
128,512,64,2048,6322.13
128,512,64,4096,11953.2
128,512,64,8192,23854.2
128,512,128,16,1135.16
128,512,128,32,1287.23
128,512,128,64,1461.53
128,512,128,128,1748.41
128,512,128,256,2286.06
128,512,128,512,3454.96
128,512,128,1024,6115.33
128,512,128,2048,11531.7
128,512,128,4096,22394.2
128,512,128,8192,44143.4
128,1024,0,0,1728.52
128,1024,1,16,1728.11
128,1024,1,32,1729.38
128,1024,1,64,1731.41
128,1024,1,128,1728.48
128,1024,1,256,1732.28
128,1024,1,512,1728.26
128,1024,1,1024,1731.66
128,1024,1,2048,2111.01
128,1024,1,4096,3099.91
128,1024,1,8192,4901.5
128,1024,2,16,1729.78
128,1024,2,32,1736.53
128,1024,2,64,1737.68
128,1024,2,128,1735.92
128,1024,2,256,1734.9
128,1024,2,512,1737.12
128,1024,2,1024,1738.84
128,1024,2,2048,2246.65
128,1024,2,4096,3556.82
128,1024,2,8192,5518.49
128,1024,4,16,1742.45
128,1024,4,32,1747.97
128,1024,4,64,1739.87
128,1024,4,128,1738.19
128,1024,4,256,1742.93
128,1024,4,512,1737.2
128,1024,4,1024,1740.73
128,1024,4,2048,2449.72
128,1024,4,4096,4010.24
128,1024,4,8192,7087.88
128,1024,8,16,1744.68
128,1024,8,32,1741.87
128,1024,8,64,1757.41
128,1024,8,128,1771.01
128,1024,8,256,1765.12
128,1024,8,512,1763.31
128,1024,8,1024,1768.79
128,1024,8,2048,2988.87
128,1024,8,4096,4684.34
128,1024,8,8192,7924.42
128,1024,16,16,1736.67
128,1024,16,32,1766.21
128,1024,16,64,1787.1
128,1024,16,128,1805.87
128,1024,16,256,1918.89
128,1024,16,512,2111.73
128,1024,16,1024,2500.28
128,1024,16,2048,3272.94
128,1024,16,4096,5446.9
128,1024,16,8192,8606.79
128,1024,32,16,1760.37
128,1024,32,32,1816.17
128,1024,32,64,1827.9
128,1024,32,128,1862.96
128,1024,32,256,1952.42
128,1024,32,512,2531.06
128,1024,32,1024,3248.77
128,1024,32,2048,4798.97
128,1024,32,4096,7944.26
128,1024,32,8192,14163.8
128,1024,64,16,1807.48
128,1024,64,32,1891.08
128,1024,64,64,1956.44
128,1024,64,128,2124.19
128,1024,64,256,2281.34
128,1024,64,512,2985.32
128,1024,64,1024,4131.64
128,1024,64,2048,7164.07
128,1024,64,4096,12476.9
128,1024,64,8192,24560.6
128,1024,128,16,1901.62
128,1024,128,32,2045.84
128,1024,128,64,2213.05
128,1024,128,128,2590.33
128,1024,128,256,3134.12
128,1024,128,512,4232.77
128,1024,128,1024,6554.85
128,1024,128,2048,11946.5
128,1024,128,4096,22782.9
128,1024,128,8192,44534
128,2048,0,0,3275.93
128,2048,1,16,3289.91
128,2048,1,32,3281.33
128,2048,1,64,3282.2
128,2048,1,128,3286.61
128,2048,1,256,3283.17
128,2048,1,512,3290.31
128,2048,1,1024,3276.84
128,2048,1,2048,3283.08
128,2048,1,4096,4144.14
128,2048,1,8192,5790.75
128,2048,2,16,3289.67
128,2048,2,32,3285.58
128,2048,2,64,3284.85
128,2048,2,128,3284.43
128,2048,2,256,3285.7
128,2048,2,512,3283.69
128,2048,2,1024,3284.13
128,2048,2,2048,3286.81
128,2048,2,4096,4183.81
128,2048,2,8192,6422.73
128,2048,4,16,3294.21
128,2048,4,32,3285.61
128,2048,4,64,3296.95
128,2048,4,128,3295.23
128,2048,4,256,3297.78
128,2048,4,512,3290.94
128,2048,4,1024,3299.98
128,2048,4,2048,3287.95
128,2048,4,4096,4767.53
128,2048,4,8192,7272.53
128,2048,8,16,3285.51
128,2048,8,32,3304.07
128,2048,8,64,3308.73
128,2048,8,128,3320.52
128,2048,8,256,3317.64
128,2048,8,512,3316.54
128,2048,8,1024,3319.34
128,2048,8,2048,3312.5
128,2048,8,4096,5698.77
128,2048,8,8192,9066.15
128,2048,16,16,3297.02
128,2048,16,32,3318.14
128,2048,16,64,3343.72
128,2048,16,128,3375.51
128,2048,16,256,3457.31
128,2048,16,512,3652.57
128,2048,16,1024,4061.03
128,2048,16,2048,4850.86
128,2048,16,4096,6394.59
128,2048,16,8192,11133.2
128,2048,32,16,3319
128,2048,32,32,3359.22
128,2048,32,64,3402.34
128,2048,32,128,3411.76
128,2048,32,256,3515.2
128,2048,32,512,3707.03
128,2048,32,1024,4854.28
128,2048,32,2048,6347.38
128,2048,32,4096,9478.42
128,2048,32,8192,15702.6
128,2048,64,16,3359.53
128,2048,64,32,3417.97
128,2048,64,64,3529.25
128,2048,64,128,3638.08
128,2048,64,256,3961.04
128,2048,64,512,4511.51
128,2048,64,1024,5692.35
128,2048,64,2048,8016.42
128,2048,64,4096,14163.2
128,2048,64,8192,24758
128,2048,128,16,3443.96
128,2048,128,32,3592.95
128,2048,128,64,3769.08
128,2048,128,128,4084.93
128,2048,128,256,4793.8
128,2048,128,512,5805.75
128,2048,128,1024,8096.27
128,2048,128,2048,12798.6
128,2048,128,4096,23605.8
128,2048,128,8192,45306
128,4096,0,0,6377.46
128,4096,1,16,6393.88
128,4096,1,32,6390.53
128,4096,1,64,6394.09
128,4096,1,128,6399.51
128,4096,1,256,6385.01
128,4096,1,512,6394.36
128,4096,1,1024,6386.65
128,4096,1,2048,6395.05
128,4096,1,4096,6395.62
128,4096,1,8192,8195.84
128,4096,2,16,6399.13
128,4096,2,32,6399.48
128,4096,2,64,6394.45
128,4096,2,128,6399.22
128,4096,2,256,6391.29
128,4096,2,512,6386.07
128,4096,2,1024,6393.96
128,4096,2,2048,6399.54
128,4096,2,4096,6398.98
128,4096,2,8192,8590.75
128,4096,4,16,6396.9
128,4096,4,32,6403.59
128,4096,4,64,6402.46
128,4096,4,128,6407.72
128,4096,4,256,6401.17
128,4096,4,512,6397.22
128,4096,4,1024,6393.39
128,4096,4,2048,6400
128,4096,4,4096,6399.17
128,4096,4,8192,9424.87
128,4096,8,16,6394
128,4096,8,32,6404.33
128,4096,8,64,6415.43
128,4096,8,128,6420.15
128,4096,8,256,6418.79
128,4096,8,512,6414.46
128,4096,8,1024,6428.64
128,4096,8,2048,6421.08
128,4096,8,4096,6417.62
128,4096,8,8192,11706.9
128,4096,16,16,6407.68
128,4096,16,32,6415.83
128,4096,16,64,6431.3
128,4096,16,128,6496.03
128,4096,16,256,6561.43
128,4096,16,512,6791.57
128,4096,16,1024,6837.9
128,4096,16,2048,7946.85
128,4096,16,4096,9492.66
128,4096,16,8192,12614.3
128,4096,32,16,6417.88
128,4096,32,32,6471.02
128,4096,32,64,6494.73
128,4096,32,128,6543.51
128,4096,32,256,6623.61
128,4096,32,512,6815.74
128,4096,32,1024,7203.3
128,4096,32,2048,9519.32
128,4096,32,4096,12556.3
128,4096,32,8192,18781.6
128,4096,64,16,6466.05
128,4096,64,32,6542.66
128,4096,64,64,6642
128,4096,64,128,6778.52
128,4096,64,256,7071.31
128,4096,64,512,7655.25
128,4096,64,1024,8466.33
128,4096,64,2048,11130.5
128,4096,64,4096,15805.7
128,4096,64,8192,28144
128,4096,128,16,6565.76
128,4096,128,32,6681.02
128,4096,128,64,6867.66
128,4096,128,128,7182.3
128,4096,128,256,7773.99
128,4096,128,512,9275.28
128,4096,128,1024,11196.9
128,4096,128,2048,15878.1
128,4096,128,4096,25337.6
128,4096,128,8192,46920
128,8192,0,0,12590.9
128,8192,1,16,12592.4
128,8192,1,32,12591.7
128,8192,1,64,12603.1
128,8192,1,128,12601
128,8192,1,256,12598.4
128,8192,1,512,12600.8
128,8192,1,1024,12605.1
128,8192,1,2048,12596.2
128,8192,1,4096,12595.5
128,8192,1,8192,12596.7
128,8192,2,16,12603
128,8192,2,32,12607.5
128,8192,2,64,12609.7
128,8192,2,128,12610.7
128,8192,2,256,12596.3
128,8192,2,512,12596.9
128,8192,2,1024,12609
128,8192,2,2048,12598.2
128,8192,2,4096,12607.9
128,8192,2,8192,12608.3
128,8192,4,16,12609.7
128,8192,4,32,12610.7
128,8192,4,64,12606.2
128,8192,4,128,12618.1
128,8192,4,256,12628.8
128,8192,4,512,12618.5
128,8192,4,1024,12604.8
128,8192,4,2048,12681.3
128,8192,4,4096,12608.9
128,8192,4,8192,12603.9
128,8192,8,16,12606.8
128,8192,8,32,12618
128,8192,8,64,12612.5
128,8192,8,128,12629.7
128,8192,8,256,12624.9
128,8192,8,512,12632.9
128,8192,8,1024,12629.8
128,8192,8,2048,12636.4
128,8192,8,4096,12628.2
128,8192,8,8192,12637.1
128,8192,16,16,12623.9
128,8192,16,32,12635
128,8192,16,64,12656.4
128,8192,16,128,12692
128,8192,16,256,12760.8
128,8192,16,512,12969.9
128,8192,16,1024,13356.1
128,8192,16,2048,14141.9
128,8192,16,4096,15729.3
128,8192,16,8192,18823
128,8192,32,16,12630.5
128,8192,32,32,12667.4
128,8192,32,64,12694.7
128,8192,32,128,12731.8
128,8192,32,256,12837.4
128,8192,32,512,13030.8
128,8192,32,1024,13403.8
128,8192,32,2048,14197.8
128,8192,32,4096,18822.4
128,8192,32,8192,24991.2
128,8192,64,16,12666.7
128,8192,64,32,12730.9
128,8192,64,64,12840.8
128,8192,64,128,12983.5
128,8192,64,256,13244.1
128,8192,64,512,13867.6
128,8192,64,1024,15026.5
128,8192,64,2048,16796.1
128,8192,64,4096,22006.1
128,8192,64,8192,31337.6
128,8192,128,16,12750.3
128,8192,128,32,12928.7
128,8192,128,64,13091.5
128,8192,128,128,13402.8
128,8192,128,256,13878.5
128,8192,128,512,15187.1
128,8192,128,1024,18184.3
128,8192,128,2048,22288.9
128,8192,128,4096,31401
128,8192,128,8192,50413.2
256,0,0,0,477.269
256,0,1,16,482.58
256,0,1,32,482.965
256,0,1,64,487.637
256,0,1,128,482.89
256,0,1,256,498.399
256,0,1,512,578.645
256,0,1,1024,896.265
256,0,1,2048,1662.73
256,0,1,4096,2573.89
256,0,1,8192,4008.46
256,0,2,16,476.608
256,0,2,32,483.637
256,0,2,64,486.794
256,0,2,128,491.636
256,0,2,256,506.922
256,0,2,512,614.9
256,0,2,1024,1019.29
256,0,2,2048,1447.84
256,0,2,4096,2616.55
256,0,2,8192,5698.05
256,0,4,16,498.89
256,0,4,32,484.959
256,0,4,64,506.25
256,0,4,128,499.243
256,0,4,256,539.146
256,0,4,512,699.561
256,0,4,1024,1114.22
256,0,4,2048,1794.43
256,0,4,4096,3373.73
256,0,4,8192,6487.49
256,0,8,16,500.255
256,0,8,32,511.327
256,0,8,64,488.426
256,0,8,128,524.608
256,0,8,256,574.495
256,0,8,512,764.5
256,0,8,1024,1184.56
256,0,8,2048,1984.27
256,0,8,4096,3527.57
256,0,8,8192,6652.39
256,0,16,16,499.701
256,0,16,32,532.266
256,0,16,64,533.504
256,0,16,128,569.756
256,0,16,256,673.439
256,0,16,512,962.068
256,0,16,1024,1463.26
256,0,16,2048,2245.85
256,0,16,4096,3795.69
256,0,16,8192,6928.44
256,0,32,16,514.868
256,0,32,32,558.975
256,0,32,64,594.708
256,0,32,128,665.834
256,0,32,256,852.575
256,0,32,512,1277.68
256,0,32,1024,2032.58
256,0,32,2048,3583.45
256,0,32,4096,6696.35
256,0,32,8192,12924.8
256,0,64,16,563.028
256,0,64,32,627.211
256,0,64,64,717.727
256,0,64,128,838.911
256,0,64,256,1200.62
256,0,64,512,1868.33
256,0,64,1024,3344.64
256,0,64,2048,6437.06
256,0,64,4096,12667.7
256,0,64,8192,25088.2
256,0,128,16,648.404
256,0,128,32,776.095
256,0,128,64,932.085
256,0,128,128,1226.38
256,0,128,256,1851.62
256,0,128,512,3182.35
256,0,128,1024,5868.83
256,0,128,2048,11311.9
256,0,128,4096,22183.3
256,0,128,8192,43952.6
256,16,0,0,514.218
256,16,1,16,526.911
256,16,1,32,670.431
256,16,1,64,542.303
256,16,1,128,535.754
256,16,1,256,536.479
256,16,1,512,620.895
256,16,1,1024,870.537
256,16,1,2048,1306.23
256,16,1,4096,2238.94
256,16,1,8192,4154.61
256,16,2,16,528.5
256,16,2,32,526.057
256,16,2,64,519.562
256,16,2,128,537.919
256,16,2,256,544.906
256,16,2,512,671.114
256,16,2,1024,980.553
256,16,2,2048,1506.21
256,16,2,4096,2590.58
256,16,2,8192,5712.13
256,16,4,16,522.495
256,16,4,32,516.105
256,16,4,64,531.746
256,16,4,128,554.41
256,16,4,256,565.899
256,16,4,512,686.581
256,16,4,1024,1136.36
256,16,4,2048,1880.63
256,16,4,4096,3421.6
256,16,4,8192,6574.41
256,16,8,16,537.63
256,16,8,32,557.972
256,16,8,64,551.2
256,16,8,128,573.428
256,16,8,256,617.674
256,16,8,512,812.393
256,16,8,1024,1262.9
256,16,8,2048,1971.76
256,16,8,4096,3549.47
256,16,8,8192,6680
256,16,16,16,542.965
256,16,16,32,569.226
256,16,16,64,571.135
256,16,16,128,609.641
256,16,16,256,712.17
256,16,16,512,985.79
256,16,16,1024,1519.67
256,16,16,2048,2350.69
256,16,16,4096,3906.75
256,16,16,8192,6981.56
256,16,32,16,568.01
256,16,32,32,598.282
256,16,32,64,653.62
256,16,32,128,705.939
256,16,32,256,879.316
256,16,32,512,1304.85
256,16,32,1024,2058.83
256,16,32,2048,3632.36
256,16,32,4096,6735.74
256,16,32,8192,12951.1
256,16,64,16,608.724
256,16,64,32,694.751
256,16,64,64,771.676
256,16,64,128,904.596
256,16,64,256,1235.43
256,16,64,512,1904.99
256,16,64,1024,3352.25
256,16,64,2048,6457.96
256,16,64,4096,12683
256,16,64,8192,25106.8
256,16,128,16,688.619
256,16,128,32,823.337
256,16,128,64,977.854
256,16,128,128,1279.52
256,16,128,256,1897.51
256,16,128,512,3219.28
256,16,128,1024,5894.4
256,16,128,2048,11335.4
256,16,128,4096,22210.9
256,16,128,8192,43965.8
256,32,0,0,577.407
256,32,1,16,575.093
256,32,1,32,566.687
256,32,1,64,580.532
256,32,1,128,561.502
256,32,1,256,577.908
256,32,1,512,642.744
256,32,1,1024,903.156
256,32,1,2048,1321.08
256,32,1,4096,2245.95
256,32,1,8192,4154.34
256,32,2,16,576.874
256,32,2,32,582.837
256,32,2,64,565.034
256,32,2,128,580.607
256,32,2,256,592.041
256,32,2,512,703.551
256,32,2,1024,993.044
256,32,2,2048,1701.51
256,32,2,4096,3395.54
256,32,2,8192,4865.47
256,32,4,16,569.022
256,32,4,32,572.906
256,32,4,64,597.631
256,32,4,128,599.988
256,32,4,256,602.452
256,32,4,512,774.1
256,32,4,1024,1061.98
256,32,4,2048,1978.38
256,32,4,4096,3451.38
256,32,4,8192,6594.87
256,32,8,16,583.263
256,32,8,32,576.575
256,32,8,64,611.103
256,32,8,128,599.765
256,32,8,256,661.012
256,32,8,512,881.129
256,32,8,1024,1249.95
256,32,8,2048,2029.12
256,32,8,4096,3629.63
256,32,8,8192,6879.36
256,32,16,16,592.094
256,32,16,32,600.063
256,32,16,64,632.309
256,32,16,128,668.82
256,32,16,256,744.308
256,32,16,512,1046.46
256,32,16,1024,1594.17
256,32,16,2048,2379.79
256,32,16,4096,3899.69
256,32,16,8192,7020.71
256,32,32,16,617.194
256,32,32,32,658.431
256,32,32,64,694.377
256,32,32,128,763.092
256,32,32,256,927.369
256,32,32,512,1339.04
256,32,32,1024,2106.27
256,32,32,2048,3676.84
256,32,32,4096,6787.16
256,32,32,8192,13002.9
256,32,64,16,662.378
256,32,64,32,711.677
256,32,64,64,813.225
256,32,64,128,925.822
256,32,64,256,1271.51
256,32,64,512,1967.22
256,32,64,1024,3386.92
256,32,64,2048,6477.99
256,32,64,4096,12693.4
256,32,64,8192,25121.5
256,32,128,16,735.689
256,32,128,32,867.806
256,32,128,64,1019.83
256,32,128,128,1313.14
256,32,128,256,1941.68
256,32,128,512,3251.08
256,32,128,1024,5918.84
256,32,128,2048,11365.7
256,32,128,4096,22239.5
256,32,128,8192,43996.7
256,64,0,0,656.405
256,64,1,16,678.463
256,64,1,32,643.828
256,64,1,64,672.223
256,64,1,128,666.281
256,64,1,256,677.492
256,64,1,512,756.458
256,64,1,1024,969.341
256,64,1,2048,1629.19
256,64,1,4096,2349.84
256,64,1,8192,4985.19
256,64,2,16,668.212
256,64,2,32,650.494
256,64,2,64,656.671
256,64,2,128,679.924
256,64,2,256,689.417
256,64,2,512,771.753
256,64,2,1024,1039.97
256,64,2,2048,1747.39
256,64,2,4096,3078.53
256,64,2,8192,5754.49
256,64,4,16,670.655
256,64,4,32,661.929
256,64,4,64,692.639
256,64,4,128,672.511
256,64,4,256,713.588
256,64,4,512,850.484
256,64,4,1024,1300.43
256,64,4,2048,2036.66
256,64,4,4096,3539.97
256,64,4,8192,6694.8
256,64,8,16,681.524
256,64,8,32,687.433
256,64,8,64,671.078
256,64,8,128,721.279
256,64,8,256,742.943
256,64,8,512,972.809
256,64,8,1024,1362.14
256,64,8,2048,2128.17
256,64,8,4096,3674.58
256,64,8,8192,6767.36
256,64,16,16,680.671
256,64,16,32,689.46
256,64,16,64,735.754
256,64,16,128,766.746
256,64,16,256,826.622
256,64,16,512,1110.56
256,64,16,1024,1659.88
256,64,16,2048,2556.39
256,64,16,4096,4080.41
256,64,16,8192,7230.03
256,64,32,16,698.249
256,64,32,32,743.966
256,64,32,64,789.78
256,64,32,128,832.554
256,64,32,256,989.993
256,64,32,512,1422.41
256,64,32,1024,2195.75
256,64,32,2048,3748.12
256,64,32,4096,6874.98
256,64,32,8192,13096
256,64,64,16,741.439
256,64,64,32,819.902
256,64,64,64,884.681
256,64,64,128,1018.33
256,64,64,256,1347.29
256,64,64,512,2069.84
256,64,64,1024,3443.68
256,64,64,2048,6505.37
256,64,64,4096,12740.3
256,64,64,8192,25157.9
256,64,128,16,814.569
256,64,128,32,970.238
256,64,128,64,1105.65
256,64,128,128,1394.15
256,64,128,256,2035.28
256,64,128,512,3331.93
256,64,128,1024,5979.38
256,64,128,2048,11419
256,64,128,4096,22294.5
256,64,128,8192,44041.6
256,128,0,0,843.134
256,128,1,16,857.386
256,128,1,32,843.795
256,128,1,64,857.875
256,128,1,128,843.999
256,128,1,256,838.675
256,128,1,512,872.979
256,128,1,1024,1076.54
256,128,1,2048,1562.13
256,128,1,4096,2443.16
256,128,1,8192,5030.22
256,128,2,16,847.358
256,128,2,32,837.406
256,128,2,64,847.133
256,128,2,128,842.045
256,128,2,256,872.371
256,128,2,512,916.403
256,128,2,1024,1181.13
256,128,2,2048,1604.8
256,128,2,4096,3548.08
256,128,2,8192,4375.77
256,128,4,16,851.289
256,128,4,32,854.761
256,128,4,64,863.422
256,128,4,128,859.379
256,128,4,256,891.827
256,128,4,512,975.764
256,128,4,1024,1290.24
256,128,4,2048,2268.16
256,128,4,4096,3696.19
256,128,4,8192,6661.37
256,128,8,16,856.787
256,128,8,32,853.449
256,128,8,64,874.579
256,128,8,128,873.544
256,128,8,256,935.433
256,128,8,512,1123.58
256,128,8,1024,1528.97
256,128,8,2048,2333.37
256,128,8,4096,3881.55
256,128,8,8192,6970.85
256,128,16,16,855.594
256,128,16,32,872.254
256,128,16,64,1183.84
256,128,16,128,924.201
256,128,16,256,1004.83
256,128,16,512,1278.26
256,128,16,1024,1856.4
256,128,16,2048,2857.4
256,128,16,4096,4380.29
256,128,16,8192,7512.1
256,128,32,16,884.991
256,128,32,32,918.942
256,128,32,64,942.548
256,128,32,128,1034.8
256,128,32,256,1297.91
256,128,32,512,1585.47
256,128,32,1024,2395.91
256,128,32,2048,3924.03
256,128,32,4096,7034.44
256,128,32,8192,13267
256,128,64,16,914.664
256,128,64,32,993.171
256,128,64,64,1065.92
256,128,64,128,1216.54
256,128,64,256,1501.23
256,128,64,512,2247.15
256,128,64,1024,3566.62
256,128,64,2048,6550.44
256,128,64,4096,12775.5
256,128,64,8192,25225
256,128,128,16,993.801
256,128,128,32,1148.33
256,128,128,64,1292.06
256,128,128,128,1574.68
256,128,128,256,2212.24
256,128,128,512,3448.94
256,128,128,1024,6090.06
256,128,128,2048,11516.8
256,128,128,4096,22381.3
256,128,128,8192,44140.7
256,256,0,0,1212.19
256,256,1,16,1206.28
256,256,1,32,1200.48
256,256,1,64,1210.47
256,256,1,128,1200.28
256,256,1,256,1199.81
256,256,1,512,1228.53
256,256,1,1024,1436.88
256,256,1,2048,2011.27
256,256,1,4096,2775.47
256,256,1,8192,4669.09
256,256,2,16,1191.09
256,256,2,32,1217.97
256,256,2,64,1210.94
256,256,2,128,1196.16
256,256,2,256,1183.36
256,256,2,512,1249.33
256,256,2,1024,1438.91
256,256,2,2048,1942.77
256,256,2,4096,3561.32
256,256,2,8192,5535.03
256,256,4,16,1215.82
256,256,4,32,1208.7
256,256,4,64,1220.15
256,256,4,128,1213.16
256,256,4,256,1237.15
256,256,4,512,1309.04
256,256,4,1024,1659.3
256,256,4,2048,2210.41
256,256,4,4096,3893.48
256,256,4,8192,6902.57
256,256,8,16,1218.01
256,256,8,32,1206.75
256,256,8,64,1235.71
256,256,8,128,1262.42
256,256,8,256,1279.19
256,256,8,512,1385.18
256,256,8,1024,1883.47
256,256,8,2048,2726.71
256,256,8,4096,4298.94
256,256,8,8192,7439.88
256,256,16,16,1214.74
256,256,16,32,1252.15
256,256,16,64,1251.46
256,256,16,128,1296.46
256,256,16,256,1333.44
256,256,16,512,1536.09
256,256,16,1024,2165.3
256,256,16,2048,3187.18
256,256,16,4096,5007.46
256,256,16,8192,8063.12
256,256,32,16,1379.81
256,256,32,32,1260.68
256,256,32,64,1311.53
256,256,32,128,1385.91
256,256,32,256,1509.83
256,256,32,512,1882
256,256,32,1024,2700.57
256,256,32,2048,4328.62
256,256,32,4096,7427.06
256,256,32,8192,13594.5
256,256,64,16,1287.16
256,256,64,32,1341.97
256,256,64,64,1423.23
256,256,64,128,1555.2
256,256,64,256,1829.69
256,256,64,512,2544.38
256,256,64,1024,3938.14
256,256,64,2048,6716.01
256,256,64,4096,12859.8
256,256,64,8192,25319.9
256,256,128,16,1340.26
256,256,128,32,1486.29
256,256,128,64,1643.25
256,256,128,128,1927.78
256,256,128,256,2527.2
256,256,128,512,3860.71
256,256,128,1024,6376.31
256,256,128,2048,11707.4
256,256,128,4096,22576.3
256,256,128,8192,45517.6
256,512,0,0,1905.88
256,512,1,16,1974.48
256,512,1,32,1965.58
256,512,1,64,1930.7
256,512,1,128,1971
256,512,1,256,1953.25
256,512,1,512,2009.2
256,512,1,1024,2057.07
256,512,1,2048,2493.06
256,512,1,4096,3456.65
256,512,1,8192,5288.06
256,512,2,16,1918.52
256,512,2,32,1976.98
256,512,2,64,1996.76
256,512,2,128,1965.2
256,512,2,256,1998.84
256,512,2,512,1987.31
256,512,2,1024,2186.18
256,512,2,2048,2557.89
256,512,2,4096,3601.91
256,512,2,8192,6752.06
256,512,4,16,1983.56
256,512,4,32,1991.93
256,512,4,64,1965.57
256,512,4,128,2004.54
256,512,4,256,1988.54
256,512,4,512,2025.12
256,512,4,1024,2138.84
256,512,4,2048,3034.73
256,512,4,4096,4229.53
256,512,4,8192,7291.48
256,512,8,16,1992.23
256,512,8,32,1979.8
256,512,8,64,1993.52
256,512,8,128,2002.23
256,512,8,256,2032.32
256,512,8,512,2064.86
256,512,8,1024,2394.94
256,512,8,2048,3363.61
256,512,8,4096,5051.6
256,512,8,8192,8087.52
256,512,16,16,2016.34
256,512,16,32,1979.3
256,512,16,64,1995.96
256,512,16,128,2039.58
256,512,16,256,2095.63
256,512,16,512,2159.09
256,512,16,1024,2711.46
256,512,16,2048,3977.61
256,512,16,4096,6185.79
256,512,16,8192,9090.95
256,512,32,16,2035.78
256,512,32,32,1998.68
256,512,32,64,2057.94
256,512,32,128,2103.35
256,512,32,256,2193.46
256,512,32,512,2481.35
256,512,32,1024,3363.14
256,512,32,2048,5064.99
256,512,32,4096,8152.52
256,512,32,8192,14398.6
256,512,64,16,2050.48
256,512,64,32,2075.44
256,512,64,64,2099.92
256,512,64,128,2260.27
256,512,64,256,2540.02
256,512,64,512,3127.76
256,512,64,1024,4627.61
256,512,64,2048,7375.74
256,512,64,4096,13067.3
256,512,64,8192,25517.7
256,512,128,16,2126
256,512,128,32,2192.19
256,512,128,64,2350.77
256,512,128,128,2635.87
256,512,128,256,3183.12
256,512,128,512,4489.31
256,512,128,1024,6949.27
256,512,128,2048,12131.6
256,512,128,4096,22973.4
256,512,128,8192,44709.7
256,1024,0,0,3479.49
256,1024,1,16,3542.46
256,1024,1,32,3497.34
256,1024,1,64,3519.25
256,1024,1,128,3529.63
256,1024,1,256,3514.76
256,1024,1,512,3483.69
256,1024,1,1024,3526.3
256,1024,1,2048,3679.51
256,1024,1,4096,4817.47
256,1024,1,8192,6458.25
256,1024,2,16,3499.44
256,1024,2,32,3542.83
256,1024,2,64,3511.82
256,1024,2,128,3516.67
256,1024,2,256,3527.33
256,1024,2,512,3523.38
256,1024,2,1024,3544.04
256,1024,2,2048,3918.25
256,1024,2,4096,5041.24
256,1024,2,8192,7640.44
256,1024,4,16,3538.46
256,1024,4,32,3507.03
256,1024,4,64,3551.15
256,1024,4,128,3518.72
256,1024,4,256,3526.65
256,1024,4,512,3539.59
256,1024,4,1024,3582.05
256,1024,4,2048,4182.41
256,1024,4,4096,5532.99
256,1024,4,8192,8496.27
256,1024,8,16,3550.98
256,1024,8,32,3563.74
256,1024,8,64,3564.13
256,1024,8,128,3567.73
256,1024,8,256,3556.76
256,1024,8,512,3586.36
256,1024,8,1024,3598.73
256,1024,8,2048,4347.34
256,1024,8,4096,6507.4
256,1024,8,8192,9610.04
256,1024,16,16,3564.23
256,1024,16,32,3566.49
256,1024,16,64,3576.56
256,1024,16,128,3581.71
256,1024,16,256,3630.94
256,1024,16,512,3667.22
256,1024,16,1024,3726.94
256,1024,16,2048,5043.64
256,1024,16,4096,7347.21
256,1024,16,8192,11647.2
256,1024,32,16,3548.6
256,1024,32,32,3613.03
256,1024,32,64,3635.15
256,1024,32,128,3557.8
256,1024,32,256,3571.93
256,1024,32,512,3802.85
256,1024,32,1024,4419.35
256,1024,32,2048,6100.26
256,1024,32,4096,9694.66
256,1024,32,8192,15727.6
256,1024,64,16,3596.87
256,1024,64,32,3636.51
256,1024,64,64,3678.06
256,1024,64,128,3742.55
256,1024,64,256,3976.11
256,1024,64,512,4492.36
256,1024,64,1024,5848.2
256,1024,64,2048,8875.89
256,1024,64,4096,14025.1
256,1024,64,8192,25904.8
256,1024,128,16,3643.52
256,1024,128,32,3705.8
256,1024,128,64,3826.78
256,1024,128,128,4026.88
256,1024,128,256,4610.81
256,1024,128,512,5711.68
256,1024,128,1024,8368.47
256,1024,128,2048,13494.5
256,1024,128,4096,23735.3
256,1024,128,8192,45495.1
256,2048,0,0,6623.01
256,2048,1,16,6627.99
256,2048,1,32,6640.64
256,2048,1,64,6622.35
256,2048,1,128,6617.58
256,2048,1,256,6607.56
256,2048,1,512,6589.95
256,2048,1,1024,6634.95
256,2048,1,2048,6644.97
256,2048,1,4096,6801.7
256,2048,1,8192,8688.98
256,2048,2,16,6611.48
256,2048,2,32,6629.63
256,2048,2,64,6640.34
256,2048,2,128,6636.83
256,2048,2,256,6637.88
256,2048,2,512,6649.86
256,2048,2,1024,6639.03
256,2048,2,2048,6668.16
256,2048,2,4096,7281.71
256,2048,2,8192,9528.05
256,2048,4,16,6633.52
256,2048,4,32,6634.57
256,2048,4,64,6647.51
256,2048,4,128,6658.37
256,2048,4,256,6590.87
256,2048,4,512,6634.8
256,2048,4,1024,6636.83
256,2048,4,2048,6671.81
256,2048,4,4096,7870.92
256,2048,4,8192,10229
256,2048,8,16,6662.1
256,2048,8,32,6658.99
256,2048,8,64,6657.92
256,2048,8,128,6662.31
256,2048,8,256,6666.46
256,2048,8,512,6688.87
256,2048,8,1024,6691.71
256,2048,8,2048,6704.2
256,2048,8,4096,8171.08
256,2048,8,8192,12712.2
256,2048,16,16,6643.87
256,2048,16,32,6650
256,2048,16,64,6690.19
256,2048,16,128,6710.45
256,2048,16,256,6696.07
256,2048,16,512,6717.35
256,2048,16,1024,6751.4
256,2048,16,2048,6833.27
256,2048,16,4096,9705.39
256,2048,16,8192,14429.7
256,2048,32,16,6654.82
256,2048,32,32,6693.17
256,2048,32,64,6715.61
256,2048,32,128,6719.47
256,2048,32,256,6689.74
256,2048,32,512,6706.93
256,2048,32,1024,6866.48
256,2048,32,2048,8313.91
256,2048,32,4096,11531.3
256,2048,32,8192,19049
256,2048,64,16,6718.14
256,2048,64,32,6697.02
256,2048,64,64,6583.56
256,2048,64,128,6832.15
256,2048,64,256,6984.47
256,2048,64,512,7346.12
256,2048,64,1024,8386.52
256,2048,64,2048,11294.7
256,2048,64,4096,17420.7
256,2048,64,8192,27320
256,2048,128,16,6733.48
256,2048,128,32,6817.96
256,2048,128,64,6939.75
256,2048,128,128,6970.72
256,2048,128,256,7393.26
256,2048,128,512,8506.3
256,2048,128,1024,10753.5
256,2048,128,2048,16164.8
256,2048,128,4096,26739.1
256,2048,128,8192,47044.7
256,4096,0,0,12814.3
256,4096,1,16,12835.6
256,4096,1,32,12837.9
256,4096,1,64,12862.6
256,4096,1,128,12818.3
256,4096,1,256,12849.7
256,4096,1,512,12816
256,4096,1,1024,12840
256,4096,1,2048,12802.8
256,4096,1,4096,12845.7
256,4096,1,8192,13738.9
256,4096,2,16,12828.4
256,4096,2,32,12843.9
256,4096,2,64,12846.5
256,4096,2,128,12842.7
256,4096,2,256,12830
256,4096,2,512,12825.9
256,4096,2,1024,12828.2
256,4096,2,2048,12819.7
256,4096,2,4096,12861.4
256,4096,2,8192,14587
256,4096,4,16,12862.1
256,4096,4,32,12862.7
256,4096,4,64,12856.9
256,4096,4,128,12855.8
256,4096,4,256,12863.9
256,4096,4,512,12858.5
256,4096,4,1024,12864
256,4096,4,2048,12858.2
256,4096,4,4096,12901.9
256,4096,4,8192,15827.5
256,4096,8,16,12844.4
256,4096,8,32,12858.8
256,4096,8,64,12856.9
256,4096,8,128,12881
256,4096,8,256,12866.7
256,4096,8,512,12858.1
256,4096,8,1024,12890.3
256,4096,8,2048,12885.9
256,4096,8,4096,12926.2
256,4096,8,8192,16012.8
256,4096,16,16,12857.5
256,4096,16,32,12898.4
256,4096,16,64,12904.4
256,4096,16,128,12904.9
256,4096,16,256,12951.6
256,4096,16,512,12939.2
256,4096,16,1024,12930.3
256,4096,16,2048,12998.4
256,4096,16,4096,13035.5
256,4096,16,8192,19024.9
256,4096,32,16,12895.3
256,4096,32,32,12903.1
256,4096,32,64,12954.2
256,4096,32,128,12941.1
256,4096,32,256,12932.1
256,4096,32,512,12900.6
256,4096,32,1024,12969.3
256,4096,32,2048,13119.6
256,4096,32,4096,16066
256,4096,32,8192,22502.9
256,4096,64,16,12915.1
256,4096,64,32,12934.1
256,4096,64,64,13018.2
256,4096,64,128,13083.6
256,4096,64,256,13082.4
256,4096,64,512,13363.1
256,4096,64,1024,13929
256,4096,64,2048,16135.5
256,4096,64,4096,22168.4
256,4096,64,8192,34520.4
256,4096,128,16,12980.4
256,4096,128,32,12981.2
256,4096,128,64,13098
256,4096,128,128,13258.7
256,4096,128,256,13486.8
256,4096,128,512,14166.5
256,4096,128,1024,16277.3
256,4096,128,2048,20855.8
256,4096,128,4096,31675.2
256,4096,128,8192,53151
256,8192,0,0,25228.1
256,8192,1,16,25271.3
256,8192,1,32,25250.2
256,8192,1,64,25259.2
256,8192,1,128,25226.3
256,8192,1,256,25249
256,8192,1,512,25225.7
256,8192,1,1024,25230.7
256,8192,1,2048,25251.7
256,8192,1,4096,25239.6
256,8192,1,8192,25261.1
256,8192,2,16,25246.9
256,8192,2,32,25247
256,8192,2,64,25236.9
256,8192,2,128,25227.1
256,8192,2,256,25251.3
256,8192,2,512,25264.5
256,8192,2,1024,25229.6
256,8192,2,2048,25254.4
256,8192,2,4096,25243.6
256,8192,2,8192,25292.6
256,8192,4,16,25220.6
256,8192,4,32,25238.7
256,8192,4,64,25244.6
256,8192,4,128,25251
256,8192,4,256,25268.9
256,8192,4,512,25262.9
256,8192,4,1024,25289.5
256,8192,4,2048,25282
256,8192,4,4096,25286.3
256,8192,4,8192,25310.6
256,8192,8,16,25283
256,8192,8,32,25295.2
256,8192,8,64,25275.5
256,8192,8,128,25300.8
256,8192,8,256,25257.9
256,8192,8,512,25295.1
256,8192,8,1024,25261
256,8192,8,2048,25283.1
256,8192,8,4096,25292.6
256,8192,8,8192,25352.9
256,8192,16,16,25262.3
256,8192,16,32,25297.6
256,8192,16,64,25311.3
256,8192,16,128,25327.6
256,8192,16,256,25370.3
256,8192,16,512,25354
256,8192,16,1024,25328.3
256,8192,16,2048,25339.9
256,8192,16,4096,25410
256,8192,16,8192,25486.3
256,8192,32,16,25293.3
256,8192,32,32,25325.9
256,8192,32,64,25299.6
256,8192,32,128,25374.6
256,8192,32,256,25333.2
256,8192,32,512,25344.5
256,8192,32,1024,24852.6
256,8192,32,2048,25359.8
256,8192,32,4096,25556.4
256,8192,32,8192,31617.4
256,8192,64,16,25341.9
256,8192,64,32,25359.6
256,8192,64,64,25411
256,8192,64,128,25484
256,8192,64,256,25610.6
256,8192,64,512,25800.1
256,8192,64,1024,26154.1
256,8192,64,2048,27155.4
256,8192,64,4096,31672.7
256,8192,64,8192,43913.4
256,8192,128,16,25389
256,8192,128,32,25361.6
256,8192,128,64,25514
256,8192,128,128,25657.4
256,8192,128,256,25858.5
256,8192,128,512,26331.6
256,8192,128,1024,27694.7
256,8192,128,2048,31794
256,8192,128,4096,41051.6
256,8192,128,8192,62761.4
512,0,0,0,1551.4
512,0,1,16,1565.86
512,0,1,32,1554.34
512,0,1,64,1569.52
512,0,1,128,1565.03
512,0,1,256,1560.48
512,0,1,512,1599.34
512,0,1,1024,1790.95
512,0,1,2048,2228.63
512,0,1,4096,3274.44
512,0,1,8192,5424.71
512,0,2,16,1558.11
512,0,2,32,1570.88
512,0,2,64,1589.82
512,0,2,128,1581.37
512,0,2,256,1595.52
512,0,2,512,1615.44
512,0,2,1024,1833.67
512,0,2,2048,2272.48
512,0,2,4096,3525.98
512,0,2,8192,6810.34
512,0,4,16,1572.56
512,0,4,32,1573.35
512,0,4,64,1589.79
512,0,4,128,1579.43
512,0,4,256,1613.92
512,0,4,512,1652.85
512,0,4,1024,1897.46
512,0,4,2048,2812.09
512,0,4,4096,4102.34
512,0,4,8192,7282.14
512,0,8,16,1591.03
512,0,8,32,1595.08
512,0,8,64,1613.29
512,0,8,128,1624.18
512,0,8,256,1652.45
512,0,8,512,1741.99
512,0,8,1024,2185.1
512,0,8,2048,2948.45
512,0,8,4096,4356.43
512,0,8,8192,7849.11
512,0,16,16,1572.79
512,0,16,32,1615.3
512,0,16,64,1610.41
512,0,16,128,1658.96
512,0,16,256,1709.14
512,0,16,512,1910.89
512,0,16,1024,2531.65
512,0,16,2048,3657.96
512,0,16,4096,5620.54
512,0,16,8192,8657.59
512,0,32,16,1620.12
512,0,32,32,1657.78
512,0,32,64,1677.38
512,0,32,128,1752.37
512,0,32,256,1902.35
512,0,32,512,2239.2
512,0,32,1024,3100.34
512,0,32,2048,4796.69
512,0,32,4096,7815.06
512,0,32,8192,14038
512,0,64,16,1660.75
512,0,64,32,1713.6
512,0,64,64,1786.81
512,0,64,128,1922.49
512,0,64,256,2207.43
512,0,64,512,2893.3
512,0,64,1024,4329.96
512,0,64,2048,7030.46
512,0,64,4096,13114.2
512,0,64,8192,25555.9
512,0,128,16,1716.6
512,0,128,32,1865.37
512,0,128,64,2010.71
512,0,128,128,2279.56
512,0,128,256,2898.81
512,0,128,512,4198.2
512,0,128,1024,6699.68
512,0,128,2048,12054.3
512,0,128,4096,22908.2
512,0,128,8192,44669.3
512,16,0,0,1630.14
512,16,1,16,1647.19
512,16,1,32,1652.74
512,16,1,64,1647.69
512,16,1,128,1662.44
512,16,1,256,1670.1
512,16,1,512,1688.69
512,16,1,1024,1837.39
512,16,1,2048,2387.05
512,16,1,4096,3185.19
512,16,1,8192,6408.68
512,16,2,16,1673.59
512,16,2,32,1670.59
512,16,2,64,1632.22
512,16,2,128,1655.57
512,16,2,256,1674.95
512,16,2,512,1685.34
512,16,2,1024,1914.41
512,16,2,2048,2607.01
512,16,2,4096,3631.88
512,16,2,8192,7332.9
512,16,4,16,1647.43
512,16,4,32,1683
512,16,4,64,1646.72
512,16,4,128,1671.91
512,16,4,256,1712.71
512,16,4,512,1738.72
512,16,4,1024,2012.57
512,16,4,2048,2735.29
512,16,4,4096,4345.06
512,16,4,8192,7542.79
512,16,8,16,1652.41
512,16,8,32,1671.56
512,16,8,64,1701.51
512,16,8,128,1689.56
512,16,8,256,1740.14
512,16,8,512,1833.28
512,16,8,1024,2331.33
512,16,8,2048,3165.85
512,16,8,4096,4621.34
512,16,8,8192,7708.43
512,16,16,16,1662.28
512,16,16,32,1678.08
512,16,16,64,1706.47
512,16,16,128,1736.88
512,16,16,256,1801.2
512,16,16,512,1976.86
512,16,16,1024,2612.23
512,16,16,2048,3725.13
512,16,16,4096,5758.71
512,16,16,8192,8899.53
512,16,32,16,1694.91
512,16,32,32,1732.28
512,16,32,64,1765.27
512,16,32,128,1801.63
512,16,32,256,1979.14
512,16,32,512,2306.25
512,16,32,1024,3190.48
512,16,32,2048,4921.49
512,16,32,4096,7907.41
512,16,32,8192,14142.1
512,16,64,16,1729.34
512,16,64,32,1807.03
512,16,64,64,1872.72
512,16,64,128,2009.61
512,16,64,256,2274.83
512,16,64,512,2971.09
512,16,64,1024,4446.77
512,16,64,2048,7152.26
512,16,64,4096,13163.2
512,16,64,8192,25604
512,16,128,16,1806.86
512,16,128,32,1922.79
512,16,128,64,2082.56
512,16,128,128,2374.52
512,16,128,256,2976.33
512,16,128,512,4288.98
512,16,128,1024,6790.2
512,16,128,2048,12070.7
512,16,128,4096,22961.2
512,16,128,8192,44717.2
512,32,0,0,1737.4
512,32,1,16,1739.43
512,32,1,32,1733.1
512,32,1,64,1747.65
512,32,1,128,1753.78
512,32,1,256,1732.23
512,32,1,512,1757.91
512,32,1,1024,1909.84
512,32,1,2048,2370.44
512,32,1,4096,3300.01
512,32,1,8192,5187.24
512,32,2,16,1740.76
512,32,2,32,1735.07
512,32,2,64,1735.24
512,32,2,128,1746.62
512,32,2,256,1760.19
512,32,2,512,1766.97
512,32,2,1024,2008.67
512,32,2,2048,2519.61
512,32,2,4096,4044.24
512,32,2,8192,5216.14
512,32,4,16,1740.93
512,32,4,32,1748.91
512,32,4,64,1764.04
512,32,4,128,1771.65
512,32,4,256,1774.49
512,32,4,512,1818.67
512,32,4,1024,2136.93
512,32,4,2048,2728.86
512,32,4,4096,4163.07
512,32,4,8192,7328.24
512,32,8,16,1747.1
512,32,8,32,1756.52
512,32,8,64,1762.61
512,32,8,128,1762.01
512,32,8,256,1830.96
512,32,8,512,1905.46
512,32,8,1024,2308.95
512,32,8,2048,3016.72
512,32,8,4096,4904.75
512,32,8,8192,7804.03
512,32,16,16,1755.35
512,32,16,32,1766.54
512,32,16,64,1791.62
512,32,16,128,1837.05
512,32,16,256,1888.66
512,32,16,512,2050.7
512,32,16,1024,2680.13
512,32,16,2048,3781.51
512,32,16,4096,5755.72
512,32,16,8192,8640.64
512,32,32,16,1790.71
512,32,32,32,1806.6
512,32,32,64,1855.76
512,32,32,128,1920.51
512,32,32,256,2042.87
512,32,32,512,2381.54
512,32,32,1024,3279.3
512,32,32,2048,4974.22
512,32,32,4096,7975.58
512,32,32,8192,14217.1
512,32,64,16,1809.24
512,32,64,32,1867.08
512,32,64,64,1948.98
512,32,64,128,2082.06
512,32,64,256,2368.89
512,32,64,512,3053.83
512,32,64,1024,4517.88
512,32,64,2048,7267.47
512,32,64,4096,13082.8
512,32,64,8192,25649.9
512,32,128,16,1894.78
512,32,128,32,2026.98
512,32,128,64,2154.33
512,32,128,128,2452.11
512,32,128,256,3045.57
512,32,128,512,4355.82
512,32,128,1024,6884.57
512,32,128,2048,12141.7
512,32,128,4096,23020.2
512,32,128,8192,44771.8
512,64,0,0,1897.23
512,64,1,16,1909.94
512,64,1,32,1902.6
512,64,1,64,1887.23
512,64,1,128,1910.29
512,64,1,256,1907.29
512,64,1,512,1926.07
512,64,1,1024,2013.89
512,64,1,2048,2559.1
512,64,1,4096,3409.34
512,64,1,8192,5917.98
512,64,2,16,1899.6
512,64,2,32,1909.79
512,64,2,64,1913.54
512,64,2,128,1926.22
512,64,2,256,1926.14
512,64,2,512,1950.93
512,64,2,1024,2108.58
512,64,2,2048,2602.63
512,64,2,4096,3517.47
512,64,2,8192,5956.54
512,64,4,16,1908.13
512,64,4,32,1898.42
512,64,4,64,1922.28
512,64,4,128,1937.19
512,64,4,256,1943.76
512,64,4,512,1986.66
512,64,4,1024,2265.17
512,64,4,2048,2819.62
512,64,4,4096,4358.04
512,64,4,8192,7350.22
512,64,8,16,1897.53
512,64,8,32,1914.18
512,64,8,64,1930.9
512,64,8,128,1943.31
512,64,8,256,1992.1
512,64,8,512,2045.23
512,64,8,1024,2504.8
512,64,8,2048,3294.5
512,64,8,4096,4887.16
512,64,8,8192,8143.58
512,64,16,16,1933.29
512,64,16,32,1943.72
512,64,16,64,1957.77
512,64,16,128,1998.43
512,64,16,256,2057.59
512,64,16,512,2211.84
512,64,16,1024,2827.3
512,64,16,2048,3998.57
512,64,16,4096,6165.49
512,64,16,8192,9272.52
512,64,32,16,1944.04
512,64,32,32,1983.64
512,64,32,64,2017.95
512,64,32,128,2084.14
512,64,32,256,2204.89
512,64,32,512,2541.39
512,64,32,1024,3425.6
512,64,32,2048,5127.05
512,64,32,4096,8165.95
512,64,32,8192,14349
512,64,64,16,1976.12
512,64,64,32,2049.38
512,64,64,64,2125.79
512,64,64,128,2237.25
512,64,64,256,2532.07
512,64,64,512,3183.41
512,64,64,1024,4702.3
512,64,64,2048,7447.6
512,64,64,4096,13277.1
512,64,64,8192,25691.8
512,64,128,16,2065.38
512,64,128,32,2197.67
512,64,128,64,2337.99
512,64,128,128,2606.94
512,64,128,256,3203.59
512,64,128,512,4513.93
512,64,128,1024,7053.07
512,64,128,2048,12236.7
512,64,128,4096,23146.4
512,64,128,8192,44895.4
512,128,0,0,2211.51
512,128,1,16,2216.05
512,128,1,32,2217.17
512,128,1,64,2226.16
512,128,1,128,2213.43
512,128,1,256,2226.04
512,128,1,512,2227.07
512,128,1,1024,2378.26
512,128,1,2048,2969.05
512,128,1,4096,3780.92
512,128,1,8192,6392.31
512,128,2,16,2249.28
512,128,2,32,2242.69
512,128,2,64,2220.42
512,128,2,128,2223.98
512,128,2,256,2233.45
512,128,2,512,2250.87
512,128,2,1024,2421.19
512,128,2,2048,2955.89
512,128,2,4096,4203.95
512,128,2,8192,6653.66
512,128,4,16,2234.31
512,128,4,32,2232.6
512,128,4,64,2225.79
512,128,4,128,2266.84
512,128,4,256,2268.38
512,128,4,512,2286.03
512,128,4,1024,2472.73
512,128,4,2048,3181.64
512,128,4,4096,4752.34
512,128,4,8192,7759.83
512,128,8,16,2220.04
512,128,8,32,2228.58
512,128,8,64,2255.78
512,128,8,128,2257.37
512,128,8,256,2299.63
512,128,8,512,2384.72
512,128,8,1024,2757.63
512,128,8,2048,3706.64
512,128,8,4096,5452.29
512,128,8,8192,8440.14
512,128,16,16,2244.18
512,128,16,32,2265.25
512,128,16,64,2288.23
512,128,16,128,2324.05
512,128,16,256,2381.12
512,128,16,512,2545.33
512,128,16,1024,3090.71
512,128,16,2048,4231.93
512,128,16,4096,6602.82
512,128,16,8192,9632.48
512,128,32,16,2282.89
512,128,32,32,2308.08
512,128,32,64,2349.34
512,128,32,128,2417
512,128,32,256,2529.48
512,128,32,512,2858.14
512,128,32,1024,3693.54
512,128,32,2048,5449.44
512,128,32,4096,8484.02
512,128,32,8192,14706.8
512,128,64,16,2320.94
512,128,64,32,2358.16
512,128,64,64,2439.82
512,128,64,128,2607.02
512,128,64,256,2853.64
512,128,64,512,3473.66
512,128,64,1024,4995.74
512,128,64,2048,7793.85
512,128,64,4096,13395.3
512,128,64,8192,25818.9
512,128,128,16,2410.27
512,128,128,32,2530.95
512,128,128,64,2676.72
512,128,128,128,2942.14
512,128,128,256,3519.33
512,128,128,512,4852.61
512,128,128,1024,7395.91
512,128,128,2048,12530.7
512,128,128,4096,23370.2
512,128,128,8192,45092.5
512,256,0,0,2911.75
512,256,1,16,2883.18
512,256,1,32,2919.98
512,256,1,64,2903.14
512,256,1,128,2932.99
512,256,1,256,2916.3
512,256,1,512,2926.39
512,256,1,1024,2978.17
512,256,1,2048,3428.78
512,256,1,4096,4277.03
512,256,1,8192,6525.01
512,256,2,16,2899.7
512,256,2,32,2887.59
512,256,2,64,2908.76
512,256,2,128,2935.34
512,256,2,256,2932.07
512,256,2,512,2955.35
512,256,2,1024,3021.04
512,256,2,2048,3469.32
512,256,2,4096,4556.26
512,256,2,8192,7658.91
512,256,4,16,2909.92
512,256,4,32,2921.78
512,256,4,64,2934.77
512,256,4,128,2937.06
512,256,4,256,2940.05
512,256,4,512,2975.04
512,256,4,1024,3270.62
512,256,4,2048,3707.09
512,256,4,4096,5249.56
512,256,4,8192,8011.55
512,256,8,16,2902.87
512,256,8,32,2937.88
512,256,8,64,2953.17
512,256,8,128,2951.06
512,256,8,256,2979.4
512,256,8,512,3061.55
512,256,8,1024,3372.21
512,256,8,2048,4129.28
512,256,8,4096,6190.91
512,256,8,8192,9009.83
512,256,16,16,2948.51
512,256,16,32,2946.13
512,256,16,64,2979.84
512,256,16,128,2992.55
512,256,16,256,3033.57
512,256,16,512,3221.09
512,256,16,1024,3698.5
512,256,16,2048,4926.43
512,256,16,4096,7118.89
512,256,16,8192,10986
512,256,32,16,2962.05
512,256,32,32,2993.4
512,256,32,64,3007.18
512,256,32,128,3088
512,256,32,256,3219.72
512,256,32,512,3488.41
512,256,32,1024,4316.44
512,256,32,2048,6045.95
512,256,32,4096,9313.73
512,256,32,8192,15430.1
512,256,64,16,3007.96
512,256,64,32,3048.52
512,256,64,64,3139.51
512,256,64,128,3273.02
512,256,64,256,3509.18
512,256,64,512,4075.52
512,256,64,1024,5591.49
512,256,64,2048,8437.58
512,256,64,4096,13896.3
512,256,64,8192,26097.8
512,256,128,16,3081.19
512,256,128,32,3159.51
512,256,128,64,3356.34
512,256,128,128,3611.57
512,256,128,256,4147.49
512,256,128,512,5500.54
512,256,128,1024,8058.62
512,256,128,2048,13068.1
512,256,128,4096,23808
512,256,128,8192,45566.7
512,512,0,0,4262.62
512,512,1,16,4268.2
512,512,1,32,4258.32
512,512,1,64,4256.87
512,512,1,128,4247.77
512,512,1,256,4275.64
512,512,1,512,4271.56
512,512,1,1024,4299.89
512,512,1,2048,4650.73
512,512,1,4096,5480.99
512,512,1,8192,7461.19
512,512,2,16,4256.29
512,512,2,32,4258.4
512,512,2,64,4218.8
512,512,2,128,4286.62
512,512,2,256,4250
512,512,2,512,4260.41
512,512,2,1024,4345.81
512,512,2,2048,4786.04
512,512,2,4096,5791.05
512,512,2,8192,7799.85
512,512,4,16,4253.37
512,512,4,32,4260.26
512,512,4,64,4273.6
512,512,4,128,4279.12
512,512,4,256,4310.92
512,512,4,512,4307.65
512,512,4,1024,4413.33
512,512,4,2048,5055.75
512,512,4,4096,6601.17
512,512,4,8192,9274.69
512,512,8,16,4281.09
512,512,8,32,4251.45
512,512,8,64,4276.2
512,512,8,128,4320.85
512,512,8,256,4335.83
512,512,8,512,4377.31
512,512,8,1024,4568.18
512,512,8,2048,5546.8
512,512,8,4096,7301.29
512,512,8,8192,10321.5
512,512,16,16,4293.65
512,512,16,32,4301.26
512,512,16,64,4314.85
512,512,16,128,4368
512,512,16,256,4408.68
512,512,16,512,4514.92
512,512,16,1024,4893.57
512,512,16,2048,6047.29
512,512,16,4096,8432.42
512,512,16,8192,12830.9
512,512,32,16,4338.88
512,512,32,32,4322.6
512,512,32,64,4384.21
512,512,32,128,4459.68
512,512,32,256,4550.79
512,512,32,512,4829.09
512,512,32,1024,5540.26
512,512,32,2048,7272.89
512,512,32,4096,10711.1
512,512,32,8192,16514.3
512,512,64,16,4358.21
512,512,64,32,4331.04
512,512,64,64,4447.29
512,512,64,128,4601.11
512,512,64,256,4865.18
512,512,64,512,5400.31
512,512,64,1024,6697.57
512,512,64,2048,9805.71
512,512,64,4096,15343.6
512,512,64,8192,26698.4
512,512,128,16,4382.29
512,512,128,32,4560.41
512,512,128,64,4672.82
512,512,128,128,4915.88
512,512,128,256,5456.5
512,512,128,512,6718.02
512,512,128,1024,9352.15
512,512,128,2048,14523.5
512,512,128,4096,24714.5
512,512,128,8192,46456.1
512,1024,0,0,6972.06
512,1024,1,16,6905.42
512,1024,1,32,6971.29
512,1024,1,64,6971.56
512,1024,1,128,6928.45
512,1024,1,256,6966.22
512,1024,1,512,6948.93
512,1024,1,1024,7003.69
512,1024,1,2048,7227.58
512,1024,1,4096,7982.2
512,1024,1,8192,10009.6
512,1024,2,16,6910.17
512,1024,2,32,6981.94
512,1024,2,64,7008.03
512,1024,2,128,6996.1
512,1024,2,256,6985.81
512,1024,2,512,6995.34
512,1024,2,1024,7019.18
512,1024,2,2048,7190.17
512,1024,2,4096,8165.65
512,1024,2,8192,10112.2
512,1024,4,16,7018.58
512,1024,4,32,7007.01
512,1024,4,64,6998.82
512,1024,4,128,7017.73
512,1024,4,256,7015.54
512,1024,4,512,7040.34
512,1024,4,1024,7059.72
512,1024,4,2048,7263.12
512,1024,4,4096,8644.5
512,1024,4,8192,10991.8
512,1024,8,16,7023.15
512,1024,8,32,6957.24
512,1024,8,64,7018.67
512,1024,8,128,7027.59
512,1024,8,256,7065.91
512,1024,8,512,7062.78
512,1024,8,1024,7176.45
512,1024,8,2048,7789.37
512,1024,8,4096,9589.13
512,1024,8,8192,12674.7
512,1024,16,16,6951.34
512,1024,16,32,7027.73
512,1024,16,64,7051.49
512,1024,16,128,7068.19
512,1024,16,256,7111.27
512,1024,16,512,7180.59
512,1024,16,1024,7544.78
512,1024,16,2048,8350.6
512,1024,16,4096,10852.1
512,1024,16,8192,15225.2
512,1024,32,16,7006.85
512,1024,32,32,7001.02
512,1024,32,64,7124.21
512,1024,32,128,7172.46
512,1024,32,256,7262.78
512,1024,32,512,7437.02
512,1024,32,1024,8050.55
512,1024,32,2048,9764.65
512,1024,32,4096,13259.4
512,1024,32,8192,19983.7
512,1024,64,16,7093.23
512,1024,64,32,7149.83
512,1024,64,64,7165.85
512,1024,64,128,7322.69
512,1024,64,256,7429.41
512,1024,64,512,7997.04
512,1024,64,1024,9246.58
512,1024,64,2048,12175.9
512,1024,64,4096,17893.3
512,1024,64,8192,29020.3
512,1024,128,16,7139.83
512,1024,128,32,7196.14
512,1024,128,64,7387.62
512,1024,128,128,7578.71
512,1024,128,256,7986.77
512,1024,128,512,9182.01
512,1024,128,1024,11878.8
512,1024,128,2048,17090.7
512,1024,128,4096,27228.7
512,1024,128,8192,48418.5
512,2048,0,0,12411.9
512,2048,1,16,12431
512,2048,1,32,12419.2
512,2048,1,64,12397
512,2048,1,128,12433.2
512,2048,1,256,12415.3
512,2048,1,512,12432.7
512,2048,1,1024,12428.9
512,2048,1,2048,12456.9
512,2048,1,4096,12903.1
512,2048,1,8192,14694.3
512,2048,2,16,12445.1
512,2048,2,32,12395.5
512,2048,2,64,12449.6
512,2048,2,128,12450.4
512,2048,2,256,12439.7
512,2048,2,512,12473.6
512,2048,2,1024,12458.8
512,2048,2,2048,12432
512,2048,2,4096,13233.2
512,2048,2,8192,14863.1
512,2048,4,16,12437.6
512,2048,4,32,12439.5
512,2048,4,64,12448.9
512,2048,4,128,12447.2
512,2048,4,256,12440.9
512,2048,4,512,12498.5
512,2048,4,1024,12519.1
512,2048,4,2048,12506.5
512,2048,4,4096,13311.6
512,2048,4,8192,15574.8
512,2048,8,16,12454.1
512,2048,8,32,12429.2
512,2048,8,64,12472.2
512,2048,8,128,12500.5
512,2048,8,256,12510.9
512,2048,8,512,12465
512,2048,8,1024,12565.5
512,2048,8,2048,12644.8
512,2048,8,4096,14283.3
512,2048,8,8192,18282.5
512,2048,16,16,12478.9
512,2048,16,32,12493.3
512,2048,16,64,12498.6
512,2048,16,128,12514.9
512,2048,16,256,12594.2
512,2048,16,512,12579.6
512,2048,16,1024,12639.5
512,2048,16,2048,13830.7
512,2048,16,4096,15189.4
512,2048,16,8192,20303.3
512,2048,32,16,12497.1
512,2048,32,32,12492.1
512,2048,32,64,12550.8
512,2048,32,128,12620.6
512,2048,32,256,12703.4
512,2048,32,512,12899.9
512,2048,32,1024,13295.6
512,2048,32,2048,14373.8
512,2048,32,4096,18003.3
512,2048,32,8192,25214.7
512,2048,64,16,12440.5
512,2048,64,32,12553.8
512,2048,64,64,12600.3
512,2048,64,128,12762.1
512,2048,64,256,12954.1
512,2048,64,512,13377.8
512,2048,64,1024,14298.6
512,2048,64,2048,16940.8
512,2048,64,4096,22916.9
512,2048,64,8192,34230.4
512,2048,128,16,12522.9
512,2048,128,32,12662.7
512,2048,128,64,12799.2
512,2048,128,128,12995.5
512,2048,128,256,13356.3
512,2048,128,512,14271.8
512,2048,128,1024,16806.7
512,2048,128,2048,21965.7
512,2048,128,4096,32554.9
512,2048,128,8192,52604.9
512,4096,0,0,23258.8
512,4096,1,16,23299.5
512,4096,1,32,23282
512,4096,1,64,23285.3
512,4096,1,128,23242
512,4096,1,256,23267
512,4096,1,512,23252.5
512,4096,1,1024,23283.1
512,4096,1,2048,23266.8
512,4096,1,4096,23262
512,4096,1,8192,24412
512,4096,2,16,23239.2
512,4096,2,32,23244.8
512,4096,2,64,23263.7
512,4096,2,128,23270.8
512,4096,2,256,23242.6
512,4096,2,512,23291.2
512,4096,2,1024,23260.7
512,4096,2,2048,23282.3
512,4096,2,4096,23323.3
512,4096,2,8192,24937.9
512,4096,4,16,23265.7
512,4096,4,32,23300.5
512,4096,4,64,23299.6
512,4096,4,128,23290.9
512,4096,4,256,23304.1
512,4096,4,512,23359.9
512,4096,4,1024,23372.5
512,4096,4,2048,23343.3
512,4096,4,4096,23333.3
512,4096,4,8192,25461.6
512,4096,8,16,23283.4
512,4096,8,32,23340.2
512,4096,8,64,23318
512,4096,8,128,23326.1
512,4096,8,256,23342.6
512,4096,8,512,23425.4
512,4096,8,1024,23401.3
512,4096,8,2048,23383.1
512,4096,8,4096,23454.8
512,4096,8,8192,28600.4
512,4096,16,16,23334.5
512,4096,16,32,23342.6
512,4096,16,64,23347.5
512,4096,16,128,23384
512,4096,16,256,23421.3
512,4096,16,512,23486.5
512,4096,16,1024,23486.8
512,4096,16,2048,23484.8
512,4096,16,4096,26222.7
512,4096,16,8192,29498.1
512,4096,32,16,23303.9
512,4096,32,32,23303.1
512,4096,32,64,23389.9
512,4096,32,128,23468.2
512,4096,32,256,23537.4
512,4096,32,512,23734.9
512,4096,32,1024,24152.5
512,4096,32,2048,24914.8
512,4096,32,4096,26731.8
512,4096,32,8192,35415.4
512,4096,64,16,23327.8
512,4096,64,32,23372.7
512,4096,64,64,23527.3
512,4096,64,128,23619.8
512,4096,64,256,23773.8
512,4096,64,512,24215
512,4096,64,1024,25018.7
512,4096,64,2048,26819.4
512,4096,64,4096,32518.4
512,4096,64,8192,44732.2
512,4096,128,16,23437.7
512,4096,128,32,23547.1
512,4096,128,64,23646.8
512,4096,128,128,23850.6
512,4096,128,256,24209.2
512,4096,128,512,24997.7
512,4096,128,1024,26813.7
512,4096,128,2048,32351.5
512,4096,128,4096,42183.9
512,4096,128,8192,63636.3
512,8192,0,0,45034.8
512,8192,1,16,45016.5
512,8192,1,32,45031.3
512,8192,1,64,45001.6
512,8192,1,128,45024
512,8192,1,256,45012.5
512,8192,1,512,44988.4
512,8192,1,1024,45046.2
512,8192,1,2048,45026.5
512,8192,1,4096,45051.8
512,8192,1,8192,45043.5
512,8192,2,16,44997.6
512,8192,2,32,45017.9
512,8192,2,64,45041.5
512,8192,2,128,45027.1
512,8192,2,256,45026.6
512,8192,2,512,45023.3
512,8192,2,1024,45040
512,8192,2,2048,45062
512,8192,2,4096,45060.6
512,8192,2,8192,45051.8
512,8192,4,16,45026.2
512,8192,4,32,45050.5
512,8192,4,64,45063
512,8192,4,128,45024.2
512,8192,4,256,45069.2
512,8192,4,512,45092.6
512,8192,4,1024,45088.3
512,8192,4,2048,45094.7
512,8192,4,4096,45066.7
512,8192,4,8192,45104.9
512,8192,8,16,45037.7
512,8192,8,32,45034.9
512,8192,8,64,45050.8
512,8192,8,128,45081.6
512,8192,8,256,45111.8
512,8192,8,512,45092.5
512,8192,8,1024,45141.6
512,8192,8,2048,45168.3
512,8192,8,4096,45119.4
512,8192,8,8192,45269.9
512,8192,16,16,45075.8
512,8192,16,32,45089.5
512,8192,16,64,45108.5
512,8192,16,128,45128.8
512,8192,16,256,45139.1
512,8192,16,512,45201
512,8192,16,1024,45214.5
512,8192,16,2048,45208.3
512,8192,16,4096,45244.5
512,8192,16,8192,51071
512,8192,32,16,45078.2
512,8192,32,32,45135.8
512,8192,32,64,45115.1
512,8192,32,128,45201
512,8192,32,256,45305.7
512,8192,32,512,45548.9
512,8192,32,1024,45952
512,8192,32,2048,46730.6
512,8192,32,4096,48245.9
512,8192,32,8192,51638
512,8192,64,16,45123.1
512,8192,64,32,45186.3
512,8192,64,64,45214
512,8192,64,128,45377.4
512,8192,64,256,45559.6
512,8192,64,512,45928.7
512,8192,64,1024,46702.4
512,8192,64,2048,48201.6
512,8192,64,4096,51733.7
512,8192,64,8192,63518.4
512,8192,128,16,45179.7
512,8192,128,32,45267.2
512,8192,128,64,45428.8
512,8192,128,128,45601.2
512,8192,128,256,45935.1
512,8192,128,512,46763.7
512,8192,128,1024,48303.8
512,8192,128,2048,51819.9
512,8192,128,4096,63387.1
512,8192,128,8192,82573.1
1024,0,0,0,5575
1024,0,1,16,5551.23
1024,0,1,32,5596.16
1024,0,1,64,5585.81
1024,0,1,128,5574.99
1024,0,1,256,5576.21
1024,0,1,512,5588.93
1024,0,1,1024,5622.72
1024,0,1,2048,5990.53
1024,0,1,4096,6958.84
1024,0,1,8192,8827.98
1024,0,2,16,5563.49
1024,0,2,32,5559.5
1024,0,2,64,5575.21
1024,0,2,128,5586.99
1024,0,2,256,5594.84
1024,0,2,512,5627.12
1024,0,2,1024,5662.63
1024,0,2,2048,6111.5
1024,0,2,4096,7132.81
1024,0,2,8192,8936.08
1024,0,4,16,5589.64
1024,0,4,32,5590.92
1024,0,4,64,5568.71
1024,0,4,128,5579.6
1024,0,4,256,5600.33
1024,0,4,512,5638.96
1024,0,4,1024,5751.84
1024,0,4,2048,6221.49
1024,0,4,4096,7509.56
1024,0,4,8192,9979.04
1024,0,8,16,5585.7
1024,0,8,32,5591.24
1024,0,8,64,5604.86
1024,0,8,128,5606.87
1024,0,8,256,5662.35
1024,0,8,512,5714.03
1024,0,8,1024,5933.2
1024,0,8,2048,6828.93
1024,0,8,4096,8864.8
1024,0,8,8192,12308.9
1024,0,16,16,5599.13
1024,0,16,32,5613.34
1024,0,16,64,5610.91
1024,0,16,128,5657.79
1024,0,16,256,5728.31
1024,0,16,512,5860.9
1024,0,16,1024,6230.94
1024,0,16,2048,7465.48
1024,0,16,4096,9914.89
1024,0,16,8192,14476.5
1024,0,32,16,5629.27
1024,0,32,32,5665.66
1024,0,32,64,5686.65
1024,0,32,128,5721.35
1024,0,32,256,5881.8
1024,0,32,512,6176.63
1024,0,32,1024,6817.08
1024,0,32,2048,8696.41
1024,0,32,4096,12148.9
1024,0,32,8192,18506.3
1024,0,64,16,5651.75
1024,0,64,32,5740.47
1024,0,64,64,5801.74
1024,0,64,128,5931.17
1024,0,64,256,6190.93
1024,0,64,512,6714.87
1024,0,64,1024,8079.57
1024,0,64,2048,11118.2
1024,0,64,4096,16701.3
1024,0,64,8192,27750
1024,0,128,16,5725.37
1024,0,128,32,5874.34
1024,0,128,64,5985.6
1024,0,128,128,6273.51
1024,0,128,256,6823.78
1024,0,128,512,8049.56
1024,0,128,1024,10703.5
1024,0,128,2048,15828.4
1024,0,128,4096,25940.5
1024,0,128,8192,47439.4
1024,16,0,0,5725.93
1024,16,1,16,5701.55
1024,16,1,32,5723.86
1024,16,1,64,5748.99
1024,16,1,128,5731.4
1024,16,1,256,5741.28
1024,16,1,512,5755.38
1024,16,1,1024,5795.73
1024,16,1,2048,6146.92
1024,16,1,4096,7046.59
1024,16,1,8192,8810.17
1024,16,2,16,5732.31
1024,16,2,32,5739.25
1024,16,2,64,5769.47
1024,16,2,128,5753.93
1024,16,2,256,5761.26
1024,16,2,512,5806.06
1024,16,2,1024,5800.81
1024,16,2,2048,6233.41
1024,16,2,4096,7587.21
1024,16,2,8192,9110.8
1024,16,4,16,5750.57
1024,16,4,32,5744.28
1024,16,4,64,5756.02
1024,16,4,128,5761.47
1024,16,4,256,5769.11
1024,16,4,512,5812.26
1024,16,4,1024,5896.21
1024,16,4,2048,6480.78
1024,16,4,4096,7661.27
1024,16,4,8192,10084.4
1024,16,8,16,5748.81
1024,16,8,32,5754.69
1024,16,8,64,5790.64
1024,16,8,128,5765.39
1024,16,8,256,5822.96
1024,16,8,512,5885.58
1024,16,8,1024,6054.77
1024,16,8,2048,6889.28
1024,16,8,4096,8514.36
1024,16,8,8192,12657.6
1024,16,16,16,5767.97
1024,16,16,32,5800.26
1024,16,16,64,5792.67
1024,16,16,128,5834.16
1024,16,16,256,5890.65
1024,16,16,512,5997.3
1024,16,16,1024,6393.44
1024,16,16,2048,7609.69
1024,16,16,4096,10129.3
1024,16,16,8192,14582.3
1024,16,32,16,5797.89
1024,16,32,32,5831.73
1024,16,32,64,5843.72
1024,16,32,128,5904.77
1024,16,32,256,6033.74
1024,16,32,512,6286.77
1024,16,32,1024,6956.86
1024,16,32,2048,8845.01
1024,16,32,4096,12334.1
1024,16,32,8192,18715.3
1024,16,64,16,5837.18
1024,16,64,32,5889.87
1024,16,64,64,5976.73
1024,16,64,128,6070.25
1024,16,64,256,6339.52
1024,16,64,512,6884.68
1024,16,64,1024,8254.74
1024,16,64,2048,11280.7
1024,16,64,4096,16811.1
1024,16,64,8192,27866.9
1024,16,128,16,5898.49
1024,16,128,32,6036.76
1024,16,128,64,6147.86
1024,16,128,128,6420.86
1024,16,128,256,6960.94
1024,16,128,512,8190.69
1024,16,128,1024,10882.6
1024,16,128,2048,15974.8
1024,16,128,4096,26153.3
1024,16,128,8192,47572.7
1024,32,0,0,5894.16
1024,32,1,16,5886.88
1024,32,1,32,5880.92
1024,32,1,64,5904.86
1024,32,1,128,5889.12
1024,32,1,256,5894.24
1024,32,1,512,5904.18
1024,32,1,1024,5928.38
1024,32,1,2048,6261.18
1024,32,1,4096,7256.79
1024,32,1,8192,8918.65
1024,32,2,16,5903.37
1024,32,2,32,5908.69
1024,32,2,64,5907.3
1024,32,2,128,5924.31
1024,32,2,256,5884.94
1024,32,2,512,5917.64
1024,32,2,1024,5980.65
1024,32,2,2048,6339.61
1024,32,2,4096,7443.41
1024,32,2,8192,9835.94
1024,32,4,16,5910.08
1024,32,4,32,5886.15
1024,32,4,64,5900.65
1024,32,4,128,5925.2
1024,32,4,256,5937.9
1024,32,4,512,5974.89
1024,32,4,1024,6071.55
1024,32,4,2048,6585.12
1024,32,4,4096,8104.16
1024,32,4,8192,11340.5
1024,32,8,16,5916.45
1024,32,8,32,5892.95
1024,32,8,64,5912.68
1024,32,8,128,5945.23
1024,32,8,256,5947.07
1024,32,8,512,6054.03
1024,32,8,1024,6223.66
1024,32,8,2048,7124.19
1024,32,8,4096,8833.37
1024,32,8,8192,12255.4
1024,32,16,16,5934.52
1024,32,16,32,5950.42
1024,32,16,64,5952.19
1024,32,16,128,5992.56
1024,32,16,256,6053.73
1024,32,16,512,6181.88
1024,32,16,1024,6521.79
1024,32,16,2048,7774.28
1024,32,16,4096,9853.5
1024,32,16,8192,14770.3
1024,32,32,16,5942.17
1024,32,32,32,5971.69
1024,32,32,64,5999.43
1024,32,32,128,6085
1024,32,32,256,6188.41
1024,32,32,512,6491.87
1024,32,32,1024,7079.8
1024,32,32,2048,8994.8
1024,32,32,4096,12483.2
1024,32,32,8192,18955.1
1024,32,64,16,5974.61
1024,32,64,32,6047.54
1024,32,64,64,6101.47
1024,32,64,128,6259.91
1024,32,64,256,6503.97
1024,32,64,512,7020.65
1024,32,64,1024,8403.44
1024,32,64,2048,11428.8
1024,32,64,4096,17039
1024,32,64,8192,28078.7
1024,32,128,16,6074.07
1024,32,128,32,6196.14
1024,32,128,64,6332.53
1024,32,128,128,6563.77
1024,32,128,256,7150.58
1024,32,128,512,8346.93
1024,32,128,1024,11029.2
1024,32,128,2048,16137.9
1024,32,128,4096,26331.5
1024,32,128,8192,47676.4
1024,64,0,0,6220.51
1024,64,1,16,6217.98
1024,64,1,32,6202.99
1024,64,1,64,6231.56
1024,64,1,128,6211.51
1024,64,1,256,6227.65
1024,64,1,512,6243.66
1024,64,1,1024,6237.6
1024,64,1,2048,6614.37
1024,64,1,4096,7482.4
1024,64,1,8192,9333.77
1024,64,2,16,6205.45
1024,64,2,32,6229.36
1024,64,2,64,6232.04
1024,64,2,128,6217.95
1024,64,2,256,6225.59
1024,64,2,512,6243.4
1024,64,2,1024,6295.45
1024,64,2,2048,6760.98
1024,64,2,4096,7770.87
1024,64,2,8192,9714.93
1024,64,4,16,6213.75
1024,64,4,32,6230.73
1024,64,4,64,6214.85
1024,64,4,128,6248.73
1024,64,4,256,6232.37
1024,64,4,512,6286.88
1024,64,4,1024,6357.62
1024,64,4,2048,6901.41
1024,64,4,4096,8080.51
1024,64,4,8192,11174.4
1024,64,8,16,6202.94
1024,64,8,32,6228.49
1024,64,8,64,6207.33
1024,64,8,128,6265.62
1024,64,8,256,6297.84
1024,64,8,512,6359.26
1024,64,8,1024,6515.91
1024,64,8,2048,7407.71
1024,64,8,4096,9125.39
1024,64,8,8192,12266.5
1024,64,16,16,6234.41
1024,64,16,32,6247.93
1024,64,16,64,6266.8
1024,64,16,128,6295.13
1024,64,16,256,6360.53
1024,64,16,512,6510.59
1024,64,16,1024,6812.62
1024,64,16,2048,8105.72
1024,64,16,4096,10561.8
1024,64,16,8192,15136.3
1024,64,32,16,6215.46
1024,64,32,32,6301.53
1024,64,32,64,6320.6
1024,64,32,128,6378.15
1024,64,32,256,6536.3
1024,64,32,512,6805.61
1024,64,32,1024,7425.23
1024,64,32,2048,9313.35
1024,64,32,4096,12820.4
1024,64,32,8192,19365.7
1024,64,64,16,6295.87
1024,64,64,32,6355.59
1024,64,64,64,6437.49
1024,64,64,128,6562.78
1024,64,64,256,6806.5
1024,64,64,512,7342.61
1024,64,64,1024,8734.16
1024,64,64,2048,11741
1024,64,64,4096,17300.5
1024,64,64,8192,28415.7
1024,64,128,16,6350.21
1024,64,128,32,6484.93
1024,64,128,64,6640.07
1024,64,128,128,6897.52
1024,64,128,256,7465.22
1024,64,128,512,8671.67
1024,64,128,1024,11352.1
1024,64,128,2048,16475.2
1024,64,128,4096,26740.4
1024,64,128,8192,47949.8
1024,128,0,0,6833.4
1024,128,1,16,6819.43
1024,128,1,32,6864.11
1024,128,1,64,6853.1
1024,128,1,128,6853.55
1024,128,1,256,6839.99
1024,128,1,512,6864.97
1024,128,1,1024,6882.16
1024,128,1,2048,6989.85
1024,128,1,4096,8035.69
1024,128,1,8192,10003.3
1024,128,2,16,6853.67
1024,128,2,32,6860.04
1024,128,2,64,6867.66
1024,128,2,128,6873.67
1024,128,2,256,6878.59
1024,128,2,512,6896.82
1024,128,2,1024,6938.99
1024,128,2,2048,7405.6
1024,128,2,4096,8377.78
1024,128,2,8192,10312.1
1024,128,4,16,6868.82
1024,128,4,32,6864.16
1024,128,4,64,6870
1024,128,4,128,6867.9
1024,128,4,256,6901.81
1024,128,4,512,6928.53
1024,128,4,1024,7009.16
1024,128,4,2048,7498.12
1024,128,4,4096,8712.06
1024,128,4,8192,11567.9
1024,128,8,16,6862.47
1024,128,8,32,6858.58
1024,128,8,64,6883.65
1024,128,8,128,6910.76
1024,128,8,256,6926.6
1024,128,8,512,7001.14
1024,128,8,1024,7108.91
1024,128,8,2048,8000.47
1024,128,8,4096,9686.01
1024,128,8,8192,13119.7
1024,128,16,16,6894.74
1024,128,16,32,6910.42
1024,128,16,64,6916.88
1024,128,16,128,6937.56
1024,128,16,256,7013.53
1024,128,16,512,7149.44
1024,128,16,1024,7390.74
1024,128,16,2048,8613.82
1024,128,16,4096,11174.6
1024,128,16,8192,15808.3
1024,128,32,16,6867.2
1024,128,32,32,6923.07
1024,128,32,64,6949.53
1024,128,32,128,7023.92
1024,128,32,256,7174.72
1024,128,32,512,7425.44
1024,128,32,1024,8028.76
1024,128,32,2048,9904.94
1024,128,32,4096,13469.9
1024,128,32,8192,20160.4
1024,128,64,16,6911.84
1024,128,64,32,6967.99
1024,128,64,64,7060.77
1024,128,64,128,7210.27
1024,128,64,256,7445.2
1024,128,64,512,8021.67
1024,128,64,1024,9343.71
1024,128,64,2048,12334.5
1024,128,64,4096,18046.7
1024,128,64,8192,29093.3
1024,128,128,16,6982.84
1024,128,128,32,7097.43
1024,128,128,64,7273.5
1024,128,128,128,7526.36
1024,128,128,256,8093.08
1024,128,128,512,9268.02
1024,128,128,1024,11968.6
1024,128,128,2048,17104.1
1024,128,128,4096,27360
1024,128,128,8192,48387.3
1024,256,0,0,8101.67
1024,256,1,16,8107.99
1024,256,1,32,8104.27
1024,256,1,64,8099.34
1024,256,1,128,8125.12
1024,256,1,256,8134.6
1024,256,1,512,8137.44
1024,256,1,1024,8157.39
1024,256,1,2048,8421.7
1024,256,1,4096,9379.62
1024,256,1,8192,11188.2
1024,256,2,16,8102.08
1024,256,2,32,8125.55
1024,256,2,64,8115.43
1024,256,2,128,8127.16
1024,256,2,256,8124.13
1024,256,2,512,8135.46
1024,256,2,1024,8157.35
1024,256,2,2048,8471.71
1024,256,2,4096,9524.49
1024,256,2,8192,11543.4
1024,256,4,16,8114.83
1024,256,4,32,8115.66
1024,256,4,64,8129.59
1024,256,4,128,8129.19
1024,256,4,256,8152.06
1024,256,4,512,8151.71
1024,256,4,1024,8243.72
1024,256,4,2048,8755.65
1024,256,4,4096,9870.87
1024,256,4,8192,12440.5
1024,256,8,16,8114.64
1024,256,8,32,8154.78
1024,256,8,64,8130.2
1024,256,8,128,8136.32
1024,256,8,256,8174.27
1024,256,8,512,8236.01
1024,256,8,1024,8360.17
1024,256,8,2048,9256.13
1024,256,8,4096,11055.2
1024,256,8,8192,14013.6
1024,256,16,16,8123.95
1024,256,16,32,8149.2
1024,256,16,64,8138.29
1024,256,16,128,8164.5
1024,256,16,256,8267.83
1024,256,16,512,8387.16
1024,256,16,1024,8664.84
1024,256,16,2048,9835.93
1024,256,16,4096,12237.4
1024,256,16,8192,17067.6
1024,256,32,16,8125.55
1024,256,32,32,8165.87
1024,256,32,64,8205.89
1024,256,32,128,8263.73
1024,256,32,256,8396.47
1024,256,32,512,8682.05
1024,256,32,1024,9295.25
1024,256,32,2048,11171.7
1024,256,32,4096,14600.6
1024,256,32,8192,21393.4
1024,256,64,16,8166.15
1024,256,64,32,8262.15
1024,256,64,64,8310.43
1024,256,64,128,8462.82
1024,256,64,256,8722.01
1024,256,64,512,9312.6
1024,256,64,1024,10591.4
1024,256,64,2048,13401.4
1024,256,64,4096,19346.5
1024,256,64,8192,30419.7
1024,256,128,16,8268.18
1024,256,128,32,8383.49
1024,256,128,64,8566.39
1024,256,128,128,8798.52
1024,256,128,256,9386.23
1024,256,128,512,10519.6
1024,256,128,1024,13197
1024,256,128,2048,18414.6
1024,256,128,4096,28623
1024,256,128,8192,49256.5
1024,512,0,0,10630.6
1024,512,1,16,10676.4
1024,512,1,32,10666.6
1024,512,1,64,10674.9
1024,512,1,128,10667.1
1024,512,1,256,10693.4
1024,512,1,512,10685.1
1024,512,1,1024,10742.7
1024,512,1,2048,10995.8
1024,512,1,4096,11711.8
1024,512,1,8192,13656.8
1024,512,2,16,10680.5
1024,512,2,32,10668.3
1024,512,2,64,10656.4
1024,512,2,128,10656.4
1024,512,2,256,10607.2
1024,512,2,512,10684
1024,512,2,1024,10749.6
1024,512,2,2048,11031
1024,512,2,4096,11965.6
1024,512,2,8192,14005.3
1024,512,4,16,10652.7
1024,512,4,32,10662.6
1024,512,4,64,10650.4
1024,512,4,128,10672
1024,512,4,256,10720.7
1024,512,4,512,10742.9
1024,512,4,1024,10806
1024,512,4,2048,11224.8
1024,512,4,4096,12643.3
1024,512,4,8192,15493.3
1024,512,8,16,10676.6
1024,512,8,32,10661.8
1024,512,8,64,10694.3
1024,512,8,128,10714.4
1024,512,8,256,10797
1024,512,8,512,10850.9
1024,512,8,1024,10975.1
1024,512,8,2048,11570
1024,512,8,4096,13505.5
1024,512,8,8192,16765.7
1024,512,16,16,10664
1024,512,16,32,10709.7
1024,512,16,64,10763.6
1024,512,16,128,10757.3
1024,512,16,256,10837.5
1024,512,16,512,10982.6
1024,512,16,1024,11290
1024,512,16,2048,12368
1024,512,16,4096,14669.9
1024,512,16,8192,19711.3
1024,512,32,16,10739
1024,512,32,32,10785
1024,512,32,64,10841.4
1024,512,32,128,10883.5
1024,512,32,256,11012.3
1024,512,32,512,11301.1
1024,512,32,1024,11840.3
1024,512,32,2048,13530
1024,512,32,4096,17199.5
1024,512,32,8192,23998.9
1024,512,64,16,10797.4
1024,512,64,32,10847.5
1024,512,64,64,10909.6
1024,512,64,128,11071.7
1024,512,64,256,11346.4
1024,512,64,512,11910.6
1024,512,64,1024,13025.2
1024,512,64,2048,16007.1
1024,512,64,4096,22004.5
1024,512,64,8192,33070.7
1024,512,128,16,10908.4
1024,512,128,32,10925.8
1024,512,128,64,11103.4
1024,512,128,128,11369
1024,512,128,256,11927.2
1024,512,128,512,13076.6
1024,512,128,1024,15714.6
1024,512,128,2048,20856.7
1024,512,128,4096,31133.5
1024,512,128,8192,51414
1024,1024,0,0,15867.9
1024,1024,1,16,15842
1024,1024,1,32,15869.1
1024,1024,1,64,15875.9
1024,1024,1,128,15834
1024,1024,1,256,15853.3
1024,1024,1,512,15889
1024,1024,1,1024,15893.3
1024,1024,1,2048,15985.4
1024,1024,1,4096,16765.1
1024,1024,1,8192,18679.4
1024,1024,2,16,15870.1
1024,1024,2,32,15866
1024,1024,2,64,15886.7
1024,1024,2,128,15794.4
1024,1024,2,256,15850.9
1024,1024,2,512,15873.1
1024,1024,2,1024,16015.9
1024,1024,2,2048,16074
1024,1024,2,4096,16737.2
1024,1024,2,8192,18949.6
1024,1024,4,16,15864
1024,1024,4,32,15876.8
1024,1024,4,64,15859.3
1024,1024,4,128,15928.8
1024,1024,4,256,15939.6
1024,1024,4,512,15974.7
1024,1024,4,1024,15975.9
1024,1024,4,2048,16161.9
1024,1024,4,4096,17371.7
1024,1024,4,8192,20156.9
1024,1024,8,16,15881
1024,1024,8,32,15818.8
1024,1024,8,64,15874.4
1024,1024,8,128,15905.7
1024,1024,8,256,15943.5
1024,1024,8,512,15959
1024,1024,8,1024,16146.8
1024,1024,8,2048,16541.2
1024,1024,8,4096,18424.2
1024,1024,8,8192,21985.6
1024,1024,16,16,15878.9
1024,1024,16,32,15910.7
1024,1024,16,64,15918.4
1024,1024,16,128,15961.6
1024,1024,16,256,16028.3
1024,1024,16,512,16148.9
1024,1024,16,1024,16459.1
1024,1024,16,2048,17118.7
1024,1024,16,4096,19789.2
1024,1024,16,8192,24635
1024,1024,32,16,15942
1024,1024,32,32,15899.9
1024,1024,32,64,15970.9
1024,1024,32,128,15998.9
1024,1024,32,256,16184.8
1024,1024,32,512,16414.4
1024,1024,32,1024,16992.6
1024,1024,32,2048,18421.3
1024,1024,32,4096,22147.8
1024,1024,32,8192,29092
1024,1024,64,16,15903.6
1024,1024,64,32,15979.5
1024,1024,64,64,16048.1
1024,1024,64,128,16171.2
1024,1024,64,256,16394.4
1024,1024,64,512,16962
1024,1024,64,1024,18161.5
1024,1024,64,2048,20920.9
1024,1024,64,4096,26657.2
1024,1024,64,8192,38397.1
1024,1024,128,16,16006.3
1024,1024,128,32,16110.9
1024,1024,128,64,16270.6
1024,1024,128,128,16516.5
1024,1024,128,256,17012.8
1024,1024,128,512,18184.6
1024,1024,128,1024,20643.6
1024,1024,128,2048,25929.7
1024,1024,128,4096,36327.2
1024,1024,128,8192,56793.7
1024,2048,0,0,26037.5
1024,2048,1,16,26138.4
1024,2048,1,32,26060.9
1024,2048,1,64,26054.2
1024,2048,1,128,26090.4
1024,2048,1,256,26057.6
1024,2048,1,512,26097.5
1024,2048,1,1024,26059.5
1024,2048,1,2048,26129.2
1024,2048,1,4096,26437.2
1024,2048,1,8192,27957.6
1024,2048,2,16,26056.4
1024,2048,2,32,26075.6
1024,2048,2,64,26068
1024,2048,2,128,26142.8
1024,2048,2,256,26113
1024,2048,2,512,26039.9
1024,2048,2,1024,26187.7
1024,2048,2,2048,26106.8
1024,2048,2,4096,26624
1024,2048,2,8192,30750.5
1024,2048,4,16,26071.4
1024,2048,4,32,26026.1
1024,2048,4,64,26117
1024,2048,4,128,26046.9
1024,2048,4,256,26121.7
1024,2048,4,512,26208.7
1024,2048,4,1024,26222.4
1024,2048,4,2048,26352.1
1024,2048,4,4096,27168.4
1024,2048,4,8192,29691.7
1024,2048,8,16,26117.8
1024,2048,8,32,25926.3
1024,2048,8,64,26013.8
1024,2048,8,128,26066.2
1024,2048,8,256,26077
1024,2048,8,512,26200.6
1024,2048,8,1024,26363.6
1024,2048,8,2048,26655.4
1024,2048,8,4096,28089.2
1024,2048,8,8192,31727.5
1024,2048,16,16,26083.8
1024,2048,16,32,26037.1
1024,2048,16,64,26051.5
1024,2048,16,128,26140.2
1024,2048,16,256,26145.4
1024,2048,16,512,26370.9
1024,2048,16,1024,26621.6
1024,2048,16,2048,27178.6
1024,2048,16,4096,29360.5
1024,2048,16,8192,34065.1
1024,2048,32,16,26046.8
1024,2048,32,32,26058.4
1024,2048,32,64,26093.2
1024,2048,32,128,26131.1
1024,2048,32,256,26291.5
1024,2048,32,512,26521.7
1024,2048,32,1024,27167.1
1024,2048,32,2048,28402.9
1024,2048,32,4096,31584.8
1024,2048,32,8192,38521.9
1024,2048,64,16,26102.9
1024,2048,64,32,26021.9
1024,2048,64,64,26128.5
1024,2048,64,128,26268.9
1024,2048,64,256,26492
1024,2048,64,512,27049.3
1024,2048,64,1024,28391.4
1024,2048,64,2048,30634.2
1024,2048,64,4096,36734.9
1024,2048,64,8192,48629.6
1024,2048,128,16,26146.7
1024,2048,128,32,26145.1
1024,2048,128,64,26321.7
1024,2048,128,128,26606.9
1024,2048,128,256,27129
1024,2048,128,512,28450.5
1024,2048,128,1024,30631
1024,2048,128,2048,35928.7
1024,2048,128,4096,46425.9
1024,2048,128,8192,66729.4
1024,4096,0,0,46281.6
1024,4096,1,16,46226.3
1024,4096,1,32,46279.8
1024,4096,1,64,46275.3
1024,4096,1,128,46259.7
1024,4096,1,256,46283.5
1024,4096,1,512,46282.9
1024,4096,1,1024,46349.6
1024,4096,1,2048,46354.3
1024,4096,1,4096,46289.7
1024,4096,1,8192,47136.1
1024,4096,2,16,46267.8
1024,4096,2,32,46257.9
1024,4096,2,64,46280.4
1024,4096,2,128,46282.4
1024,4096,2,256,46309.8
1024,4096,2,512,46310.7
1024,4096,2,1024,46381.3
1024,4096,2,2048,46327.5
1024,4096,2,4096,46376
1024,4096,2,8192,47586.4
1024,4096,4,16,46292.1
1024,4096,4,32,46288.5
1024,4096,4,64,46271.2
1024,4096,4,128,46267
1024,4096,4,256,46297.7
1024,4096,4,512,46361.6
1024,4096,4,1024,46323.2
1024,4096,4,2048,46519.7
1024,4096,4,4096,46458.7
1024,4096,4,8192,49935
1024,4096,8,16,46283.8
1024,4096,8,32,46255.1
1024,4096,8,64,46274.9
1024,4096,8,128,46297.7
1024,4096,8,256,46273.8
1024,4096,8,512,46345.2
1024,4096,8,1024,46589
1024,4096,8,2048,47018.5
1024,4096,8,4096,48433.1
1024,4096,8,8192,50805.5
1024,4096,16,16,46320.1
1024,4096,16,32,46331.7
1024,4096,16,64,46320
1024,4096,16,128,46303.1
1024,4096,16,256,46290.4
1024,4096,16,512,46540.3
1024,4096,16,1024,46811.3
1024,4096,16,2048,47659.7
1024,4096,16,4096,49017.2
1024,4096,16,8192,54299.5
1024,4096,32,16,46261.9
1024,4096,32,32,46317
1024,4096,32,64,46299.8
1024,4096,32,128,46338.8
1024,4096,32,256,46467.5
1024,4096,32,512,46649.7
1024,4096,32,1024,47359.5
1024,4096,32,2048,48790.4
1024,4096,32,4096,51664.1
1024,4096,32,8192,58019.9
1024,4096,64,16,46238.8
1024,4096,64,32,46306.3
1024,4096,64,64,46287.7
1024,4096,64,128,46484.5
1024,4096,64,256,46731.6
1024,4096,64,512,47326.2
1024,4096,64,1024,48686
1024,4096,64,2048,50938.5
1024,4096,64,4096,55447
1024,4096,64,8192,67901.7
1024,4096,128,16,46329.8
1024,4096,128,32,46324
1024,4096,128,64,46524.8
1024,4096,128,128,46787
1024,4096,128,256,47279.5
1024,4096,128,512,48734.9
1024,4096,128,1024,51071.9
1024,4096,128,2048,55538
1024,4096,128,4096,66746.6
1024,4096,128,8192,86798.5
1024,8192,0,0,86587.9
1024,8192,1,16,86647.9
1024,8192,1,32,86665.4
1024,8192,1,64,86637.4
1024,8192,1,128,86528.7
1024,8192,1,256,86656.7
1024,8192,1,512,86663.4
1024,8192,1,1024,86672.8
1024,8192,1,2048,86684.2
1024,8192,1,4096,86734.4
1024,8192,1,8192,86669.6
1024,8192,2,16,86691.2
1024,8192,2,32,86647.4
1024,8192,2,64,86590
1024,8192,2,128,86655.7
1024,8192,2,256,86630.3
1024,8192,2,512,86693.4
1024,8192,2,1024,86733.8
1024,8192,2,2048,86771.4
1024,8192,2,4096,86642.7
1024,8192,2,8192,86749.9
1024,8192,4,16,86573.8
1024,8192,4,32,86701.8
1024,8192,4,64,86701.6
1024,8192,4,128,86689.8
1024,8192,4,256,86664.1
1024,8192,4,512,86694.7
1024,8192,4,1024,86697.5
1024,8192,4,2048,86878.5
1024,8192,4,4096,86897.7
1024,8192,4,8192,86803
1024,8192,8,16,86608
1024,8192,8,32,86676.9
1024,8192,8,64,86569.5
1024,8192,8,128,86676.3
1024,8192,8,256,86613.7
1024,8192,8,512,86793.4
1024,8192,8,1024,86936.3
1024,8192,8,2048,87384.6
1024,8192,8,4096,88998.6
1024,8192,8,8192,91871.5
1024,8192,16,16,86584.5
1024,8192,16,32,86591.8
1024,8192,16,64,86664.9
1024,8192,16,128,86633.3
1024,8192,16,256,86716.6
1024,8192,16,512,86853.7
1024,8192,16,1024,87260.3
1024,8192,16,2048,88011
1024,8192,16,4096,89633.3
1024,8192,16,8192,92439.2
1024,8192,32,16,86538.5
1024,8192,32,32,86697.9
1024,8192,32,64,86645.3
1024,8192,32,128,86675.6
1024,8192,32,256,86805.1
1024,8192,32,512,87065.9
1024,8192,32,1024,87765.4
1024,8192,32,2048,89256.9
1024,8192,32,4096,92398.7
1024,8192,32,8192,98361.8
1024,8192,64,16,86637.1
1024,8192,64,32,86664.8
1024,8192,64,64,86728.8
1024,8192,64,128,86744.3
1024,8192,64,256,87118.1
1024,8192,64,512,87706.2
1024,8192,64,1024,89071.5
1024,8192,64,2048,91409.9
1024,8192,64,4096,96028.3
1024,8192,64,8192,105186
1024,8192,128,16,86637.2
1024,8192,128,32,86741.5
1024,8192,128,64,86834.8
1024,8192,128,128,87150.1
1024,8192,128,256,87735.4
1024,8192,128,512,89132.8
1024,8192,128,1024,91922.7
1024,8192,128,2048,96109.6
1024,8192,128,4096,105264
1024,8192,128,8192,129092
2048,0,0,0,21013.5
2048,0,1,16,21017.6
2048,0,1,32,20968.1
2048,0,1,64,21018.5
2048,0,1,128,21016.1
2048,0,1,256,21005.4
2048,0,1,512,21020.6
2048,0,1,1024,21029.2
2048,0,1,2048,21094.7
2048,0,1,4096,21878.1
2048,0,1,8192,23815.2
2048,0,2,16,21013.5
2048,0,2,32,21005.5
2048,0,2,64,21003.1
2048,0,2,128,21040.8
2048,0,2,256,20988
2048,0,2,512,21065
2048,0,2,1024,21080.5
2048,0,2,2048,21145.7
2048,0,2,4096,22100.3
2048,0,2,8192,24208
2048,0,4,16,21014.8
2048,0,4,32,21005.4
2048,0,4,64,21029
2048,0,4,128,21036
2048,0,4,256,21035.6
2048,0,4,512,21093.8
2048,0,4,1024,21140.9
2048,0,4,2048,21331.1
2048,0,4,4096,22382.3
2048,0,4,8192,24725
2048,0,8,16,21038.6
2048,0,8,32,21024
2048,0,8,64,21030.5
2048,0,8,128,21050.8
2048,0,8,256,21107.5
2048,0,8,512,21080.1
2048,0,8,1024,21227.3
2048,0,8,2048,21664.6
2048,0,8,4096,23538.8
2048,0,8,8192,27114.4
2048,0,16,16,21029
2048,0,16,32,21063.1
2048,0,16,64,21057.2
2048,0,16,128,21092.3
2048,0,16,256,21150.9
2048,0,16,512,21256.5
2048,0,16,1024,21556
2048,0,16,2048,22297.5
2048,0,16,4096,24976.4
2048,0,16,8192,29954.6
2048,0,32,16,21042.3
2048,0,32,32,21078.9
2048,0,32,64,21103.1
2048,0,32,128,21176.4
2048,0,32,256,21318.9
2048,0,32,512,21579.8
2048,0,32,1024,22100.5
2048,0,32,2048,23422.4
2048,0,32,4096,27191.8
2048,0,32,8192,34355.1
2048,0,64,16,21048.5
2048,0,64,32,21143.7
2048,0,64,64,21224.5
2048,0,64,128,21354.2
2048,0,64,256,21633.7
2048,0,64,512,22174.6
2048,0,64,1024,23271.7
2048,0,64,2048,26070.1
2048,0,64,4096,31988.8
2048,0,64,8192,43685.9
2048,0,128,16,21148.4
2048,0,128,32,21297.9
2048,0,128,64,21419.1
2048,0,128,128,21692.6
2048,0,128,256,22245.5
2048,0,128,512,23366.6
2048,0,128,1024,25797.1
2048,0,128,2048,31139.5
2048,0,128,4096,41408.7
2048,0,128,8192,61923.6
2048,16,0,0,21295
2048,16,1,16,21329.9
2048,16,1,32,21330.5
2048,16,1,64,21326.1
2048,16,1,128,21318.7
2048,16,1,256,21264
2048,16,1,512,21300.1
2048,16,1,1024,21329.2
2048,16,1,2048,21411
2048,16,1,4096,22149.5
2048,16,1,8192,24649.2
2048,16,2,16,21324.9
2048,16,2,32,21302.9
2048,16,2,64,21307.3
2048,16,2,128,21391.7
2048,16,2,256,21335.2
2048,16,2,512,21348
2048,16,2,1024,21406.4
2048,16,2,2048,21497.5
2048,16,2,4096,22334.2
2048,16,2,8192,24511.4
2048,16,4,16,21333.9
2048,16,4,32,21347.3
2048,16,4,64,21297.7
2048,16,4,128,21299.2
2048,16,4,256,21364.7
2048,16,4,512,21420.3
2048,16,4,1024,21458.6
2048,16,4,2048,21618.9
2048,16,4,4096,22771.7
2048,16,4,8192,25015
2048,16,8,16,21339.1
2048,16,8,32,21370.4
2048,16,8,64,21311.5
2048,16,8,128,21375.3
2048,16,8,256,21397.5
2048,16,8,512,21424.4
2048,16,8,1024,21593.9
2048,16,8,2048,21975.5
2048,16,8,4096,23856.7
2048,16,8,8192,28161.9
2048,16,16,16,21336.6
2048,16,16,32,21391.2
2048,16,16,64,21396.5
2048,16,16,128,21401.7
2048,16,16,256,21453.8
2048,16,16,512,21587.3
2048,16,16,1024,21822.8
2048,16,16,2048,22544.6
2048,16,16,4096,25317.9
2048,16,16,8192,30288.3
2048,16,32,16,21338.4
2048,16,32,32,21390.9
2048,16,32,64,21450.2
2048,16,32,128,21503
2048,16,32,256,21598
2048,16,32,512,21939.3
2048,16,32,1024,22455.7
2048,16,32,2048,23842.5
2048,16,32,4096,27509.6
2048,16,32,8192,34702.1
2048,16,64,16,21389.2
2048,16,64,32,21430.7
2048,16,64,64,21505.9
2048,16,64,128,21625.5
2048,16,64,256,21941.7
2048,16,64,512,22526.1
2048,16,64,1024,23631.7
2048,16,64,2048,26348.4
2048,16,64,4096,32317
2048,16,64,8192,44143.8
2048,16,128,16,21510.8
2048,16,128,32,21563.6
2048,16,128,64,21684.9
2048,16,128,128,22021.1
2048,16,128,256,22540.4
2048,16,128,512,23678.3
2048,16,128,1024,26104.5
2048,16,128,2048,31455
2048,16,128,4096,41661.4
2048,16,128,8192,62263.9
2048,32,0,0,21621.3
2048,32,1,16,21566.5
2048,32,1,32,21622.2
2048,32,1,64,21580.8
2048,32,1,128,21545.5
2048,32,1,256,21625.5
2048,32,1,512,21608.8
2048,32,1,1024,21687.2
2048,32,1,2048,21740
2048,32,1,4096,22516.5
2048,32,1,8192,24504.3
2048,32,2,16,21529
2048,32,2,32,21624.3
2048,32,2,64,21640.9
2048,32,2,128,21633.3
2048,32,2,256,21652.8
2048,32,2,512,21626.5
2048,32,2,1024,21693.4
2048,32,2,2048,21794.3
2048,32,2,4096,22803.6
2048,32,2,8192,24987.2
2048,32,4,16,21602.3
2048,32,4,32,21625
2048,32,4,64,21622.8
2048,32,4,128,21665.1
2048,32,4,256,21680.6
2048,32,4,512,21636
2048,32,4,1024,21739
2048,32,4,2048,21968.4
2048,32,4,4096,23233.1
2048,32,4,8192,25464
2048,32,8,16,21664.2
2048,32,8,32,21628.4
2048,32,8,64,21673.8
2048,32,8,128,21660.9
2048,32,8,256,21727.9
2048,32,8,512,21784.5
2048,32,8,1024,21866.7
2048,32,8,2048,22251
2048,32,8,4096,24162.9
2048,32,8,8192,27460.2
2048,32,16,16,21641.3
2048,32,16,32,21667.8
2048,32,16,64,21671.8
2048,32,16,128,21738.1
2048,32,16,256,21813.1
2048,32,16,512,21922.9
2048,32,16,1024,22101.4
2048,32,16,2048,22846.7
2048,32,16,4096,25574.7
2048,32,16,8192,30584.1
2048,32,32,16,21673.1
2048,32,32,32,21708.1
2048,32,32,64,21763.6
2048,32,32,128,21831.4
2048,32,32,256,21943.8
2048,32,32,512,22194.8
2048,32,32,1024,22770.7
2048,32,32,2048,24154.8
2048,32,32,4096,27813.4
2048,32,32,8192,35010.9
2048,32,64,16,21738.1
2048,32,64,32,21760.9
2048,32,64,64,21863.3
2048,32,64,128,22015.3
2048,32,64,256,22233.9
2048,32,64,512,22825.1
2048,32,64,1024,23871.9
2048,32,64,2048,26666.8
2048,32,64,4096,32678.2
2048,32,64,8192,44408
2048,32,128,16,21788.6
2048,32,128,32,21945.7
2048,32,128,64,22086.3
2048,32,128,128,22319
2048,32,128,256,22828.7
2048,32,128,512,23983.6
2048,32,128,1024,26368.3
2048,32,128,2048,31761.6
2048,32,128,4096,42001.3
2048,32,128,8192,62566.9
2048,64,0,0,22237
2048,64,1,16,22262.4
2048,64,1,32,22278
2048,64,1,64,22251.3
2048,64,1,128,22272.2
2048,64,1,256,22280.4
2048,64,1,512,22238
2048,64,1,1024,22284.9
2048,64,1,2048,22346.3
2048,64,1,4096,23000.1
2048,64,1,8192,24886
2048,64,2,16,22245.9
2048,64,2,32,22264.9
2048,64,2,64,22280.7
2048,64,2,128,22256.9
2048,64,2,256,22285
2048,64,2,512,22285.3
2048,64,2,1024,22314.3
2048,64,2,2048,22379
2048,64,2,4096,23095.8
2048,64,2,8192,25366.5
2048,64,4,16,22248.6
2048,64,4,32,22243.9
2048,64,4,64,22194.7
2048,64,4,128,22263.5
2048,64,4,256,22298.5
2048,64,4,512,22330.3
2048,64,4,1024,22402.8
2048,64,4,2048,22562
2048,64,4,4096,23706.1
2048,64,4,8192,27287.4
2048,64,8,16,22259.5
2048,64,8,32,22266.1
2048,64,8,64,22265.5
2048,64,8,128,22266.4
2048,64,8,256,22329.3
2048,64,8,512,22412.8
2048,64,8,1024,22542.7
2048,64,8,2048,22826.7
2048,64,8,4096,24774.4
2048,64,8,8192,29108.4
2048,64,16,16,22282.4
2048,64,16,32,22290.1
2048,64,16,64,22296.4
2048,64,16,128,22322.6
2048,64,16,256,22430.5
2048,64,16,512,22549
2048,64,16,1024,22755
2048,64,16,2048,23481.7
2048,64,16,4096,26196.6
2048,64,16,8192,30732.2
2048,64,32,16,22299.4
2048,64,32,32,22346.2
2048,64,32,64,22371.9
2048,64,32,128,22418.4
2048,64,32,256,22522.7
2048,64,32,512,22837.2
2048,64,32,1024,23366.6
2048,64,32,2048,24753.2
2048,64,32,4096,28424
2048,64,32,8192,35633.6
2048,64,64,16,22315
2048,64,64,32,22399.6
2048,64,64,64,22490.5
2048,64,64,128,22575.3
2048,64,64,256,22860.9
2048,64,64,512,23433.3
2048,64,64,1024,24522.5
2048,64,64,2048,27291.6
2048,64,64,4096,33221.1
2048,64,64,8192,45092.6
2048,64,128,16,22430.5
2048,64,128,32,22554.4
2048,64,128,64,22683.7
2048,64,128,128,22967.3
2048,64,128,256,23515.6
2048,64,128,512,24623.7
2048,64,128,1024,27047
2048,64,128,2048,32369.4
2048,64,128,4096,42605.6
2048,64,128,8192,63136.6
2048,128,0,0,23482
2048,128,1,16,23528.7
2048,128,1,32,23484.8
2048,128,1,64,23508.9
2048,128,1,128,23516.1
2048,128,1,256,23494.1
2048,128,1,512,23547
2048,128,1,1024,23496.5
2048,128,1,2048,23560.3
2048,128,1,4096,24146.9
2048,128,1,8192,26070.7
2048,128,2,16,23509.4
2048,128,2,32,23494.6
2048,128,2,64,23479.1
2048,128,2,128,23479.5
2048,128,2,256,23497.1
2048,128,2,512,23564.4
2048,128,2,1024,23582.6
2048,128,2,2048,23661.4
2048,128,2,4096,24584.5
2048,128,2,8192,26785.7
2048,128,4,16,23503.2
2048,128,4,32,23514.2
2048,128,4,64,23531.9
2048,128,4,128,23502.6
2048,128,4,256,23526.2
2048,128,4,512,23577.3
2048,128,4,1024,23563.9
2048,128,4,2048,23802.1
2048,128,4,4096,25627.6
2048,128,4,8192,28639.2
2048,128,8,16,23503.7
2048,128,8,32,23520.3
2048,128,8,64,23515.8
2048,128,8,128,23530.6
2048,128,8,256,23596.5
2048,128,8,512,23576.6
2048,128,8,1024,23780.7
2048,128,8,2048,24080
2048,128,8,4096,25937.7
2048,128,8,8192,30270.4
2048,128,16,16,23525.2
2048,128,16,32,23552.3
2048,128,16,64,23559.6
2048,128,16,128,23593.1
2048,128,16,256,23608.1
2048,128,16,512,23799.7
2048,128,16,1024,24087
2048,128,16,2048,24726.6
2048,128,16,4096,27120.6
2048,128,16,8192,32465.7
2048,128,32,16,23545.5
2048,128,32,32,23570.9
2048,128,32,64,23612.7
2048,128,32,128,23679.1
2048,128,32,256,23841.5
2048,128,32,512,24087
2048,128,32,1024,24652.6
2048,128,32,2048,26022.4
2048,128,32,4096,29691.7
2048,128,32,8192,36975.6
2048,128,64,16,23575.6
2048,128,64,32,23618.9
2048,128,64,64,23704.5
2048,128,64,128,23858.6
2048,128,64,256,24146.8
2048,128,64,512,24722.7
2048,128,64,1024,25828.9
2048,128,64,2048,28540.9
2048,128,64,4096,34490.3
2048,128,64,8192,46395.8
2048,128,128,16,23706.2
2048,128,128,32,23767.2
2048,128,128,64,23946.5
2048,128,128,128,24255.1
2048,128,128,256,24791.2
2048,128,128,512,25908.4
2048,128,128,1024,28272.4
2048,128,128,2048,33663.4
2048,128,128,4096,43911.7
2048,128,128,8192,64318.3
2048,256,0,0,26070.7
2048,256,1,16,26023.3
2048,256,1,32,26061.3
2048,256,1,64,26047.8
2048,256,1,128,26050.3
2048,256,1,256,26078
2048,256,1,512,26092.1
2048,256,1,1024,26085.6
2048,256,1,2048,26133.7
2048,256,1,4096,26874.7
2048,256,1,8192,28946.3
2048,256,2,16,25996.9
2048,256,2,32,26067.4
2048,256,2,64,26047.8
2048,256,2,128,26046.9
2048,256,2,256,26067.2
2048,256,2,512,26093.2
2048,256,2,1024,26085.6
2048,256,2,2048,26168.4
2048,256,2,4096,26930
2048,256,2,8192,28862.4
2048,256,4,16,26070.7
2048,256,4,32,26053.3
2048,256,4,64,26050.4
2048,256,4,128,26079.8
2048,256,4,256,26082.9
2048,256,4,512,26122.6
2048,256,4,1024,26214.1
2048,256,4,2048,26349.9
2048,256,4,4096,27367.6
2048,256,4,8192,30978.4
2048,256,8,16,26031.2
2048,256,8,32,26055.7
2048,256,8,64,26072.4
2048,256,8,128,26101.4
2048,256,8,256,26085.9
2048,256,8,512,26199.8
2048,256,8,1024,26340.9
2048,256,8,2048,26630.2
2048,256,8,4096,28189.2
2048,256,8,8192,32762.3
2048,256,16,16,26068.2
2048,256,16,32,26088.7
2048,256,16,64,26122.2
2048,256,16,128,26154.3
2048,256,16,256,26169.7
2048,256,16,512,26392.7
2048,256,16,1024,26615.7
2048,256,16,2048,27192.8
2048,256,16,4096,29786.7
2048,256,16,8192,34336
2048,256,32,16,26091.8
2048,256,32,32,26119.3
2048,256,32,64,26168.3
2048,256,32,128,26250.1
2048,256,32,256,26355.6
2048,256,32,512,26659.2
2048,256,32,1024,27235.2
2048,256,32,2048,28413.8
2048,256,32,4096,32179.7
2048,256,32,8192,39379.9
2048,256,64,16,26138.4
2048,256,64,32,26203.3
2048,256,64,64,26266.6
2048,256,64,128,26415.9
2048,256,64,256,26647.9
2048,256,64,512,27231
2048,256,64,1024,28354.8
2048,256,64,2048,31015.7
2048,256,64,4096,36922
2048,256,64,8192,48824.5
2048,256,128,16,26189.6
2048,256,128,32,26379.3
2048,256,128,64,26525.9
2048,256,128,128,26808.7
2048,256,128,256,27294.1
2048,256,128,512,28401.4
2048,256,128,1024,30708.6
2048,256,128,2048,36116.3
2048,256,128,4096,46403.5
2048,256,128,8192,66945.5
2048,512,0,0,31085.8
2048,512,1,16,31123
2048,512,1,32,31114.4
2048,512,1,64,31126.4
2048,512,1,128,31086.2
2048,512,1,256,31150.7
2048,512,1,512,31134.1
2048,512,1,1024,31143.5
2048,512,1,2048,31200.6
2048,512,1,4096,31605.2
2048,512,1,8192,33412.2
2048,512,2,16,31134.4
2048,512,2,32,31146.3
2048,512,2,64,31171
2048,512,2,128,31074.4
2048,512,2,256,31135.5
2048,512,2,512,31164.4
2048,512,2,1024,31211.2
2048,512,2,2048,31259.1
2048,512,2,4096,31903.4
2048,512,2,8192,35323.2
2048,512,4,16,31154.5
2048,512,4,32,31148.2
2048,512,4,64,31106.1
2048,512,4,128,31142.5
2048,512,4,256,31167.2
2048,512,4,512,31205.6
2048,512,4,1024,31278.8
2048,512,4,2048,31430.8
2048,512,4,4096,32069
2048,512,4,8192,35404
2048,512,8,16,31094.9
2048,512,8,32,31107.9
2048,512,8,64,31129
2048,512,8,128,31177.1
2048,512,8,256,31223.9
2048,512,8,512,31259.8
2048,512,8,1024,31375
2048,512,8,2048,31691.6
2048,512,8,4096,33067
2048,512,8,8192,37690.9
2048,512,16,16,31076
2048,512,16,32,31180.1
2048,512,16,64,31176.2
2048,512,16,128,31195.9
2048,512,16,256,31325.8
2048,512,16,512,31428.9
2048,512,16,1024,31709.9
2048,512,16,2048,32240.5
2048,512,16,4096,34732.8
2048,512,16,8192,39884.9
2048,512,32,16,31162.4
2048,512,32,32,31183.3
2048,512,32,64,31250.3
2048,512,32,128,31334.8
2048,512,32,256,31458.3
2048,512,32,512,31707.5
2048,512,32,1024,32246.6
2048,512,32,2048,33423.1
2048,512,32,4096,37146.6
2048,512,32,8192,44512.3
2048,512,64,16,31234.3
2048,512,64,32,31296
2048,512,64,64,31365.9
2048,512,64,128,31491.8
2048,512,64,256,31763.3
2048,512,64,512,32297.5
2048,512,64,1024,33385.8
2048,512,64,2048,35951.5
2048,512,64,4096,41794.3
2048,512,64,8192,53477.8
2048,512,128,16,31328.9
2048,512,128,32,31436.8
2048,512,128,64,31598.2
2048,512,128,128,31819.6
2048,512,128,256,32387.9
2048,512,128,512,33459.5
2048,512,128,1024,35675.7
2048,512,128,2048,41149.2
2048,512,128,4096,51420.9
2048,512,128,8192,71902.3
2048,1024,0,0,41266.6
2048,1024,1,16,41271.8
2048,1024,1,32,41277.8
2048,1024,1,64,41215.6
2048,1024,1,128,41259.7
2048,1024,1,256,41291.2
2048,1024,1,512,41260.1
2048,1024,1,1024,41325.9
2048,1024,1,2048,41280.6
2048,1024,1,4096,41666.8
2048,1024,1,8192,43556.6
2048,1024,2,16,41242
2048,1024,2,32,41172.1
2048,1024,2,64,41210.9
2048,1024,2,128,41267
2048,1024,2,256,41228.2
2048,1024,2,512,41240.9
2048,1024,2,1024,41279.8
2048,1024,2,2048,41404.9
2048,1024,2,4096,42079.4
2048,1024,2,8192,44536.4
2048,1024,4,16,41158.6
2048,1024,4,32,41253.4
2048,1024,4,64,41307.1
2048,1024,4,128,41229.7
2048,1024,4,256,41339.4
2048,1024,4,512,41291.1
2048,1024,4,1024,41407.6
2048,1024,4,2048,41456.7
2048,1024,4,4096,42399.3
2048,1024,4,8192,45269.7
2048,1024,8,16,41237.9
2048,1024,8,32,41272.7
2048,1024,8,64,41299.5
2048,1024,8,128,41307
2048,1024,8,256,41252.4
2048,1024,8,512,41330.2
2048,1024,8,1024,41570.2
2048,1024,8,2048,41738.3
2048,1024,8,4096,43163.6
2048,1024,8,8192,46938
2048,1024,16,16,41263.9
2048,1024,16,32,41288.5
2048,1024,16,64,41336.7
2048,1024,16,128,41347.8
2048,1024,16,256,41423.7
2048,1024,16,512,41549
2048,1024,16,1024,41807.5
2048,1024,16,2048,42343.9
2048,1024,16,4096,44394.5
2048,1024,16,8192,49809.6
2048,1024,32,16,41252.1
2048,1024,32,32,41375.5
2048,1024,32,64,41381.9
2048,1024,32,128,41396.4
2048,1024,32,256,41581.5
2048,1024,32,512,41785.5
2048,1024,32,1024,42378
2048,1024,32,2048,43435.5
2048,1024,32,4096,46780.4
2048,1024,32,8192,54249
2048,1024,64,16,41344.8
2048,1024,64,32,41373.1
2048,1024,64,64,41492.6
2048,1024,64,128,41597.7
2048,1024,64,256,41841.5
2048,1024,64,512,42447.5
2048,1024,64,1024,43503.5
2048,1024,64,2048,45871.2
2048,1024,64,4096,51710.2
2048,1024,64,8192,63604.1
2048,1024,128,16,41432.1
2048,1024,128,32,41500.4
2048,1024,128,64,41653.5
2048,1024,128,128,41901.7
2048,1024,128,256,42392.5
2048,1024,128,512,43516.3
2048,1024,128,1024,45756.2
2048,1024,128,2048,51136.6
2048,1024,128,4096,61445.8
2048,1024,128,8192,81974.7
2048,2048,0,0,61362.6
2048,2048,1,16,61364.5
2048,2048,1,32,61468.1
2048,2048,1,64,61321.2
2048,2048,1,128,61386.4
2048,2048,1,256,61411.1
2048,2048,1,512,61332.8
2048,2048,1,1024,61438.7
2048,2048,1,2048,61439.5
2048,2048,1,4096,61644.7
2048,2048,1,8192,62590.5
2048,2048,2,16,61334.1
2048,2048,2,32,61490.8
2048,2048,2,64,61437.8
2048,2048,2,128,61480.7
2048,2048,2,256,61443.4
2048,2048,2,512,61458.1
2048,2048,2,1024,61396.7
2048,2048,2,2048,61588.5
2048,2048,2,4096,61704.1
2048,2048,2,8192,64256.4
2048,2048,4,16,61444.7
2048,2048,4,32,61416.5
2048,2048,4,64,61267.5
2048,2048,4,128,61382.7
2048,2048,4,256,61478.5
2048,2048,4,512,61476.6
2048,2048,4,1024,61432.2
2048,2048,4,2048,61754.8
2048,2048,4,4096,62063
2048,2048,4,8192,64430.2
2048,2048,8,16,61470.5
2048,2048,8,32,61506.2
2048,2048,8,64,61415
2048,2048,8,128,61461
2048,2048,8,256,61497
2048,2048,8,512,61529
2048,2048,8,1024,61612.7
2048,2048,8,2048,62006.7
2048,2048,8,4096,62686.6
2048,2048,8,8192,66442.2
2048,2048,16,16,61420.2
2048,2048,16,32,61406.9
2048,2048,16,64,61515.6
2048,2048,16,128,61419.8
2048,2048,16,256,61572.3
2048,2048,16,512,61668.2
2048,2048,16,1024,61993
2048,2048,16,2048,62458.6
2048,2048,16,4096,63916.9
2048,2048,16,8192,69213.2
2048,2048,32,16,61433.2
2048,2048,32,32,61423.6
2048,2048,32,64,61548
2048,2048,32,128,61620.4
2048,2048,32,256,61620
2048,2048,32,512,61884
2048,2048,32,1024,62484.8
2048,2048,32,2048,63646.3
2048,2048,32,4096,66362.4
2048,2048,32,8192,74115.6
2048,2048,64,16,61472.8
2048,2048,64,32,61482.6
2048,2048,64,64,61620.5
2048,2048,64,128,61675.9
2048,2048,64,256,61954.4
2048,2048,64,512,62467.5
2048,2048,64,1024,63656.3
2048,2048,64,2048,65856.1
2048,2048,64,4096,71448.4
2048,2048,64,8192,83465.9
2048,2048,128,16,61495.1
2048,2048,128,32,61719.3
2048,2048,128,64,61801.5
2048,2048,128,128,62006.1
2048,2048,128,256,62524.1
2048,2048,128,512,63761.4
2048,2048,128,1024,66061.8
2048,2048,128,2048,70889.9
2048,2048,128,4096,81555.7
2048,2048,128,8192,102034
2048,4096,0,0,101621
2048,4096,1,16,101524
2048,4096,1,32,101586
2048,4096,1,64,101586
2048,4096,1,128,101497
2048,4096,1,256,101579
2048,4096,1,512,101618
2048,4096,1,1024,101514
2048,4096,1,2048,101683
2048,4096,1,4096,101707
2048,4096,1,8192,102133
2048,4096,2,16,101652
2048,4096,2,32,101505
2048,4096,2,64,101535
2048,4096,2,128,101639
2048,4096,2,256,101642
2048,4096,2,512,101608
2048,4096,2,1024,101603
2048,4096,2,2048,101640
2048,4096,2,4096,101858
2048,4096,2,8192,102780
2048,4096,4,16,101535
2048,4096,4,32,101652
2048,4096,4,64,101623
2048,4096,4,128,101613
2048,4096,4,256,101690
2048,4096,4,512,101626
2048,4096,4,1024,101693
2048,4096,4,2048,101932
2048,4096,4,4096,102193
2048,4096,4,8192,103853
2048,4096,8,16,101584
2048,4096,8,32,101572
2048,4096,8,64,101600
2048,4096,8,128,101553
2048,4096,8,256,101586
2048,4096,8,512,101568
2048,4096,8,1024,101889
2048,4096,8,2048,102175
2048,4096,8,4096,102621
2048,4096,8,8192,105256
2048,4096,16,16,101664
2048,4096,16,32,101612
2048,4096,16,64,101670
2048,4096,16,128,101558
2048,4096,16,256,101640
2048,4096,16,512,101791
2048,4096,16,1024,102113
2048,4096,16,2048,102709
2048,4096,16,4096,103912
2048,4096,16,8192,107624
2048,4096,32,16,101636
2048,4096,32,32,101709
2048,4096,32,64,101669
2048,4096,32,128,101615
2048,4096,32,256,101931
2048,4096,32,512,102077
2048,4096,32,1024,102703
2048,4096,32,2048,104079
2048,4096,32,4096,106321
2048,4096,32,8192,113277
2048,4096,64,16,101620
2048,4096,64,32,101609
2048,4096,64,64,101778
2048,4096,64,128,101753
2048,4096,64,256,102168
2048,4096,64,512,102688
2048,4096,64,1024,103930
2048,4096,64,2048,106355
2048,4096,64,4096,111008
2048,4096,64,8192,122227
2048,4096,128,16,101719
2048,4096,128,32,101831
2048,4096,128,64,102070
2048,4096,128,128,102286
2048,4096,128,256,102804
2048,4096,128,512,103992
2048,4096,128,1024,106528
2048,4096,128,2048,111065
2048,4096,128,4096,121634
2048,4096,128,8192,142156
2048,8192,0,0,182303
2048,8192,1,16,182347
2048,8192,1,32,182227
2048,8192,1,64,182281
2048,8192,1,128,182358
2048,8192,1,256,182289
2048,8192,1,512,182294
2048,8192,1,1024,182348
2048,8192,1,2048,182303
2048,8192,1,4096,182488
2048,8192,1,8192,182479
2048,8192,2,16,182314
2048,8192,2,32,182333
2048,8192,2,64,182255
2048,8192,2,128,182266
2048,8192,2,256,182356
2048,8192,2,512,182316
2048,8192,2,1024,182389
2048,8192,2,2048,182476
2048,8192,2,4096,182476
2048,8192,2,8192,182703
2048,8192,4,16,182362
2048,8192,4,32,182194
2048,8192,4,64,182389
2048,8192,4,128,182371
2048,8192,4,256,182198
2048,8192,4,512,182302
2048,8192,4,1024,182397
2048,8192,4,2048,182543
2048,8192,4,4096,182683
2048,8192,4,8192,182765
2048,8192,8,16,182335
2048,8192,8,32,182363
2048,8192,8,64,182323
2048,8192,8,128,182336
2048,8192,8,256,182378
2048,8192,8,512,182389
2048,8192,8,1024,182618
2048,8192,8,2048,182917
2048,8192,8,4096,183402
2048,8192,8,8192,183574
2048,8192,16,16,182370
2048,8192,16,32,182161
2048,8192,16,64,182364
2048,8192,16,128,182420
2048,8192,16,256,182364
2048,8192,16,512,182498
2048,8192,16,1024,182857
2048,8192,16,2048,183277
2048,8192,16,4096,184524
2048,8192,16,8192,187723
2048,8192,32,16,182340
2048,8192,32,32,182281
2048,8192,32,64,182354
2048,8192,32,128,182453
2048,8192,32,256,182588
2048,8192,32,512,182893
2048,8192,32,1024,183409
2048,8192,32,2048,184641
2048,8192,32,4096,186961
2048,8192,32,8192,192605
2048,8192,64,16,182457
2048,8192,64,32,182471
2048,8192,64,64,182451
2048,8192,64,128,182667
2048,8192,64,256,182941
2048,8192,64,512,183482
2048,8192,64,1024,184668
2048,8192,64,2048,187086
2048,8192,64,4096,191929
2048,8192,64,8192,201153
2048,8192,128,16,182484
2048,8192,128,32,182542
2048,8192,128,64,182587
2048,8192,128,128,182956
2048,8192,128,256,183581
2048,8192,128,512,184764
2048,8192,128,1024,187177
2048,8192,128,2048,192251
2048,8192,128,4096,201020
2048,8192,128,8192,222058
