prefill_chunk,kv_prefill,n_decode,kv_decode,time_us
0,0,1,16,28.725
0,0,1,32,33.1197
0,0,1,64,28.2013
0,0,1,128,28.138
0,0,1,256,36.6927
0,0,1,512,60.2773
0,0,1,1024,90.3033
0,0,1,2048,149.257
0,0,1,4096,265.757
0,0,1,8192,498.96
0,0,2,16,27.4237
0,0,2,32,26.9973
0,0,2,64,27.0937
0,0,2,128,31.605
0,0,2,256,46.453
0,0,2,512,84.478
0,0,2,1024,126.303
0,0,2,2048,210.995
0,0,2,4096,389.895
0,0,2,8192,858.124
0,0,4,16,26.827
0,0,4,32,31.498
0,0,4,64,39.8613
0,0,4,128,54.6667
0,0,4,256,78.8573
0,0,4,512,128.105
0,0,4,1024,234.59
0,0,4,2048,403.792
0,0,4,4096,750.487
0,0,4,8192,1658.99
0,0,8,16,36.1387
0,0,8,32,43.135
0,0,8,64,58.826
0,0,8,128,83.4763
0,0,8,256,129.534
0,0,8,512,226.653
0,0,8,1024,418.705
0,0,8,2048,787.671
0,0,8,4096,1475.3
0,0,8,8192,3050.81
0,0,16,16,57.493
0,0,16,32,69.652
0,0,16,64,94.4203
0,0,16,128,142.963
0,0,16,256,233.341
0,0,16,512,422.409
0,0,16,1024,792.194
0,0,16,2048,1526.8
0,0,16,4096,2947.55
0,0,16,8192,5930.16
0,0,32,16,74.911
0,0,32,32,125.098
0,0,32,64,178.142
0,0,32,128,287.751
0,0,32,256,499.952
0,0,32,512,930.133
0,0,32,1024,1785.22
0,0,32,2048,3497.18
0,0,32,4096,6928.97
0,0,32,8192,13773.9
0,0,64,16,116.148
0,0,64,32,213.598
0,0,64,64,309.405
0,0,64,128,539.438
0,0,64,256,884.524
0,0,64,512,1838.17
0,0,64,1024,3424.53
0,0,64,2048,6966.77
0,0,64,4096,13807.9
0,0,64,8192,26747.8
0,0,128,16,195.262
0,0,128,32,355.889
0,0,128,64,601.316
0,0,128,128,978.483
0,0,128,256,1723.84
0,0,128,512,3222.14
0,0,128,1024,6210.19
0,0,128,2048,12200.4
0,0,128,4096,22489.8
0,0,128,8192,37783.5
0,0,256,16,302.696
0,0,256,32,564.804
0,0,256,64,832.054
0,0,256,128,1332.67
0,0,256,256,2366.23
0,0,256,512,4398.62
0,0,256,1024,8490.31
0,0,256,2048,16633.4
0,0,256,4096,31145.9
0,0,256,8192,52548.6
16,0,0,0,18.965
16,0,1,16,18.5707
16,0,1,32,24.2877
16,0,1,64,33.6537
16,0,1,128,52.5117
16,0,1,256,89.9613
16,0,1,512,165.054
16,0,1,1024,315.719
16,0,1,2048,617.241
16,0,1,4096,1219.3
16,0,1,8192,2423.48
16,0,2,16,18.933
16,0,2,32,44.6827
16,0,2,64,61.119
16,0,2,128,94.186
16,0,2,256,159.112
16,0,2,512,289.8
16,0,2,1024,551.408
16,0,2,2048,1076.89
16,0,2,4096,2118.77
16,0,2,8192,4207.02
16,0,4,16,29.5997
16,0,4,32,44.7787
16,0,4,64,61.109
16,0,4,128,93.556
16,0,4,256,158.025
16,0,4,512,287.718
16,0,4,1024,546.18
16,0,4,2048,1063.65
16,0,4,4096,2098.34
16,0,4,8192,4169.69
16,0,8,16,38.1967
16,0,8,32,66.2713
16,0,8,64,93.673
16,0,8,128,146.462
16,0,8,256,255.091
16,0,8,512,470.235
16,0,8,1024,899.212
16,0,8,2048,1761.08
16,0,8,4096,3485.79
16,0,8,8192,6927.1
16,0,16,16,39.6583
16,0,16,32,69.002
16,0,16,64,99.5617
16,0,16,128,150.804
16,0,16,256,258.365
16,0,16,512,474.406
16,0,16,1024,905.964
16,0,16,2048,1770.72
16,0,16,4096,3499.01
16,0,16,8192,6940.71
16,0,32,16,71.5407
16,0,32,32,126.271
16,0,32,64,180.553
16,0,32,128,287.336
16,0,32,256,501.894
16,0,32,512,930.677
16,0,32,1024,1790.34
16,0,32,2048,3507.67
16,0,32,4096,6922.51
16,0,32,8192,13773
16,0,64,16,101.855
16,0,64,32,180.265
16,0,64,64,260.488
16,0,64,128,450.001
16,0,64,256,752.45
16,0,64,512,1485.68
16,0,64,1024,2685.12
16,0,64,2048,5627.63
16,0,64,4096,11144.9
16,0,64,8192,22193.5
16,0,128,16,167.273
16,0,128,32,304.253
16,0,128,64,444.763
16,0,128,128,721.293
16,0,128,256,1268.64
16,0,128,512,2366.97
16,0,128,1024,4553.38
16,0,128,2048,8937.99
16,0,128,4096,17687.8
16,0,128,8192,31128.7
16,16,0,0,20.81
16,16,1,16,19.1573
16,16,1,32,24.7997
16,16,1,64,34.6023
16,16,1,128,85.226
16,16,1,256,146.857
16,16,1,512,269.712
16,16,1,1024,515.835
16,16,1,2048,1008.26
16,16,1,4096,1993.06
16,16,1,8192,4068.94
16,16,2,16,29.77
16,16,2,32,45.162
16,16,2,64,61.0023
16,16,2,128,94.3877
16,16,2,256,159.518
16,16,2,512,290.183
16,16,2,1024,551.599
16,16,2,2048,1073.66
16,16,2,4096,2118.88
16,16,2,8192,4207.54
16,16,4,16,29.728
16,16,4,32,45.109
16,16,4,64,61.823
16,16,4,128,93.7053
16,16,4,256,158.665
16,16,4,512,287.73
16,16,4,1024,546.778
16,16,4,2048,1064.53
16,16,4,4096,2099.9
16,16,4,8192,4171.39
16,16,8,16,38.432
16,16,8,32,66.463
16,16,8,64,93.9073
16,16,8,128,146.793
16,16,8,256,255.549
16,16,8,512,469.68
16,16,8,1024,900.672
16,16,8,2048,1763.13
16,16,8,4096,3480.24
16,16,8,8192,6933.88
16,16,16,16,40.1283
16,16,16,32,68.2767
16,16,16,64,95.9667
16,16,16,128,150.687
16,16,16,256,258.333
16,16,16,512,475.419
16,16,16,1024,905.451
16,16,16,2048,1767.64
16,16,16,4096,3498.9
16,16,16,8192,6946.47
16,16,32,16,70.9113
16,16,32,32,127.476
16,16,32,64,181.396
16,16,32,128,288.765
16,16,32,256,502.682
16,16,32,512,932.267
16,16,32,1024,1796.3
16,16,32,2048,3495.89
16,16,32,4096,6926.58
16,16,32,8192,13773.6
16,16,64,16,105.321
16,16,64,32,181.683
16,16,64,64,266.673
16,16,64,128,449.894
16,16,64,256,724.067
16,16,64,512,1485.09
16,16,64,1024,2598.89
16,16,64,2048,5626.31
16,16,64,4096,11143.7
16,16,64,8192,22199.2
16,16,128,16,168.798
16,16,128,32,301.437
16,16,128,64,445.338
16,16,128,128,721.741
16,16,128,256,1266.49
16,16,128,512,2366.98
16,16,128,1024,4548.38
16,16,128,2048,8935.7
16,16,128,4096,23956.5
16,16,128,8192,41684
16,32,0,0,38.5063
16,32,1,16,37.0453
16,32,1,32,37.2047
16,32,1,64,46.378
16,32,1,128,71.8717
16,32,1,256,123.849
16,32,1,512,227.539
16,32,1,1024,434.811
16,32,1,2048,849.751
16,32,1,4096,1679.99
16,32,1,8192,3339.89
16,32,2,16,37.365
16,32,2,32,37.5033
16,32,2,64,50.848
16,32,2,128,77.0867
16,32,2,256,130.356
16,32,2,512,237.523
16,32,2,1024,452.166
16,32,2,2048,880.374
16,32,2,4096,1736.55
16,32,2,8192,3448.45
16,32,4,16,37.4923
16,32,4,32,37.8987
16,32,4,64,51.157
16,32,4,128,77.8013
16,32,4,256,130.622
16,32,4,512,237.437
16,32,4,1024,449.638
16,32,4,2048,873.355
16,32,4,4096,1721.88
16,32,4,8192,3420.56
16,32,8,16,44.3517
16,32,8,32,55.2523
16,32,8,64,77.2153
16,32,8,128,121.161
16,32,8,256,210.045
16,32,8,512,385.744
16,32,8,1024,739.117
16,32,8,2048,1441.57
16,32,8,4096,2854.26
16,32,8,8192,5677.16
16,32,16,16,45.6533
16,32,16,32,56.628
16,32,16,64,81.0873
16,32,16,128,124.202
16,32,16,256,213.256
16,32,16,512,389.543
16,32,16,1024,743.821
16,32,16,2048,1453.26
16,32,16,4096,2868.42
16,32,16,8192,5699.08
16,32,32,16,73.6417
16,32,32,32,104.127
16,32,32,64,147.454
16,32,32,128,237.022
16,32,32,256,413.158
16,32,32,512,763.724
16,32,32,1024,1467.11
16,32,32,2048,2871.51
16,32,32,4096,5677.3
16,32,32,8192,11284.7
16,32,64,16,108.478
16,32,64,32,193.918
16,32,64,64,274.653
16,32,64,128,457.818
16,32,64,256,749.879
16,32,64,512,1507.44
16,32,64,1024,2814.71
16,32,64,2048,5708.8
16,32,64,4096,10934.3
16,32,64,8192,21812.1
16,32,128,16,174.014
16,32,128,32,415.515
16,32,128,64,606.223
16,32,128,128,980.554
16,32,128,256,1728.49
16,32,128,512,3225.78
16,32,128,1024,6225.29
16,32,128,2048,12203
16,32,128,4096,24109.1
16,32,128,8192,40970.4
16,64,0,0,47.381
16,64,1,16,46.3453
16,64,1,32,46.3033
16,64,1,64,46.4317
16,64,1,128,69.109
16,64,1,256,112.981
16,64,1,512,207.722
16,64,1,1024,397.212
16,64,1,2048,779.672
16,64,1,4096,1533.25
16,64,1,8192,3046.57
16,64,2,16,50.3143
16,64,2,32,46.1007
16,64,2,64,47.1673
16,64,2,128,70.8043
16,64,2,256,118.783
16,64,2,512,215.816
16,64,2,1024,410.31
16,64,2,2048,798.22
16,64,2,4096,1574.62
16,64,2,8192,3125.06
16,64,4,16,46.73
16,64,4,32,46.9967
16,64,4,64,47.1247
16,64,4,128,71.1677
16,64,4,256,118.921
16,64,4,512,215.454
16,64,4,1024,407.569
16,64,4,2048,796.568
16,64,4,4096,1567.21
16,64,4,8192,3117.62
16,64,8,16,52.373
16,64,8,32,62.1217
16,64,8,64,71.1667
16,64,8,128,110.506
16,64,8,256,191.144
16,64,8,512,350.94
16,64,8,1024,673.635
16,64,8,2048,1317.62
16,64,8,4096,2605.91
16,64,8,8192,5176.64
16,64,16,16,53.6527
16,64,16,32,63.1463
16,64,16,64,73.4073
16,64,16,128,113.14
16,64,16,256,193.843
16,64,16,512,354.759
16,64,16,1024,678.605
16,64,16,2048,1323.09
16,64,16,4096,2610.3
16,64,16,8192,5186.93
16,64,32,16,89.5137
16,64,32,32,108.767
16,64,32,64,136.478
16,64,32,128,215.891
16,64,32,256,376.657
16,64,32,512,696.547
16,64,32,1024,1342.72
16,64,32,2048,2617.9
16,64,32,4096,5169.22
16,64,32,8192,10268.5
16,64,64,16,116.532
16,64,64,32,176.799
16,64,64,64,249.523
16,64,64,128,414.96
16,64,64,256,712.323
16,64,64,512,1835.63
16,64,64,1024,3538.93
16,64,64,2048,6960.97
16,64,64,4096,13799
16,64,64,8192,24958
16,64,128,16,205.95
16,64,128,32,348.668
16,64,128,64,501.488
16,64,128,128,805.729
16,64,128,256,1419.5
16,64,128,512,2645.98
16,64,128,1024,5102.58
16,64,128,2048,10005.8
16,64,128,4096,19305.8
16,64,128,8192,36081
16,128,0,0,56.0843
16,128,1,16,55.306
16,128,1,32,55.1787
16,128,1,64,54.9537
16,128,1,128,55.2307
16,128,1,256,88.266
16,128,1,512,161.919
16,128,1,1024,309.64
16,128,1,2048,605.06
16,128,1,4096,1194.36
16,128,1,8192,2373.96
16,128,2,16,55.306
16,128,2,32,54.8687
16,128,2,64,55.5087
16,128,2,128,55.658
16,128,2,256,93.215
16,128,2,512,168.468
16,128,2,1024,320.242
16,128,2,2048,623.257
16,128,2,4096,1228.55
16,128,2,8192,2441.16
16,128,4,16,55.615
16,128,4,32,60.1693
16,128,4,64,56.1807
16,128,4,128,56.181
16,128,4,256,93.706
16,128,4,512,169.523
16,128,4,1024,319.762
16,128,4,2048,619.62
16,128,4,4096,1221.18
16,128,4,8192,2425.91
16,128,8,16,59.423
16,128,8,32,67.0603
16,128,8,64,74.1113
16,128,8,128,86.9853
16,128,8,256,149.001
16,128,8,512,274.024
16,128,8,1024,523.888
16,128,8,2048,1023.59
16,128,8,4096,2023.34
16,128,8,8192,4021.14
16,128,16,16,68.34
16,128,16,32,68.3083
16,128,16,64,75.807
16,128,16,128,89.6313
16,128,16,256,151.294
16,128,16,512,276.819
16,128,16,1024,526.992
16,128,16,2048,1030.28
16,128,16,4096,2030.8
16,128,16,8192,4039.48
16,128,32,16,89.2897
16,128,32,32,114.996
16,128,32,64,131.156
16,128,32,128,168.851
16,128,32,256,502.213
16,128,32,512,936.352
16,128,32,1024,1794.03
16,128,32,2048,3505.98
16,128,32,4096,5145.78
16,128,32,8192,10211.6
16,128,64,16,152.831
16,128,64,32,262.056
16,128,64,64,353.724
16,128,64,128,559.823
16,128,64,256,943.403
16,128,64,512,1838.33
16,128,64,1024,3442.36
16,128,64,2048,6965.56
16,128,64,4096,13797.1
16,128,64,8192,22184
16,128,128,16,217.053
16,128,128,32,348.37
16,128,128,64,464.913
16,128,128,128,745.048
16,128,128,256,1307.12
16,128,128,512,2440.61
16,128,128,1024,4699.71
16,128,128,2048,9219.69
16,128,128,4096,18272.9
16,128,128,8192,31303.8
16,256,0,0,100.544
16,256,1,16,99.0493
16,256,1,32,99.754
16,256,1,64,99.465
16,256,1,128,103.316
16,256,1,256,99.711
16,256,1,512,174.089
16,256,1,1024,332.06
16,256,1,2048,648.975
16,256,1,4096,1282.05
16,256,1,8192,2547.48
16,256,2,16,99.476
16,256,2,32,99.199
16,256,2,64,99.7217
16,256,2,128,99.3907
16,256,2,256,100.564
16,256,2,512,181.406
16,256,2,1024,344.497
16,256,2,2048,671.491
16,256,2,4096,1324.83
16,256,2,8192,2631.14
16,256,4,16,99.53
16,256,4,32,100.052
16,256,4,64,99.9567
16,256,4,128,100.351
16,256,4,256,100.777
16,256,4,512,182.206
16,256,4,1024,343.517
16,256,4,2048,666.904
16,256,4,4096,1314.1
16,256,4,8192,2609.21
16,256,8,16,103.966
16,256,8,32,111.295
16,256,8,64,119.978
16,256,8,128,132.628
16,256,8,256,165.193
16,256,8,512,294.791
16,256,8,1024,563.248
16,256,8,2048,1099.06
16,256,8,4096,2173.88
16,256,8,8192,4321.3
16,256,16,16,105.503
16,256,16,32,113.279
16,256,16,64,121.396
16,256,16,128,135.123
16,256,16,256,162.877
16,256,16,512,297.991
16,256,16,1024,567.567
16,256,16,2048,1105.68
16,256,16,4096,2183.2
16,256,16,8192,4339.72
16,256,32,16,269.33
16,256,32,32,293.597
16,256,32,64,294.034
16,256,32,128,348.956
16,256,32,256,502.907
16,256,32,512,931.531
16,256,32,1024,1794.25
16,256,32,2048,3497.81
16,256,32,4096,6921.62
16,256,32,8192,13776.3
16,256,64,16,310.066
16,256,64,32,370.577
16,256,64,64,456.09
16,256,64,128,620.014
16,256,64,256,982.336
16,256,64,512,1836.65
16,256,64,1024,3288.88
16,256,64,2048,6966.28
16,256,64,4096,13300.2
16,256,64,8192,22521.5
16,256,128,16,302.247
16,256,128,32,408.315
16,256,128,64,528.453
16,256,128,128,736.621
16,256,128,256,1296.79
16,256,128,512,2405.99
16,256,128,1024,4633.3
16,256,128,2048,9096.27
16,256,128,4096,17343.3
16,256,128,8192,29018.8
16,512,0,0,165.865
16,512,1,16,164.532
16,512,1,32,164.436
16,512,1,64,164.766
16,512,1,128,164.979
16,512,1,256,164.905
16,512,1,512,165.108
16,512,1,1024,305.244
16,512,1,2048,595.887
16,512,1,4096,1176.12
16,512,1,8192,2338.23
16,512,2,16,164.99
16,512,2,32,164.51
16,512,2,64,164.66
16,512,2,128,164.584
16,512,2,256,164.329
16,512,2,512,166.868
16,512,2,1024,314.332
16,512,2,2048,614.564
16,512,2,4096,1213.51
16,512,2,8192,2412.3
16,512,4,16,165.001
16,512,4,32,165.663
16,512,4,64,165.363
16,512,4,128,166.025
16,512,4,256,165.715
16,512,4,512,167.081
16,512,4,1024,316.125
16,512,4,2048,613.039
16,512,4,4096,1207.11
16,512,4,8192,2395.77
16,512,8,16,168.436
16,512,8,32,176.243
16,512,8,64,183.465
16,512,8,128,194.92
16,512,8,256,219.517
16,512,8,512,271.4
16,512,8,1024,516.709
16,512,8,2048,1009.6
16,512,8,4096,3483.44
16,512,8,8192,6933.97
16,512,16,16,296.284
16,512,16,32,308.285
16,512,16,64,322.193
16,512,16,128,341.948
16,512,16,256,385.799
16,512,16,512,478.406
16,512,16,1024,905.892
16,512,16,2048,1766.65
16,512,16,4096,3498.29
16,512,16,8192,6942.1
16,512,32,16,484.112
16,512,32,32,457.862
16,512,32,64,527.525
16,512,32,128,541.253
16,512,32,256,657.806
16,512,32,512,935.681
16,512,32,1024,1797.3
16,512,32,2048,3505.68
16,512,32,4096,6937.7
16,512,32,8192,13775
16,512,64,16,411.291
16,512,64,32,485.807
16,512,64,64,469.808
16,512,64,128,620.249
16,512,64,256,832.567
16,512,64,512,1489.95
16,512,64,1024,2813.86
16,512,64,2048,5624.61
16,512,64,4096,11144.7
16,512,64,8192,19326.6
16,512,128,16,333.884
16,512,128,32,416.881
16,512,128,64,521.412
16,512,128,128,729.399
16,512,128,256,1068.23
16,512,128,512,1980.7
16,512,128,1024,3795.96
16,512,128,2048,7448.27
16,512,128,4096,14744
16,512,128,8192,27679.8
16,1024,0,0,309.639
16,1024,1,16,307.763
16,1024,1,32,308.059
16,1024,1,64,308.284
16,1024,1,128,308.051
16,1024,1,256,308.029
16,1024,1,512,308.145
16,1024,1,1024,308.21
16,1024,1,2048,589.796
16,1024,1,4096,1165
16,1024,1,8192,2317.92
16,1024,2,16,308.658
16,1024,2,32,308.338
16,1024,2,64,308.285
16,1024,2,128,308.104
16,1024,2,256,308.135
16,1024,2,512,307.923
16,1024,2,1024,311.698
16,1024,2,2048,605.604
16,1024,2,4096,1198.16
16,1024,2,8192,2384.64
16,1024,4,16,308.562
16,1024,4,32,543.642
16,1024,4,64,544.26
16,1024,4,128,547.024
16,1024,4,256,544.047
16,1024,4,512,544.347
16,1024,4,1024,545.744
16,1024,4,2048,1062.49
16,1024,4,4096,2095.68
16,1024,4,8192,4164.35
16,1024,8,16,552.613
16,1024,8,32,567.82
16,1024,8,64,577.114
16,1024,8,128,598.82
16,1024,8,256,641.668
16,1024,8,512,727.996
16,1024,8,1024,901.276
16,1024,8,2048,1759.77
16,1024,8,4096,3482.71
16,1024,8,8192,6928.57
16,1024,16,16,553.701
16,1024,16,32,566.671
16,1024,16,64,578.158
16,1024,16,128,600.068
16,1024,16,256,644.099
16,1024,16,512,729.079
16,1024,16,1024,904.395
16,1024,16,2048,1765.34
16,1024,16,4096,3492.77
16,1024,16,8192,6943.76
16,1024,32,16,806.273
16,1024,32,32,954.859
16,1024,32,64,953.259
16,1024,32,128,932.246
16,1024,32,256,1072.99
16,1024,32,512,1239.9
16,1024,32,1024,1795.89
16,1024,32,2048,3501.22
16,1024,32,4096,6926.6
16,1024,32,8192,13779.2
16,1024,64,16,776.588
16,1024,64,32,826.839
16,1024,64,64,851.937
16,1024,64,128,1020.26
16,1024,64,256,1119.93
16,1024,64,512,1722.03
16,1024,64,1024,2865.66
16,1024,64,2048,5622.96
16,1024,64,4096,10860.3
16,1024,64,8192,19846.2
16,1024,128,16,639.673
16,1024,128,32,728.942
16,1024,128,64,801.197
16,1024,128,128,968.042
16,1024,128,256,1375.15
16,1024,128,512,2123.25
16,1024,128,1024,4076.99
16,1024,128,2048,7978.56
16,1024,128,4096,15789.5
16,1024,128,8192,29212.8
16,2048,0,0,599.482
16,2048,1,16,598.607
16,2048,1,32,599.054
16,2048,1,64,598.788
16,2048,1,128,598.735
16,2048,1,256,598.766
16,2048,1,512,598.745
16,2048,1,1024,598.905
16,2048,1,2048,1057.63
16,2048,1,4096,2045.45
16,2048,1,8192,4066.99
16,2048,2,16,1057.65
16,2048,2,32,1057.26
16,2048,2,64,1057.15
16,2048,2,128,1057.4
16,2048,2,256,1057.32
16,2048,2,512,1057.1
16,2048,2,1024,1057.1
16,2048,2,2048,1061.52
16,2048,2,4096,2099.27
16,2048,2,8192,4183.93
16,2048,4,16,1057.76
16,2048,4,32,1057.76
16,2048,4,64,1058.46
16,2048,4,128,1058.53
16,2048,4,256,1058.41
16,2048,4,512,1058.3
16,2048,4,1024,1058.44
16,2048,4,2048,1061.88
16,2048,4,4096,2095.34
16,2048,4,8192,4164.54
16,2048,8,16,1067.24
16,2048,8,32,1080.25
16,2048,8,64,1091.95
16,2048,8,128,1112.88
16,2048,8,256,1154.88
16,2048,8,512,1241.5
16,2048,8,1024,1417
16,2048,8,2048,1766.22
16,2048,8,4096,3483.67
16,2048,8,8192,6929.7
16,2048,16,16,1067.81
16,2048,16,32,1081.02
16,2048,16,64,1092.4
16,2048,16,128,1114.78
16,2048,16,256,1157.87
16,2048,16,512,1243.85
16,2048,16,1024,1418.24
16,2048,16,2048,1768.31
16,2048,16,4096,3497.03
16,2048,16,8192,6943.24
16,2048,32,16,1772.99
16,2048,32,32,1799.61
16,2048,32,64,1818.37
16,2048,32,128,1867.7
16,2048,32,256,1850.35
16,2048,32,512,2210.74
16,2048,32,1024,2527
16,2048,32,2048,3511.63
16,2048,32,4096,6925.57
16,2048,32,8192,13774.2
16,2048,64,16,1518.49
16,2048,64,32,1553.38
16,2048,64,64,1632.82
16,2048,64,128,1727.36
16,2048,64,256,1800.02
16,2048,64,512,2250.34
16,2048,64,1024,3148.47
16,2048,64,2048,5804.29
16,2048,64,4096,11486.7
16,2048,64,8192,19334.2
16,2048,128,16,1210.62
16,2048,128,32,1244.55
16,2048,128,64,1372.42
16,2048,128,128,1315.11
16,2048,128,256,1911.47
16,2048,128,512,2778.06
16,2048,128,1024,4001.8
16,2048,128,2048,7806.52
16,2048,128,4096,17382.5
16,2048,128,8192,29778.1
16,4096,0,0,1205.59
16,4096,1,16,1204.45
16,4096,1,32,1204.67
16,4096,1,64,1204.63
16,4096,1,128,1204.36
16,4096,1,256,1204.31
16,4096,1,512,1204.34
16,4096,1,1024,1208.75
16,4096,1,2048,1204.67
16,4096,1,4096,1204.6
16,4096,1,8192,2362.95
16,4096,2,16,1204.81
16,4096,2,32,1204.79
16,4096,2,64,1204.41
16,4096,2,128,1204.77
16,4096,2,256,1204.53
16,4096,2,512,1204.68
16,4096,2,1024,1204.87
16,4096,2,2048,1204.83
16,4096,2,4096,1217.84
16,4096,2,8192,2418.19
16,4096,4,16,1205.08
16,4096,4,32,1205.24
16,4096,4,64,1206.29
16,4096,4,128,1206.05
16,4096,4,256,1205.59
16,4096,4,512,1205.92
16,4096,4,1024,1205.76
16,4096,4,2048,1205.74
16,4096,4,4096,1219.41
16,4096,4,8192,2420.36
16,4096,8,16,1212.84
16,4096,8,32,1216.06
16,4096,8,64,1223.13
16,4096,8,128,1236.94
16,4096,8,256,1261.17
16,4096,8,512,1309.77
16,4096,8,1024,1411.09
16,4096,8,2048,1611.47
16,4096,8,4096,2020.95
16,4096,8,8192,4002.57
16,4096,16,16,1210.85
16,4096,16,32,1217.72
16,4096,16,64,1225.64
16,4096,16,128,1238.48
16,4096,16,256,1262.7
16,4096,16,512,1312.76
16,4096,16,1024,1414.06
16,4096,16,2048,1613.65
16,4096,16,4096,2022.65
16,4096,16,8192,4021.04
16,4096,32,16,2007.86
16,4096,32,32,1508.85
16,4096,32,64,2030.89
16,4096,32,128,2042.91
16,4096,32,256,1874.83
16,4096,32,512,1957.28
16,4096,32,1024,2067.8
16,4096,32,2048,2871.15
16,4096,32,4096,4011
16,4096,32,8192,7957.08
16,4096,64,16,2029.79
16,4096,64,32,2163.04
16,4096,64,64,2183.84
16,4096,64,128,2252.89
16,4096,64,256,2341.29
16,4096,64,512,2786.61
16,4096,64,1024,3350.79
16,4096,64,2048,4797.05
16,4096,64,4096,8321.95
16,4096,64,8192,16559.4
16,4096,128,16,1833.07
16,4096,128,32,2165.47
16,4096,128,64,3875.81
16,4096,128,128,4085.01
16,4096,128,256,4589.91
16,4096,128,512,6085.81
16,4096,128,1024,8124.36
16,4096,128,2048,12249.9
16,4096,128,4096,19540.2
16,4096,128,8192,35222.6
16,8192,0,0,2773.67
16,8192,1,16,2771.95
16,8192,1,32,2772.26
16,8192,1,64,2772.02
16,8192,1,128,2772.18
16,8192,1,256,2772.32
16,8192,1,512,2771.99
16,8192,1,1024,2772.11
16,8192,1,2048,2772.32
16,8192,1,4096,2771.97
16,8192,1,8192,2772.59
16,8192,2,16,2772.67
16,8192,2,32,2772.82
16,8192,2,64,2772.51
16,8192,2,128,2772.62
16,8192,2,256,2772.41
16,8192,2,512,2775.59
16,8192,2,1024,2772.15
16,8192,2,2048,2772.3
16,8192,2,4096,2772.3
16,8192,2,8192,2794.27
16,8192,4,16,2773.16
16,8192,4,32,2773.71
16,8192,4,64,2773.69
16,8192,4,128,2773.37
16,8192,4,256,2773.74
16,8192,4,512,2773.66
16,8192,4,1024,2773.8
16,8192,4,2048,2777.38
16,8192,4,4096,2773.75
16,8192,4,8192,2796.77
16,8192,8,16,2777.96
16,8192,8,32,2785.65
16,8192,8,64,2793.56
16,8192,8,128,2807.81
16,8192,8,256,2838.04
16,8192,8,512,2896.15
16,8192,8,1024,3012.47
16,8192,8,2048,3241.57
16,8192,8,4096,3707.99
16,8192,8,8192,4654.88
16,8192,16,16,2779.13
16,8192,16,32,2788.04
16,8192,16,64,2796.27
16,8192,16,128,2810.31
16,8192,16,256,2838.77
16,8192,16,512,2897.92
16,8192,16,1024,3014.34
16,8192,16,2048,3244.38
16,8192,16,4096,3709.98
16,8192,16,8192,4650.08
16,8192,32,16,4609.21
16,8192,32,32,4638.59
16,8192,32,64,4657.46
16,8192,32,128,4081.41
16,8192,32,256,4129.46
16,8192,32,512,4867.77
16,8192,32,1024,4827.14
16,8192,32,2048,5458.52
16,8192,32,4096,6290.21
16,8192,32,8192,9218.65
16,8192,64,16,4047.65
16,8192,64,32,4677.24
16,8192,64,64,4731.56
16,8192,64,128,4190
16,8192,64,256,6451.19
16,8192,64,512,6927
16,8192,64,1024,6911.65
16,8192,64,2048,10627.6
16,8192,64,4096,11717.2
16,8192,64,8192,20448.2
16,8192,128,16,4749.91
16,8192,128,32,4867.28
16,8192,128,64,4944.38
16,8192,128,128,4495.91
16,8192,128,256,5521.59
16,8192,128,512,5583.49
16,8192,128,1024,7581.24
16,8192,128,2048,10755.9
16,8192,128,4096,16438.4
16,8192,128,8192,28985.8
32,0,0,0,21.1947
32,0,1,16,18.251
32,0,1,32,23.7547
32,0,1,64,33.0237
32,0,1,128,51.4023
32,0,1,256,88.5107
32,0,1,512,162.985
32,0,1,1024,311.368
32,0,1,2048,609.764
32,0,1,4096,1203.06
32,0,1,8192,2391.74
32,0,2,16,22.357
32,0,2,32,30.6347
32,0,2,64,40.0533
32,0,2,128,58.5913
32,0,2,256,95.5297
32,0,2,512,170.569
32,0,2,1024,319.069
32,0,2,2048,616.786
32,0,2,4096,1214.85
32,0,2,8192,2414.19
32,0,4,16,22.538
32,0,4,32,31.306
32,0,4,64,40.767
32,0,4,128,59.636
32,0,4,256,97.119
32,0,4,512,172.734
32,0,4,1024,322.386
32,0,4,2048,622.127
32,0,4,4096,1221.49
32,0,4,8192,2421.08
32,0,8,16,22.7837
32,0,8,32,38.635
32,0,8,64,54.6447
32,0,8,128,84.938
32,0,8,256,146.6
32,0,8,512,270.173
32,0,8,1024,520.559
32,0,8,2048,1008.6
32,0,8,4096,1995.08
32,0,8,8192,3963.58
32,0,16,16,31.7867
32,0,16,32,54.4203
32,0,16,64,70.1647
32,0,16,128,100.447
32,0,16,256,162.644
32,0,16,512,284.733
32,0,16,1024,530.287
32,0,16,2048,1022.79
32,0,16,4096,2010.1
32,0,16,8192,3983.6
32,0,32,16,41.3863
32,0,32,32,73.3547
32,0,32,64,110.644
32,0,32,128,173.332
32,0,32,256,297.404
32,0,32,512,938.934
32,0,32,1024,1797.48
32,0,32,2048,3512.84
32,0,32,4096,6943.72
32,0,32,8192,13787.9
32,0,64,16,130.132
32,0,64,32,230.173
32,0,64,64,329.981
32,0,64,128,557.146
32,0,64,256,903.148
32,0,64,512,1839.64
32,0,64,1024,3428.47
32,0,64,2048,6968.21
32,0,64,4096,13794.8
32,0,64,8192,24168.4
32,0,128,16,196.233
32,0,128,32,356.145
32,0,128,64,519.28
32,0,128,128,840.492
32,0,128,256,1481.37
32,0,128,512,2773.19
32,0,128,1024,5331
32,0,128,2048,10476.9
32,0,128,4096,19809.9
32,0,128,8192,35143
32,16,0,0,33.8133
32,16,1,16,34.3673
32,16,1,32,35.2427
32,16,1,64,38.9
32,16,1,128,60.3197
32,16,1,256,103.914
32,16,1,512,191.017
32,16,1,1024,365.233
32,16,1,2048,714.286
32,16,1,4096,1410.1
32,16,1,8192,2803.69
32,16,2,16,44.671
32,16,2,32,44.224
32,16,2,64,54.538
32,16,2,128,76.0843
32,16,2,256,118.847
32,16,2,512,205.417
32,16,2,1024,380.423
32,16,2,2048,727.364
32,16,2,4096,1427.47
32,16,2,8192,2830.7
32,16,4,16,36.9703
32,16,4,32,44.7147
32,16,4,64,54.0683
32,16,4,128,76.554
32,16,4,256,119.306
32,16,4,512,206.996
32,16,4,1024,381.052
32,16,4,2048,730.35
32,16,4,4096,1432.82
32,16,4,8192,2841.33
32,16,8,16,37.749
32,16,8,32,45.727
32,16,8,64,64.1593
32,16,8,128,100.277
32,16,8,256,172.041
32,16,8,512,317.138
32,16,8,1024,605.977
32,16,8,2048,1185.98
32,16,8,4096,2340.36
32,16,8,8192,4654.38
32,16,16,16,50.0047
32,16,16,32,73.5457
32,16,16,64,91.583
32,16,16,128,127.22
32,16,16,256,290.546
32,16,16,512,501.893
32,16,16,1024,936.288
32,16,16,2048,1796.64
32,16,16,4096,3507.08
32,16,16,8192,6965.32
32,16,32,16,94.5163
32,16,32,32,131.572
32,16,32,64,189.044
32,16,32,128,288.637
32,16,32,256,509.744
32,16,32,512,934.656
32,16,32,1024,1796.15
32,16,32,2048,3518.61
32,16,32,4096,6943.94
32,16,32,8192,13788.4
32,16,64,16,134.1
32,16,64,32,225.854
32,16,64,64,319.389
32,16,64,128,527.898
32,16,64,256,868.684
32,16,64,512,1742.26
32,16,64,1024,3065.34
32,16,64,2048,6603.29
32,16,64,4096,13076.6
32,16,64,8192,23595.2
32,16,128,16,182.825
32,16,128,32,320.2
32,16,128,64,466.598
32,16,128,128,750.637
32,16,128,256,1320.38
32,16,128,512,2465.1
32,16,128,1024,4740.73
32,16,128,2048,9311.67
32,16,128,4096,18383.5
32,16,128,8192,32319.3
32,32,0,0,31.872
32,32,1,16,29.4077
32,32,1,32,29.8563
32,32,1,64,36.3623
32,32,1,128,56.032
32,32,1,256,96.7987
32,32,1,512,177.599
32,32,1,1024,343.58
32,32,1,2048,663.972
32,32,1,4096,1311.76
32,32,1,8192,2605.78
32,32,2,16,41.5247
32,32,2,32,41.5787
32,32,2,64,50.0587
32,32,2,128,70.922
32,32,2,256,114.303
32,32,2,512,191.305
32,32,2,1024,354.119
32,32,2,2048,677.795
32,32,2,4096,1324.18
32,32,2,8192,2630.39
32,32,4,16,41.4297
32,32,4,32,42.2187
32,32,4,64,51.6477
32,32,4,128,71.5083
32,32,4,256,112.82
32,32,4,512,194.526
32,32,4,1024,357.372
32,32,4,2048,684.451
32,32,4,4096,1338.19
32,32,4,8192,4220.07
32,32,8,16,66.8473
32,32,8,32,66.8257
32,32,8,64,94.3347
32,32,8,128,147.22
32,32,8,256,255.016
32,32,8,512,471.003
32,32,8,1024,901.078
32,32,8,2048,1759.77
32,32,8,4096,3481.31
32,32,8,8192,6922.01
32,32,16,16,81.62
32,32,16,32,96.8527
32,32,16,64,142.868
32,32,16,128,182.003
32,32,16,256,311.282
32,32,16,512,523.75
32,32,16,1024,953.408
32,32,16,2048,1801.4
32,32,16,4096,3530.19
32,32,16,8192,6969.72
32,32,32,16,108.116
32,32,32,32,125.951
32,32,32,64,191.582
32,32,32,128,288.424
32,32,32,256,503.845
32,32,32,512,937.067
32,32,32,1024,1798.11
32,32,32,2048,3520.18
32,32,32,4096,6955.99
32,32,32,8192,13815.4
32,32,64,16,123.85
32,32,64,32,201.064
32,32,64,64,282.482
32,32,64,128,465.456
32,32,64,256,786.328
32,32,64,512,1532.63
32,32,64,1024,2865.03
32,32,64,2048,5798.43
32,32,64,4096,11115.5
32,32,64,8192,19328.7
32,32,128,16,173.289
32,32,128,32,298.493
32,32,128,64,437.553
32,32,128,128,694.404
32,32,128,256,1221.1
32,32,128,512,2279.13
32,32,128,1024,4385
32,32,128,2048,8596.34
32,32,128,4096,17016.7
32,32,128,8192,32414
32,64,0,0,42.517
32,64,1,16,40.2557
32,64,1,32,44.2773
32,64,1,64,40.2447
32,64,1,128,57.386
32,64,1,256,99.0177
32,64,1,512,182.015
32,64,1,1024,347.399
32,64,1,2048,680.088
32,64,1,4096,1342.9
32,64,1,8192,2668.39
32,64,2,16,60.223
32,64,2,32,60.1693
32,64,2,64,60.0847
32,64,2,128,79.338
32,64,2,256,186.109
32,64,2,512,313.725
32,64,2,1024,575.216
32,64,2,2048,1091.31
32,64,2,4096,2124.87
32,64,2,8192,4203.8
32,64,4,16,93.759
32,64,4,32,93.002
32,64,4,64,94.3457
32,64,4,128,124.778
32,64,4,256,190.355
32,64,4,512,320.551
32,64,4,1024,580.687
32,64,4,2048,1102.8
32,64,4,4096,2147.23
32,64,4,8192,4237.99
32,64,8,16,93.4597
32,64,8,32,94.068
32,64,8,64,94.9217
32,64,8,128,146.292
32,64,8,256,255.635
32,64,8,512,470.704
32,64,8,1024,901.323
32,64,8,2048,1762.2
32,64,8,4096,3483.94
32,64,8,8192,6926.89
32,64,16,16,108.98
32,64,16,32,122.302
32,64,16,64,139.486
32,64,16,128,221.064
32,64,16,256,315.1
32,64,16,512,549.946
32,64,16,1024,980.513
32,64,16,2048,1835.78
32,64,16,4096,3560.72
32,64,16,8192,6993.42
32,64,32,16,120.489
32,64,32,32,160.809
32,64,32,64,181.619
32,64,32,128,296.231
32,64,32,256,504.047
32,64,32,512,936.705
32,64,32,1024,1799.47
32,64,32,2048,3520.26
32,64,32,4096,6962.1
32,64,32,8192,13838.7
32,64,64,16,139.7
32,64,64,32,202.228
32,64,64,64,281.694
32,64,64,128,450.662
32,64,64,256,784.215
32,64,64,512,1486.17
32,64,64,1024,2863.4
32,64,64,2048,5626.05
32,64,64,4096,11141.7
32,64,64,8192,19330.9
32,64,128,16,193.928
32,64,128,32,306.994
32,64,128,64,434.577
32,64,128,128,693.059
32,64,128,256,1218.71
32,64,128,512,2277.12
32,64,128,1024,4388.4
32,64,128,2048,8592.75
32,64,128,4096,16681.5
32,64,128,8192,30706.1
32,128,0,0,57.9943
32,128,1,16,55.4233
32,128,1,32,55.5727
32,128,1,64,55.84
32,128,1,128,93.3637
32,128,1,256,153.78
32,128,1,512,282.685
32,128,1,1024,541.647
32,128,1,2048,1059.16
32,128,1,4096,2092.17
32,128,1,8192,4159.24
32,128,2,16,147.583
32,128,2,32,147.764
32,128,2,64,147.923
32,128,2,128,147.86
32,128,2,256,208.51
32,128,2,512,337.095
32,128,2,1024,595.216
32,128,2,2048,1112.3
32,128,2,4096,2145.77
32,128,2,8192,4211.84
32,128,4,16,146.867
32,128,4,32,147.86
32,128,4,64,146.666
32,128,4,128,146.868
32,128,4,256,210.665
32,128,4,512,340.445
32,128,4,1024,601.285
32,128,4,2048,1123.18
32,128,4,4096,2167.86
32,128,4,8192,4255.95
32,128,8,16,147.252
32,128,8,32,147.679
32,128,8,64,147.689
32,128,8,128,148.254
32,128,8,256,255.507
32,128,8,512,470.47
32,128,8,1024,899.222
32,128,8,2048,1760.61
32,128,8,4096,3484.27
32,128,8,8192,6931.78
32,128,16,16,160.478
32,128,16,32,175.539
32,128,16,64,190.366
32,128,16,128,243.998
32,128,16,256,388.156
32,128,16,512,584.185
32,128,16,1024,999.542
32,128,16,2048,1888.98
32,128,16,4096,3598.1
32,128,16,8192,7028.97
32,128,32,16,174.388
32,128,32,32,204.371
32,128,32,64,244.467
32,128,32,128,288.221
32,128,32,256,515.706
32,128,32,512,935.681
32,128,32,1024,1802.74
32,128,32,2048,3523.47
32,128,32,4096,6966.12
32,128,32,8192,13854.8
32,128,64,16,231.475
32,128,64,32,306.77
32,128,64,64,374.716
32,128,64,128,561.968
32,128,64,256,971.615
32,128,64,512,1841.48
32,128,64,1024,3541.71
32,128,64,2048,6968.18
32,128,64,4096,13809.4
32,128,64,8192,24150.6
32,128,128,16,261.352
32,128,128,32,387.132
32,128,128,64,530.053
32,128,128,128,805.922
32,128,128,256,1431.68
32,128,128,512,2647.25
32,128,128,1024,5108.66
32,128,128,2048,12217.9
32,128,128,4096,23398.9
32,128,128,8192,43052.1
32,256,0,0,132.244
32,256,1,16,129.865
32,256,1,32,129.727
32,256,1,64,129.94
32,256,1,128,129.801
32,256,1,256,129.886
32,256,1,512,232.51
32,256,1,1024,444.988
32,256,1,2048,870.594
32,256,1,4096,1720.44
32,256,1,8192,3419.35
32,256,2,16,211.699
32,256,2,32,210.483
32,256,2,64,209.758
32,256,2,128,209.598
32,256,2,256,209.565
32,256,2,512,313.33
32,256,2,1024,525.552
32,256,2,2048,948.161
32,256,2,4096,1798.53
32,256,2,8192,3494.87
32,256,4,16,209.288
32,256,4,32,208.425
32,256,4,64,208.969
32,256,4,128,208.595
32,256,4,256,210.12
32,256,4,512,316.125
32,256,4,1024,527.994
32,256,4,2048,955.968
32,256,4,4096,1812.72
32,256,4,8192,3525.37
32,256,8,16,209.46
32,256,8,32,209.459
32,256,8,64,209.491
32,256,8,128,209.395
32,256,8,256,210.409
32,256,8,512,386.641
32,256,8,1024,738.883
32,256,8,2048,1444.44
32,256,8,4096,2856.12
32,256,8,8192,5675.64
32,256,16,16,221.587
32,256,16,32,237.544
32,256,16,64,247.368
32,256,16,128,271.869
32,256,16,256,328.573
32,256,16,512,557.371
32,256,16,1024,928.971
32,256,16,2048,1612.74
32,256,16,4096,3038.02
32,256,16,8192,5839.37
32,256,32,16,233.746
32,256,32,32,256.701
32,256,32,64,280.861
32,256,32,128,333.627
32,256,32,256,416.529
32,256,32,512,768.408
32,256,32,1024,1475.58
32,256,32,2048,2889
32,256,32,4096,5710.02
32,256,32,8192,11353.5
32,256,64,16,275.251
32,256,64,32,341.991
32,256,64,64,387.985
32,256,64,128,532.282
32,256,64,256,811.543
32,256,64,512,1507.69
32,256,64,1024,2904.51
32,256,64,2048,5709.67
32,256,64,4096,11315
32,256,64,8192,20953.9
32,256,128,16,314.78
32,256,128,32,391.612
32,256,128,64,527.547
32,256,128,128,758.777
32,256,128,256,1744.65
32,256,128,512,3226.55
32,256,128,1024,6230.31
32,256,128,2048,12211.4
32,256,128,4096,24188.4
32,256,128,8192,37140.3
32,512,0,0,210.067
32,512,1,16,207.624
32,512,1,32,207.603
32,512,1,64,207.497
32,512,1,128,207.614
32,512,1,256,207.645
32,512,1,512,207.677
32,512,1,1024,393.041
32,512,1,2048,767.832
32,512,1,4096,1517.07
32,512,1,8192,3013.97
32,512,2,16,343.239
32,512,2,32,340.05
32,512,2,64,340.541
32,512,2,128,339.452
32,512,2,256,339.516
32,512,2,512,339.889
32,512,2,1024,524.858
32,512,2,2048,898.614
32,512,2,4096,1647.56
32,512,2,8192,3142.59
32,512,4,16,338.396
32,512,4,32,338.471
32,512,4,64,338.312
32,512,4,128,338.087
32,512,4,256,338.247
32,512,4,512,340.785
32,512,4,1024,528.453
32,512,4,2048,905.782
32,512,4,4096,1660.11
32,512,4,8192,3173.84
32,512,8,16,342.6
32,512,8,32,339.528
32,512,8,64,339.57
32,512,8,128,340.754
32,512,8,256,340.914
32,512,8,512,342.471
32,512,8,1024,651.31
32,512,8,2048,1271.83
32,512,8,4096,2515.65
32,512,8,8192,5001.8
32,512,16,16,352.615
32,512,16,32,360.785
32,512,16,64,372.626
32,512,16,128,393.36
32,512,16,256,437.979
32,512,16,512,582.489
32,512,16,1024,975.627
32,512,16,2048,1554.65
32,512,16,4096,2792.05
32,512,16,8192,5282.74
32,512,32,16,358.823
32,512,32,32,379.303
32,512,32,64,400.508
32,512,32,128,439.249
32,512,32,256,527.77
32,512,32,512,678.414
32,512,32,1024,1301.79
32,512,32,2048,2543.77
32,512,32,4096,5035.39
32,512,32,8192,10010.8
32,512,64,16,406.278
32,512,64,32,442.726
32,512,64,64,530.16
32,512,64,128,618.597
32,512,64,256,801.9
32,512,64,512,1335.47
32,512,64,1024,2566.5
32,512,64,2048,5031.22
32,512,64,4096,9967.21
32,512,64,8192,24161.7
32,512,128,16,513.68
32,512,128,32,632.911
32,512,128,64,811.416
32,512,128,128,1027.04
32,512,128,256,1498.38
32,512,128,512,2581.08
32,512,128,1024,4961.63
32,512,128,2048,9720.25
32,512,128,4096,19255.1
32,512,128,8192,35962.8
32,1024,0,0,317.084
32,1024,1,16,315.239
32,1024,1,32,315.335
32,1024,1,64,315.176
32,1024,1,128,315.175
32,1024,1,256,315.068
32,1024,1,512,315.24
32,1024,1,1024,316.754
32,1024,1,2048,617.498
32,1024,1,4096,1221.85
32,1024,1,8192,2427.27
32,1024,2,16,522.395
32,1024,2,32,522.085
32,1024,2,64,522.48
32,1024,2,128,521.787
32,1024,2,256,522.736
32,1024,2,512,521.787
32,1024,2,1024,523.14
32,1024,2,2048,819.704
32,1024,2,4096,1419.77
32,1024,2,8192,2618.33
32,1024,4,16,520.389
32,1024,4,32,519.141
32,1024,4,64,521.21
32,1024,4,128,519.76
32,1024,4,256,520.485
32,1024,4,512,521.456
32,1024,4,1024,523.974
32,1024,4,2048,828.482
32,1024,4,4096,1436.13
32,1024,4,8192,2654.46
32,1024,8,16,521.574
32,1024,8,32,522.373
32,1024,8,64,521.658
32,1024,8,128,521.67
32,1024,8,256,523.493
32,1024,8,512,524.667
32,1024,8,1024,525.338
32,1024,8,2048,1025.27
32,1024,8,4096,2023.42
32,1024,8,8192,4020.79
32,1024,16,16,528.635
32,1024,16,32,536.891
32,1024,16,64,546.116
32,1024,16,128,566.917
32,1024,16,256,603.535
32,1024,16,512,679.246
32,1024,16,1024,962.39
32,1024,16,2048,1522.58
32,1024,16,4096,2507.16
32,1024,16,8192,4443.8
32,1024,32,16,533.722
32,1024,32,32,552.453
32,1024,32,64,570.042
32,1024,32,128,602.713
32,1024,32,256,662.34
32,1024,32,512,794.701
32,1024,32,1024,1046.03
32,1024,32,2048,2043.92
32,1024,32,4096,4042.79
32,1024,32,8192,8022.4
32,1024,64,16,573.701
32,1024,64,32,653.912
32,1024,64,64,708.323
32,1024,64,128,810.766
32,1024,64,256,1521.71
32,1024,64,512,2148.89
32,1024,64,1024,3554.85
32,1024,64,2048,6973.48
32,1024,64,4096,13806.8
32,1024,64,8192,25077
32,1024,128,16,893.622
32,1024,128,32,982.55
32,1024,128,64,1184.85
32,1024,128,128,1457.32
32,1024,128,256,1929.16
32,1024,128,512,3036.96
32,1024,128,1024,5198.88
32,1024,128,2048,10168.1
32,1024,128,4096,19802.8
32,1024,128,8192,37150.7
32,2048,0,0,767.416
32,2048,1,16,764.962
32,2048,1,32,765.239
32,2048,1,64,764.664
32,2048,1,128,768.93
32,2048,1,256,764.887
32,2048,1,512,765.048
32,2048,1,1024,764.952
32,2048,1,2048,766.787
32,2048,1,4096,1516.25
32,2048,1,8192,3013.11
32,2048,2,16,1269.71
32,2048,2,32,1271.57
32,2048,2,64,1269.95
32,2048,2,128,1269.38
32,2048,2,256,1270.44
32,2048,2,512,1270.27
32,2048,2,1024,1270.27
32,2048,2,2048,1273
32,2048,2,4096,2018.43
32,2048,2,8192,3519.1
32,2048,4,16,1268.68
32,2048,4,32,1266.33
32,2048,4,64,1266.17
32,2048,4,128,1266.76
32,2048,4,256,1265.76
32,2048,4,512,1268.41
32,2048,4,1024,1268.44
32,2048,4,2048,1276.12
32,2048,4,4096,2029.61
32,2048,4,8192,3543.18
32,2048,8,16,1269.68
32,2048,8,32,1270.5
32,2048,8,64,1270.45
32,2048,8,128,1274.01
32,2048,8,256,1271.47
32,2048,8,512,1270.89
32,2048,8,1024,1271.4
32,2048,8,2048,1277.24
32,2048,8,4096,2518.12
32,2048,8,8192,5004.13
32,2048,16,16,1278.51
32,2048,16,32,1284.79
32,2048,16,64,1297.59
32,2048,16,128,1332.23
32,2048,16,256,1368.38
32,2048,16,512,1551.92
32,2048,16,1024,1633.44
32,2048,16,2048,2197.52
32,2048,16,4096,3596.24
32,2048,16,8192,6077.68
32,2048,32,16,1285.11
32,2048,32,32,1303.9
32,2048,32,64,1326.59
32,2048,32,128,1370.5
32,2048,32,256,1440.06
32,2048,32,512,1556.76
32,2048,32,1024,2654.97
32,2048,32,2048,3522.22
32,2048,32,4096,6965.16
32,2048,32,8192,13834.9
32,2048,64,16,1832.26
32,2048,64,32,1921.22
32,2048,64,64,1985.09
32,2048,64,128,2163.58
32,2048,64,256,2485.25
32,2048,64,512,3124.94
32,2048,64,1024,4283.17
32,2048,64,2048,6979.39
32,2048,64,4096,13808
32,2048,64,8192,27493.8
32,2048,128,16,1737.09
32,2048,128,32,1839.91
32,2048,128,64,2056.02
32,2048,128,128,2359.19
32,2048,128,256,2845.91
32,2048,128,512,3980.85
32,2048,128,1024,6397.89
32,2048,128,2048,11115.9
32,2048,128,4096,21975.9
32,2048,128,8192,39073
32,4096,0,0,1561.11
32,4096,1,16,1557.33
32,4096,1,32,1557.83
32,4096,1,64,1558.18
32,4096,1,128,1559.43
32,4096,1,256,1558.88
32,4096,1,512,1558.56
32,4096,1,1024,1558.99
32,4096,1,2048,1558.58
32,4096,1,4096,1564.13
32,4096,1,8192,3107.39
32,4096,2,16,2595.9
32,4096,2,32,2595.13
32,4096,2,64,2594.47
32,4096,2,128,2594.64
32,4096,2,256,2594.26
32,4096,2,512,2595.37
32,4096,2,1024,2593.53
32,4096,2,2048,2599.95
32,4096,2,4096,2597.14
32,4096,2,8192,4119.07
32,4096,4,16,2588.72
32,4096,4,32,2588.47
32,4096,4,64,2587.84
32,4096,4,128,2586.31
32,4096,4,256,2586.24
32,4096,4,512,2586.08
32,4096,4,1024,2586.9
32,4096,4,2048,2587.34
32,4096,4,4096,2606.55
32,4096,4,8192,4169.95
32,4096,8,16,2590.22
32,4096,8,32,2596.97
32,4096,8,64,2594.19
32,4096,8,128,2593.68
32,4096,8,256,2598.84
32,4096,8,512,2597.76
32,4096,8,1024,2595.33
32,4096,8,2048,2596.86
32,4096,8,4096,2605.8
32,4096,8,8192,5173.29
32,4096,16,16,2600.45
32,4096,16,32,2610.43
32,4096,16,64,2624.91
32,4096,16,128,2627.35
32,4096,16,256,2685.12
32,4096,16,512,2832.94
32,4096,16,1024,3973.83
32,4096,16,2048,4947.99
32,4096,16,4096,6900.83
32,4096,16,8192,10332.2
32,4096,32,16,3499.76
32,4096,32,32,3516.8
32,4096,32,64,3553.53
32,4096,32,128,3602.04
32,4096,32,256,3708.72
32,4096,32,512,3927.01
32,4096,32,1024,4354.54
32,4096,32,2048,5235.55
32,4096,32,4096,6983.34
32,4096,32,8192,13856.1
32,4096,64,16,3553.2
32,4096,64,32,3611.28
32,4096,64,64,3721.01
32,4096,64,128,3819.59
32,4096,64,256,4161.56
32,4096,64,512,4853.87
32,4096,64,1024,5994.3
32,4096,64,2048,8443.86
32,4096,64,4096,12555
32,4096,64,8192,22528.6
32,4096,128,16,2700.68
32,4096,128,32,2785.23
32,4096,128,64,2969.8
32,4096,128,128,3227.45
32,4096,128,256,3817.58
32,4096,128,512,4844.27
32,4096,128,1024,6382.99
32,4096,128,2048,10331.9
32,4096,128,4096,17478.5
32,4096,128,8192,28756.1
32,8192,0,0,2368.99
32,8192,1,16,2367.44
32,8192,1,32,2367.06
32,8192,1,64,2371.78
32,8192,1,128,2367.4
32,8192,1,256,2367.57
32,8192,1,512,2367.44
32,8192,1,1024,2367.47
32,8192,1,2048,2367.43
32,8192,1,4096,2367.55
32,8192,1,8192,2395.53
32,8192,2,16,3945
32,8192,2,32,3944.54
32,8192,2,64,3947.34
32,8192,2,128,3945.96
32,8192,2,256,3945.47
32,8192,2,512,3940.72
32,8192,2,1024,3942.46
32,8192,2,2048,3948.1
32,8192,2,4096,3946.08
32,8192,2,8192,3955.24
32,8192,4,16,3940.68
32,8192,4,32,3936.85
32,8192,4,64,3936.73
32,8192,4,128,6904.74
32,8192,4,256,6902.76
32,8192,4,512,6902.76
32,8192,4,1024,6903.65
32,8192,4,2048,6898.93
32,8192,4,4096,6904.51
32,8192,4,8192,6955.67
32,8192,8,16,6913.53
32,8192,8,32,6909.59
32,8192,8,64,6914.44
32,8192,8,128,6913.67
32,8192,8,256,6912.47
32,8192,8,512,6913.09
32,8192,8,1024,6915.44
32,8192,8,2048,6910.2
32,8192,8,4096,6912.13
32,8192,8,8192,6930.55
32,8192,16,16,6903.94
32,8192,16,32,6919.04
32,8192,16,64,6930.41
32,8192,16,128,6970.64
32,8192,16,256,7027.49
32,8192,16,512,7210.69
32,8192,16,1024,7228.94
32,8192,16,2048,8597.36
32,8192,16,4096,9373.51
32,8192,16,8192,13740
32,8192,32,16,6925.92
32,8192,32,32,6948.21
32,8192,32,64,6980.17
32,8192,32,128,7020.71
32,8192,32,256,7142.11
32,8192,32,512,7355.38
32,8192,32,1024,7777.38
32,8192,32,2048,8632.31
32,8192,32,4096,10378.5
32,8192,32,8192,13880.8
32,8192,64,16,5801.9
32,8192,64,32,5863.97
32,8192,64,64,5923.72
32,8192,64,128,6041.86
32,8192,64,256,6215.4
32,8192,64,512,6871.96
32,8192,64,1024,7722.19
32,8192,64,2048,10078.4
32,8192,64,4096,13941.4
32,8192,64,8192,20792.2
32,8192,128,16,5333.92
32,8192,128,32,5476.6
32,8192,128,64,5622.15
32,8192,128,128,5927
32,8192,128,256,6493.9
32,8192,128,512,7633.72
32,8192,128,1024,9353.76
32,8192,128,2048,12757.2
32,8192,128,4096,20251.2
32,8192,128,8192,32893
64,0,0,0,42.9757
64,0,1,16,35.637
64,0,1,32,42.8793
64,0,1,64,51.0073
64,0,1,128,109.877
64,0,1,256,177.321
64,0,1,512,302.641
64,0,1,1024,554.48
64,0,1,2048,1067.05
64,0,1,4096,2078.62
64,0,1,8192,4185.48
64,0,2,16,67.5083
64,0,2,32,67.5303
64,0,2,64,80.4793
64,0,2,128,113.151
64,0,2,256,176.329
64,0,2,512,302.28
64,0,2,1024,556.943
64,0,2,2048,1064.51
64,0,2,4096,2077.9
64,0,2,8192,4106.63
64,0,4,16,66.0467
64,0,4,32,66.8363
64,0,4,64,83.114
64,0,4,128,115.711
64,0,4,256,181.481
64,0,4,512,310.546
64,0,4,1024,573.637
64,0,4,2048,1094.92
64,0,4,4096,2138.6
64,0,4,8192,4229.8
64,0,8,16,80.3723
64,0,8,32,95.583
64,0,8,64,121.481
64,0,8,128,174.324
64,0,8,256,284.039
64,0,8,512,497.616
64,0,8,1024,927.734
64,0,8,2048,1780.27
64,0,8,4096,3500.92
64,0,8,8192,6930.51
64,0,16,16,94.708
64,0,16,32,113.705
64,0,16,64,159.209
64,0,16,128,217.416
64,0,16,256,317.084
64,0,16,512,537.753
64,0,16,1024,968.544
64,0,16,2048,1809.63
64,0,16,4096,3537.23
64,0,16,8192,6987.8
64,0,32,16,118.122
64,0,32,32,159.305
64,0,32,64,222.953
64,0,32,128,314.898
64,0,32,256,532.271
64,0,32,512,958.709
64,0,32,1024,1825.8
64,0,32,2048,3536.11
64,0,32,4096,6973.63
64,0,32,8192,13828.7
64,0,64,16,145.182
64,0,64,32,226.099
64,0,64,64,320.754
64,0,64,128,506.842
64,0,64,256,877.655
64,0,64,512,1673.02
64,0,64,1024,3218.39
64,0,64,2048,6328.92
64,0,64,4096,12544.7
64,0,64,8192,19848.3
64,0,128,16,185.918
64,0,128,32,318.973
64,0,128,64,456.784
64,0,128,128,717.166
64,0,128,256,1261.9
64,0,128,512,3239.93
64,0,128,1024,6231.16
64,0,128,2048,12219.7
64,0,128,4096,24195.8
64,0,128,8192,41500.2
64,16,0,0,56.3937
64,16,1,16,57.3857
64,16,1,32,60.1173
64,16,1,64,56.9707
64,16,1,128,77.5993
64,16,1,256,122.217
64,16,1,512,210.91
64,16,1,1024,389.34
64,16,1,2048,745.592
64,16,1,4096,1456.67
64,16,1,8192,2879.75
64,16,2,16,56.3943
64,16,2,32,56.405
64,16,2,64,64.596
64,16,2,128,85.1083
64,16,2,256,128.725
64,16,2,512,215.592
64,16,2,1024,391.643
64,16,2,2048,740.29
64,16,2,4096,1436.68
64,16,2,8192,2831.61
64,16,4,16,57.098
64,16,4,32,59.6373
64,16,4,64,66.101
64,16,4,128,90.6227
64,16,4,256,131.998
64,16,4,512,221.64
64,16,4,1024,398.332
64,16,4,2048,759.629
64,16,4,4096,1474.85
64,16,4,8192,2911.79
64,16,8,16,69.1517
64,16,8,32,78.9857
64,16,8,64,90.1537
64,16,8,128,130.175
64,16,8,256,196.169
64,16,8,512,345.682
64,16,8,1024,645.22
64,16,8,2048,1234.87
64,16,8,4096,2399.3
64,16,8,8192,4775.89
64,16,16,16,80.639
64,16,16,32,93.6203
64,16,16,64,111.903
64,16,16,128,165.63
64,16,16,256,237.011
64,16,16,512,377.297
64,16,16,1024,674.201
64,16,16,2048,1265.08
64,16,16,4096,2449.41
64,16,16,8192,4808.65
64,16,32,16,94.3883
64,16,32,32,123.049
64,16,32,64,164.179
64,16,32,128,228.585
64,16,32,256,380.84
64,16,32,512,669.294
64,16,32,1024,1259.82
64,16,32,2048,2435.28
64,16,32,4096,4801.14
64,16,32,8192,9469.8
64,16,64,16,126.217
64,16,64,32,179.358
64,16,64,64,243.603
64,16,64,128,385.735
64,16,64,256,673.539
64,16,64,512,1263.45
64,16,64,1024,2432.93
64,16,64,2048,4779.36
64,16,64,4096,9472.49
64,16,64,8192,18848.7
64,16,128,16,174.089
64,16,128,32,287.24
64,16,128,64,636.409
64,16,128,128,997.024
64,16,128,256,1748.63
64,16,128,512,3248.45
64,16,128,1024,6235.81
64,16,128,2048,12233.1
64,16,128,4096,24211.4
64,16,128,8192,42543.5
64,32,0,0,77.3437
64,32,1,16,68.0317
64,32,1,32,70.901
64,32,1,64,77.8763
64,32,1,128,103.06
64,32,1,256,155.155
64,32,1,512,259.367
64,32,1,1024,471.91
64,32,1,2048,898.156
64,32,1,4096,1746.13
64,32,1,8192,3445.77
64,32,2,16,77.3647
64,32,2,32,77.205
64,32,2,64,78.207
64,32,2,128,101.973
64,32,2,256,154.687
64,32,2,512,257.501
64,32,2,1024,465.798
64,32,2,2048,882.827
64,32,2,4096,1713.36
64,32,2,8192,3378.95
64,32,4,16,77.6087
64,32,4,32,77.567
64,32,4,64,81.311
64,32,4,128,104.628
64,32,4,256,158.345
64,32,4,512,267.475
64,32,4,1024,480.806
64,32,4,2048,909.025
64,32,4,4096,1764.32
64,32,4,8192,3476.48
64,32,8,16,90.6967
64,32,8,32,96.234
64,32,8,64,122.527
64,32,8,128,160.286
64,32,8,256,247.839
64,32,8,512,426.288
64,32,8,1024,768.589
64,32,8,2048,1483.1
64,32,8,4096,2881.85
64,32,8,8192,5706.71
64,32,16,16,111.519
64,32,16,32,122.399
64,32,16,64,146.451
64,32,16,128,209.534
64,32,16,256,307.953
64,32,16,512,479.472
64,32,16,1024,834.775
64,32,16,2048,1546.84
64,32,16,4096,2944.14
64,32,16,8192,5747.86
64,32,32,16,122.911
64,32,32,32,152.52
64,32,32,64,201.373
64,32,32,128,293.917
64,32,32,256,465.318
64,32,32,512,812.258
64,32,32,1024,1512.75
64,32,32,2048,2918.44
64,32,32,4096,5724.55
64,32,32,8192,11348.3
64,32,64,16,155.358
64,32,64,32,212.937
64,32,64,64,293.747
64,32,64,128,441.745
64,32,64,256,771.352
64,32,64,512,1446.14
64,32,64,1024,2782.17
64,32,64,2048,6971.14
64,32,64,4096,13815.3
64,32,64,8192,21882.2
64,32,128,16,207.859
64,32,128,32,333.352
64,32,128,64,471.931
64,32,128,128,734.008
64,32,128,256,1265.8
64,32,128,512,2354.48
64,32,128,1024,4514.74
64,32,128,2048,8840.05
64,32,128,4096,17479.8
64,32,128,8192,30544.8
64,64,0,0,72.8853
64,64,1,16,66.1967
64,64,1,32,66.2607
64,64,1,64,66.7193
64,64,1,128,80.2333
64,64,1,256,119.028
64,64,1,512,196.649
64,64,1,1024,352.562
64,64,1,2048,661.677
64,64,1,4096,1282.14
64,64,1,8192,2519.3
64,64,2,16,72.6497
64,64,2,32,76.0953
64,64,2,64,72.7777
64,64,2,128,80.618
64,64,2,256,119.071
64,64,2,512,194.878
64,64,2,1024,346.525
64,64,2,2048,650.638
64,64,2,4096,1258.48
64,64,2,8192,2473.78
64,64,4,16,73.0657
64,64,4,32,73.0983
64,64,4,64,72.7567
64,64,4,128,84.084
64,64,4,256,123.732
64,64,4,512,202.59
64,64,4,1024,357.841
64,64,4,2048,670.926
64,64,4,4096,1296.43
64,64,4,8192,2547.38
64,64,8,16,82.1747
64,64,8,32,100.18
64,64,8,64,98.9
64,64,8,128,136.212
64,64,8,256,188.649
64,64,8,512,335.922
64,64,8,1024,584.975
64,64,8,2048,1072.56
64,64,8,4096,2105.88
64,64,8,8192,4165.15
64,64,16,16,87.2097
64,64,16,32,108.746
64,64,16,64,122.559
64,64,16,128,164.339
64,64,16,256,245.683
64,64,16,512,376.988
64,64,16,1024,633.774
64,64,16,2048,1138.98
64,64,16,4096,2175.34
64,64,16,8192,4208.47
64,64,32,16,114.985
64,64,32,32,135.337
64,64,32,64,163.998
64,64,32,128,232.627
64,64,32,256,359.207
64,64,32,512,612.25
64,64,32,1024,1121.2
64,64,32,2048,2145.31
64,64,32,4096,6056.87
64,64,32,8192,13750.8
64,64,64,16,224.499
64,64,64,32,290.152
64,64,64,64,366.3
64,64,64,128,523.525
64,64,64,256,909.302
64,64,64,512,1700.75
64,64,64,1024,3278.63
64,64,64,2048,6438.21
64,64,64,4096,12761
64,64,64,8192,21385.5
64,64,128,16,226.003
64,64,128,32,327.336
64,64,128,64,454.652
64,64,128,128,712.238
64,64,128,256,1180.57
64,64,128,512,2187.44
64,64,128,1024,4193.61
64,64,128,2048,8203.1
64,64,128,4096,16201.8
64,64,128,8192,32231.1
64,128,0,0,109.066
64,128,1,16,99.146
64,128,1,32,99.1777
64,128,1,64,98.282
64,128,1,128,102.399
64,128,1,256,133.47
64,128,1,512,212.061
64,128,1,1024,367.858
64,128,1,2048,682.318
64,128,1,4096,1310.58
64,128,1,8192,2560.65
64,128,2,16,105.311
64,128,2,32,105.641
64,128,2,64,105.706
64,128,2,128,105.599
64,128,2,256,132.958
64,128,2,512,209.992
64,128,2,1024,364.69
64,128,2,2048,671.353
64,128,2,4096,1286.13
64,128,2,8192,2514.61
64,128,4,16,105.662
64,128,4,32,105.599
64,128,4,64,105.78
64,128,4,128,105.076
64,128,4,256,137.609
64,128,4,512,216.872
64,128,4,1024,374.524
64,128,4,2048,690.029
64,128,4,4096,1322.08
64,128,4,8192,2587.63
64,128,8,16,121.993
64,128,8,32,131.294
64,128,8,64,153.96
64,128,8,128,155.614
64,128,8,256,218.227
64,128,8,512,364.743
64,128,8,1024,606.063
64,128,8,2048,1142.85
64,128,8,4096,2158.36
64,128,8,8192,4234.63
64,128,16,16,121.983
64,128,16,32,137.172
64,128,16,64,156.723
64,128,16,128,188.051
64,128,16,256,279.826
64,128,16,512,442.096
64,128,16,1024,711.513
64,128,16,2048,1201.79
64,128,16,4096,3746.45
64,128,16,8192,7178.68
64,128,32,16,257.533
64,128,32,32,299.986
64,128,32,64,327.12
64,128,32,128,440.538
64,128,32,256,650.894
64,128,32,512,1073.18
64,128,32,1024,1930.33
64,128,32,2048,3643.75
64,128,32,4096,7058.91
64,128,32,8192,13911.4
64,128,64,16,312.156
64,128,64,32,385.253
64,128,64,64,464.848
64,128,64,128,596.568
64,128,64,256,995.104
64,128,64,512,1843.15
64,128,64,1024,3551.38
64,128,64,2048,6975.42
64,128,64,4096,13819.1
64,128,64,8192,24901.6
64,128,128,16,337.191
64,128,128,32,466.545
64,128,128,64,588.622
64,128,128,128,914.294
64,128,128,256,1482.82
64,128,128,512,2672.74
64,128,128,1024,5145.41
64,128,128,2048,10088.5
64,128,128,4096,19877.3
64,128,128,8192,35241.4
64,256,0,0,191.017
64,256,1,16,183.262
64,256,1,32,184.542
64,256,1,64,183.934
64,256,1,128,184.03
64,256,1,256,184.308
64,256,1,512,265.533
64,256,1,1024,441.51
64,256,1,2048,794.135
64,256,1,4096,1498.6
64,256,1,8192,2900.77
64,256,2,16,191.241
64,256,2,32,191.124
64,256,2,64,191.187
64,256,2,128,194.996
64,256,2,256,191.624
64,256,2,512,265.117
64,256,2,1024,437.787
64,256,2,2048,786.402
64,256,2,4096,1471.61
64,256,2,8192,2849.76
64,256,4,16,190.878
64,256,4,32,195.241
64,256,4,64,191.145
64,256,4,128,190.237
64,256,4,256,191.219
64,256,4,512,270.962
64,256,4,1024,449.637
64,256,4,2048,804.002
64,256,4,4096,1511.76
64,256,4,8192,2931.4
64,256,8,16,202.738
64,256,8,32,228.072
64,256,8,64,360.401
64,256,8,128,411.686
64,256,8,256,416.796
64,256,8,512,656.91
64,256,8,1024,1102.93
64,256,8,2048,1920.55
64,256,8,4096,3681.86
64,256,8,8192,7070.68
64,256,16,16,308.307
64,256,16,32,338.514
64,256,16,64,367.825
64,256,16,128,418.108
64,256,16,256,525.477
64,256,16,512,861.911
64,256,16,1024,1296.17
64,256,16,2048,2248.78
64,256,16,4096,3898.6
64,256,16,8192,7345.95
64,256,32,16,360.338
64,256,32,32,414.118
64,256,32,64,476.453
64,256,32,128,543.376
64,256,32,256,754.467
64,256,32,512,1190.38
64,256,32,1024,2036.05
64,256,32,2048,3752.65
64,256,32,4096,7174.97
64,256,32,8192,14021.1
64,256,64,16,457.808
64,256,64,32,528.805
64,256,64,64,626.435
64,256,64,128,807.33
64,256,64,256,1023.91
64,256,64,512,1850.02
64,256,64,1024,3553.39
64,256,64,2048,6977.33
64,256,64,4096,13744.3
64,256,64,8192,23365.3
64,256,128,16,425.851
64,256,128,32,555.3
64,256,128,64,687.599
64,256,128,128,876.076
64,256,128,256,1461.05
64,256,128,512,2567.18
64,256,128,1024,4879.07
64,256,128,2048,9534.75
64,256,128,4096,18824
64,256,128,8192,33991.3
64,512,0,0,316.679
64,512,1,16,309.693
64,512,1,32,310.108
64,512,1,64,309.713
64,512,1,128,311.175
64,512,1,256,310.171
64,512,1,512,310.45
64,512,1,1024,471.27
64,512,1,2048,802.583
64,512,1,4096,1468.22
64,512,1,8192,2790.7
64,512,2,16,317.586
64,512,2,32,322.013
64,512,2,64,317.351
64,512,2,128,317.479
64,512,2,256,316.018
64,512,2,512,316.914
64,512,2,1024,468.572
64,512,2,2048,1238.75
64,512,2,4096,2251.94
64,512,2,8192,4281.86
64,512,4,16,496.976
64,512,4,32,495.909
64,512,4,64,496.346
64,512,4,128,494.736
64,512,4,256,492.549
64,512,4,512,495.525
64,512,4,1024,742.68
64,512,4,2048,1264.03
64,512,4,4096,2306.54
64,512,4,8192,4391.56
64,512,8,16,513.605
64,512,8,32,536.688
64,512,8,64,576.9
64,512,8,128,618.726
64,512,8,256,729.368
64,512,8,512,887.319
64,512,8,1024,1240.31
64,512,8,2048,2088.05
64,512,8,4096,3876.1
64,512,8,8192,7352.31
64,512,16,16,521.478
64,512,16,32,543.791
64,512,16,64,567.193
64,512,16,128,631.63
64,512,16,256,735.213
64,512,16,512,949.441
64,512,16,1024,1547.86
64,512,16,2048,2555.6
64,512,16,4096,4344.49
64,512,16,8192,7799.49
64,512,32,16,581.925
64,512,32,32,621.604
64,512,32,64,715.694
64,512,32,128,876.058
64,512,32,256,981.312
64,512,32,512,1402.22
64,512,32,1024,2198.03
64,512,32,2048,3968.45
64,512,32,4096,7387.2
64,512,32,8192,14234.1
64,512,64,16,574.927
64,512,64,32,689.006
64,512,64,64,808.248
64,512,64,128,970.165
64,512,64,256,1263.41
64,512,64,512,1709.6
64,512,64,1024,3240.98
64,512,64,2048,6334.75
64,512,64,4096,12543.2
64,512,64,8192,22536.2
64,512,128,16,640.441
64,512,128,32,780.567
64,512,128,64,894.678
64,512,128,128,1119.66
64,512,128,256,1489.07
64,512,128,512,2737.33
64,512,128,1024,4706.7
64,512,128,2048,9218.02
64,512,128,4096,18226.1
64,512,128,8192,34963.6
64,1024,0,0,626.148
64,1024,1,16,620.206
64,1024,1,32,620.686
64,1024,1,64,620.904
64,1024,1,128,897.846
64,1024,1,256,897.601
64,1024,1,512,898.742
64,1024,1,1024,897.111
64,1024,1,2048,1424.21
64,1024,1,4096,2456.28
64,1024,1,8192,4521.66
64,1024,2,16,925.419
64,1024,2,32,924.139
64,1024,2,64,924.171
64,1024,2,128,926.112
64,1024,2,256,924.663
64,1024,2,512,923.542
64,1024,2,1024,924.14
64,1024,2,2048,1414.72
64,1024,2,4096,2430.72
64,1024,2,8192,4453.56
64,1024,4,16,924.278
64,1024,4,32,926.677
64,1024,4,64,925.387
64,1024,4,128,924.694
64,1024,4,256,927.276
64,1024,4,512,925.91
64,1024,4,1024,925.057
64,1024,4,2048,1434.18
64,1024,4,4096,2478.98
64,1024,4,8192,4570.07
64,1024,8,16,942.912
64,1024,8,32,964.65
64,1024,8,64,995.387
64,1024,8,128,1049.51
64,1024,8,256,1159.44
64,1024,8,512,1380.11
64,1024,8,1024,1795.61
64,1024,8,2048,2403.46
64,1024,8,4096,4233.64
64,1024,8,8192,7647.27
64,1024,16,16,949.558
64,1024,16,32,978.467
64,1024,16,64,1007.14
64,1024,16,128,1057.31
64,1024,16,256,1163.26
64,1024,16,512,1375.27
64,1024,16,1024,1804.45
64,1024,16,2048,3367.07
64,1024,16,4096,5136.53
64,1024,16,8192,8535.54
64,1024,32,16,1002.15
64,1024,32,32,1064.52
64,1024,32,64,1141.48
64,1024,32,128,1321.5
64,1024,32,256,1592.87
64,1024,32,512,1827.83
64,1024,32,1024,2674.42
64,1024,32,2048,4392.69
64,1024,32,4096,7812.24
64,1024,32,8192,14660.8
64,1024,64,16,950.539
64,1024,64,32,1081.76
64,1024,64,64,1255.9
64,1024,64,128,1353.44
64,1024,64,256,1712.96
64,1024,64,512,2467.14
64,1024,64,1024,3273.38
64,1024,64,2048,6350.15
64,1024,64,4096,12546.7
64,1024,64,8192,21729
64,1024,128,16,934.133
64,1024,128,32,1098.87
64,1024,128,64,1350.29
64,1024,128,128,1545.16
64,1024,128,256,2060.38
64,1024,128,512,2769.55
64,1024,128,1024,5257.33
64,1024,128,2048,9212.86
64,1024,128,4096,18260.3
64,1024,128,8192,31508.6
64,2048,0,0,1064.63
64,2048,1,16,1057.67
64,2048,1,32,1057.66
64,2048,1,64,1772.55
64,2048,1,128,1777.9
64,2048,1,256,1774.48
64,2048,1,512,1774.39
64,2048,1,1024,1773.2
64,2048,1,2048,1776.99
64,2048,1,4096,2798.13
64,2048,1,8192,4867.58
64,2048,2,16,1782.58
64,2048,2,32,1779.36
64,2048,2,64,1781.18
64,2048,2,128,1782.83
64,2048,2,256,1782.64
64,2048,2,512,1782.04
64,2048,2,1024,1782.7
64,2048,2,2048,1783.32
64,2048,2,4096,2777.09
64,2048,2,8192,4799.62
64,2048,4,16,1784.41
64,2048,4,32,1785.66
64,2048,4,64,1780.28
64,2048,4,128,1783.26
64,2048,4,256,1786.08
64,2048,4,512,1782.44
64,2048,4,1024,1778.22
64,2048,4,2048,1782.04
64,2048,4,4096,2815.47
64,2048,4,8192,4903.42
64,2048,8,16,1795.76
64,2048,8,32,1824.94
64,2048,8,64,1831.21
64,2048,8,128,1906.98
64,2048,8,256,1979.39
64,2048,8,512,2232.02
64,2048,8,1024,2652.91
64,2048,8,2048,3501.52
64,2048,8,4096,5204.15
64,2048,8,8192,8624.17
64,2048,16,16,1800.97
64,2048,16,32,1826.47
64,2048,16,64,1853.37
64,2048,16,128,1913.2
64,2048,16,256,2017.31
64,2048,16,512,2225.71
64,2048,16,1024,2659.82
64,2048,16,2048,3515.92
64,2048,16,4096,6181.27
64,2048,16,8192,10366
64,2048,32,16,1848.46
64,2048,32,32,1882.94
64,2048,32,64,2004.37
64,2048,32,128,2173.9
64,2048,32,256,2459.87
64,2048,32,512,3072.46
64,2048,32,1024,3538.65
64,2048,32,2048,5244.3
64,2048,32,4096,8678.53
64,2048,32,8192,15530.3
64,2048,64,16,1722.48
64,2048,64,32,1869.71
64,2048,64,64,2026.21
64,2048,64,128,2117.7
64,2048,64,256,2453.52
64,2048,64,512,3372.93
64,2048,64,1024,4798.98
64,2048,64,2048,6400.62
64,2048,64,4096,12574.4
64,2048,64,8192,24971.5
64,2048,128,16,1719.21
64,2048,128,32,1942.83
64,2048,128,64,2175.23
64,2048,128,128,2690.35
64,2048,128,256,3275.31
64,2048,128,512,4386.46
64,2048,128,1024,7154.65
64,2048,128,2048,13919.2
64,2048,128,4096,24408.4
64,2048,128,8192,43551.7
64,4096,0,0,2864.72
64,4096,1,16,2856.76
64,4096,1,32,2859.98
64,4096,1,64,2859.48
64,4096,1,128,2856.85
64,4096,1,256,2861.48
64,4096,1,512,2862.09
64,4096,1,1024,2859.6
64,4096,1,2048,2863.96
64,4096,1,4096,2863.11
64,4096,1,8192,4553.38
64,4096,2,16,2866.72
64,4096,2,32,2866.45
64,4096,2,64,2863.79
64,4096,2,128,2866.26
64,4096,2,256,2867.5
64,4096,2,512,2866
64,4096,2,1024,2863.77
64,4096,2,2048,2865.98
64,4096,2,4096,2863.21
64,4096,2,8192,4518.49
64,4096,4,16,2867.94
64,4096,4,32,2866.06
64,4096,4,64,2865.6
64,4096,4,128,2864.79
64,4096,4,256,2870.1
64,4096,4,512,2869.05
64,4096,4,1024,2872.06
64,4096,4,2048,2870.57
64,4096,4,4096,2868.99
64,4096,4,8192,4576.6
64,4096,8,16,2877.46
64,4096,8,32,2889.9
64,4096,8,64,2905.18
64,4096,8,128,2965.73
64,4096,8,256,3053.29
64,4096,8,512,3227.05
64,4096,8,1024,3577.12
64,4096,8,2048,4281.39
64,4096,8,4096,5675.74
64,4096,8,8192,8466.52
64,4096,16,16,2878.05
64,4096,16,32,2898.38
64,4096,16,64,2923.09
64,4096,16,128,2967.24
64,4096,16,256,3062.21
64,4096,16,512,3229.39
64,4096,16,1024,3575.76
64,4096,16,2048,4282.74
64,4096,16,4096,5691.34
64,4096,16,8192,10850.8
64,4096,32,16,2919.14
64,4096,32,32,2980.16
64,4096,32,64,3044.27
64,4096,32,128,3186.26
64,4096,32,256,3411.85
64,4096,32,512,3972.57
64,4096,32,1024,5021.18
64,4096,32,2048,5714.61
64,4096,32,4096,8504.11
64,4096,32,8192,14123
64,4096,64,16,2984.62
64,4096,64,32,3093.06
64,4096,64,64,3185.6
64,4096,64,128,3372.2
64,4096,64,256,3667.03
64,4096,64,512,4384.5
64,4096,64,1024,7316.71
64,4096,64,2048,10413.6
64,4096,64,4096,11870.9
64,4096,64,8192,19368.9
64,4096,128,16,2321.37
64,4096,128,32,2484.83
64,4096,128,64,2634.64
64,4096,128,128,3015.19
64,4096,128,256,3405
64,4096,128,512,4435.84
64,4096,128,1024,6069.47
64,4096,128,2048,8480.23
64,4096,128,4096,16637
64,4096,128,8192,29339.2
64,8192,0,0,3997.06
64,8192,1,16,3990.87
64,8192,1,32,3991.55
64,8192,1,64,3994.67
64,8192,1,128,3989.64
64,8192,1,256,3992.1
64,8192,1,512,3999.28
64,8192,1,1024,3993.01
64,8192,1,2048,3991.73
64,8192,1,4096,3993.12
64,8192,1,8192,4000.52
64,8192,2,16,3999.4
64,8192,2,32,3995.34
64,8192,2,64,3992.14
64,8192,2,128,3999.78
64,8192,2,256,3994.08
64,8192,2,512,3995.04
64,8192,2,1024,3997.97
64,8192,2,2048,3998.22
64,8192,2,4096,3991.56
64,8192,2,8192,4000.02
64,8192,4,16,3996.26
64,8192,4,32,3994.09
64,8192,4,64,4006.46
64,8192,4,128,4005.83
64,8192,4,256,4005.91
64,8192,4,512,4007.19
64,8192,4,1024,4011.43
64,8192,4,2048,4008.44
64,8192,4,4096,4008.04
64,8192,4,8192,4027.65
64,8192,8,16,4011.28
64,8192,8,32,4027.16
64,8192,8,64,4048.49
64,8192,8,128,4082.63
64,8192,8,256,4130.97
64,8192,8,512,4259.26
64,8192,8,1024,4501.98
64,8192,8,2048,5002.38
64,8192,8,4096,5993.07
64,8192,8,8192,7965.83
64,8192,16,16,4015.94
64,8192,16,32,4028
64,8192,16,64,4039.22
64,8192,16,128,4069.82
64,8192,16,256,4132
64,8192,16,512,4356.27
64,8192,16,1024,4612.41
64,8192,16,2048,5113.3
64,8192,16,4096,6133.84
64,8192,16,8192,8153.77
64,8192,32,16,4134.71
64,8192,32,32,4158.43
64,8192,32,64,4291.55
64,8192,32,128,4400.58
64,8192,32,256,4554.16
64,8192,32,512,4985.59
64,8192,32,1024,8581.72
64,8192,32,2048,10895.5
64,8192,32,4096,11660
64,8192,32,8192,17445.8
64,8192,64,16,5956.6
64,8192,64,32,6074.9
64,8192,64,64,6224.71
64,8192,64,128,6360.93
64,8192,64,256,6754.66
64,8192,64,512,7496.99
64,8192,64,1024,9319.24
64,8192,64,2048,11343.2
64,8192,64,4096,14712.7
64,8192,64,8192,17935.6
64,8192,128,16,4666.21
64,8192,128,32,4844.9
64,8192,128,64,5026.38
64,8192,128,128,5426.27
64,8192,128,256,5925.99
64,8192,128,512,7710.68
64,8192,128,1024,9386.15
64,8192,128,2048,13369.7
64,8192,128,4096,15908.1
64,8192,128,8192,31374
128,0,0,0,99.9353
128,0,1,16,111.807
128,0,1,32,109.417
128,0,1,64,110.708
128,0,1,128,111.807
128,0,1,256,160.084
128,0,1,512,248.541
128,0,1,1024,362.993
128,0,1,2048,665.496
128,0,1,4096,1503.63
128,0,1,8192,2403.69
128,0,2,16,109.801
128,0,2,32,112.543
128,0,2,64,111.305
128,0,2,128,120.009
128,0,2,256,170.302
128,0,2,512,250.185
128,0,2,1024,472.624
128,0,2,2048,781.656
128,0,2,4096,1500.04
128,0,2,8192,3403.73
128,0,4,16,104.233
128,0,4,32,114.121
128,0,4,64,113.46
128,0,4,128,126.569
128,0,4,256,168.264
128,0,4,512,276.306
128,0,4,1024,480.218
128,0,4,2048,1030.19
128,0,4,4096,1981.08
128,0,4,8192,3942.4
128,0,8,16,112.265
128,0,8,32,115.775
128,0,8,64,122.015
128,0,8,128,144.841
128,0,8,256,206.568
128,0,8,512,319.356
128,0,8,1024,568.986
128,0,8,2048,1046.98
128,0,8,4096,2012.31
128,0,8,8192,3952.76
128,0,16,16,117.929
128,0,16,32,128.724
128,0,16,64,141.962
128,0,16,128,292.946
128,0,16,256,450.406
128,0,16,512,651.63
128,0,16,1024,1065.26
128,0,16,2048,1900.14
128,0,16,4096,3579.66
128,0,16,8192,7103.4
128,0,32,16,228.851
128,0,32,32,265.064
128,0,32,64,309.148
128,0,32,128,415.834
128,0,32,256,621.038
128,0,32,512,1062.4
128,0,32,1024,1900.46
128,0,32,2048,3614.12
128,0,32,4096,7073.24
128,0,32,8192,13929.4
128,0,64,16,213.864
128,0,64,32,273.618
128,0,64,64,346.013
128,0,64,128,499.226
128,0,64,256,812.589
128,0,64,512,1480.97
128,0,64,1024,2840.95
128,0,64,2048,5567.73
128,0,64,4096,11010.4
128,0,64,8192,18654.1
128,0,128,16,220.456
128,0,128,32,321.49
128,0,128,64,432.103
128,0,128,128,663.587
128,0,128,256,1117.25
128,0,128,512,2054.47
128,0,128,1024,3918.12
128,0,128,2048,7648.61
128,0,128,4096,15110.6
128,0,128,8192,27334.2
128,16,0,0,121.14
128,16,1,16,125.641
128,16,1,32,121.258
128,16,1,64,122.303
128,16,1,128,129.79
128,16,1,256,159.657
128,16,1,512,224.456
128,16,1,1024,488.581
128,16,1,2048,790.157
128,16,1,4096,1241.31
128,16,1,8192,2441.29
128,16,2,16,126.367
128,16,2,32,120.49
128,16,2,64,122.867
128,16,2,128,139.753
128,16,2,256,167.934
128,16,2,512,295.144
128,16,2,1024,446.118
128,16,2,2048,792.898
128,16,2,4096,1288.03
128,16,2,8192,3485.81
128,16,4,16,127.743
128,16,4,32,137.918
128,16,4,64,134.793
128,16,4,128,144.073
128,16,4,256,206.771
128,16,4,512,305.095
128,16,4,1024,549.764
128,16,4,2048,1040.36
128,16,4,4096,2015.16
128,16,4,8192,3966.18
128,16,8,16,133.076
128,16,8,32,138.27
128,16,8,64,139.626
128,16,8,128,162.314
128,16,8,256,214.686
128,16,8,512,581.135
128,16,8,1024,1015.24
128,16,8,2048,1892.04
128,16,8,4096,3580.17
128,16,8,8192,7003.32
128,16,16,16,235.165
128,16,16,32,262.408
128,16,16,64,284.349
128,16,16,128,328.466
128,16,16,256,497.211
128,16,16,512,720.653
128,16,16,1024,1148.34
128,16,16,2048,1992.85
128,16,16,4096,3734.87
128,16,16,8192,7138.9
128,16,32,16,269.96
128,16,32,32,303.197
128,16,32,64,335.421
128,16,32,128,429.276
128,16,32,256,647.171
128,16,32,512,1079.98
128,16,32,1024,1933.18
128,16,32,2048,3641.66
128,16,32,4096,7094.45
128,16,32,8192,13964
128,16,64,16,293.128
128,16,64,32,378.748
128,16,64,64,459.835
128,16,64,128,651.684
128,16,64,256,1032.95
128,16,64,512,1872.35
128,16,64,1024,3572.92
128,16,64,2048,7000.5
128,16,64,4096,13844.5
128,16,64,8192,27540.8
128,16,128,16,352.636
128,16,128,32,495.312
128,16,128,64,644.259
128,16,128,128,979.925
128,16,128,256,1639.96
128,16,128,512,3004.08
128,16,128,1024,5709.3
128,16,128,2048,11158.3
128,16,128,4096,19592.3
128,16,128,8192,31326.1
128,32,0,0,152.008
128,32,1,16,149.311
128,32,1,32,152.905
128,32,1,64,153.235
128,32,1,128,150.878
128,32,1,256,191.337
128,32,1,512,266.386
128,32,1,1024,416.39
128,32,1,2048,731.928
128,32,1,4096,1329.7
128,32,1,8192,2632.07
128,32,2,16,148.415
128,32,2,32,153.055
128,32,2,64,154.217
128,32,2,128,162.515
128,32,2,256,197.544
128,32,2,512,275.763
128,32,2,1024,431.281
128,32,2,2048,741.902
128,32,2,4096,1646.38
128,32,2,8192,3171.77
128,32,4,16,246.077
128,32,4,32,263.293
128,32,4,64,249.843
128,32,4,128,256.232
128,32,4,256,362.471
128,32,4,512,547.237
128,32,4,1024,961.013
128,32,4,2048,1851.03
128,32,4,4096,3118.09
128,32,4,8192,6093.78
128,32,8,16,263.709
128,32,8,32,253.97
128,32,8,64,255.165
128,32,8,128,291.89
128,32,8,256,403.708
128,32,8,512,626.02
128,32,8,1024,1044.22
128,32,8,2048,1902.85
128,32,8,4096,3592.68
128,32,8,8192,7035.21
128,32,16,16,267.175
128,32,16,32,289.736
128,32,16,64,301.757
128,32,16,128,355.793
128,32,16,256,504.856
128,32,16,512,750.467
128,32,16,1024,1180.22
128,32,16,2048,2057.44
128,32,16,4096,3759.35
128,32,16,8192,7259.11
128,32,32,16,288.327
128,32,32,32,326.524
128,32,32,64,367.772
128,32,32,128,444.721
128,32,32,256,685.433
128,32,32,512,1112.85
128,32,32,1024,1945.23
128,32,32,2048,3689.35
128,32,32,4096,7107.11
128,32,32,8192,13991.5
128,32,64,16,344.338
128,32,64,32,406.439
128,32,64,64,491.43
128,32,64,128,677.56
128,32,64,256,1045.12
128,32,64,512,1876.38
128,32,64,1024,3584.29
128,32,64,2048,7008.24
128,32,64,4096,13861.8
128,32,64,8192,25010.9
128,32,128,16,343.388
128,32,128,32,474.299
128,32,128,64,603.439
128,32,128,128,893.314
128,32,128,256,1497.58
128,32,128,512,2720.38
128,32,128,1024,5168.2
128,32,128,2048,10080.2
128,32,128,4096,18433.6
128,32,128,8192,30385.9
128,64,0,0,174.634
128,64,1,16,175.284
128,64,1,32,186.153
128,64,1,64,177.438
128,64,1,128,298.706
128,64,1,256,330.652
128,64,1,512,465.733
128,64,1,1024,716.846
128,64,1,2048,1242.56
128,64,1,4096,2308.43
128,64,1,8192,4293.85
128,64,2,16,295.133
128,64,2,32,303.645
128,64,2,64,304.359
128,64,2,128,306.781
128,64,2,256,337.949
128,64,2,512,473.008
128,64,2,1024,809.324
128,64,2,2048,1662.41
128,64,2,4096,2261.95
128,64,2,8192,4341.19
128,64,4,16,317.02
128,64,4,32,319.261
128,64,4,64,313.938
128,64,4,128,330.29
128,64,4,256,370.812
128,64,4,512,533.189
128,64,4,1024,987.871
128,64,4,2048,1878.03
128,64,4,4096,3550.98
128,64,4,8192,6085.69
128,64,8,16,311.431
128,64,8,32,322.439
128,64,8,64,321.138
128,64,8,128,342.472
128,64,8,256,471.292
128,64,8,512,682.904
128,64,8,1024,1116.68
128,64,8,2048,1963.17
128,64,8,4096,3673.74
128,64,8,8192,7113.81
128,64,16,16,314.621
128,64,16,32,343.324
128,64,16,64,362.247
128,64,16,128,414.971
128,64,16,256,537.868
128,64,16,512,804.93
128,64,16,1024,1203.81
128,64,16,2048,2106.31
128,64,16,4096,3827.82
128,64,16,8192,7270.33
128,64,32,16,333.853
128,64,32,32,380.124
128,64,32,64,414.705
128,64,32,128,502.799
128,64,32,256,730.808
128,64,32,512,1176.78
128,64,32,1024,2019.32
128,64,32,2048,3739.06
128,64,32,4096,7153.84
128,64,32,8192,13986.7
128,64,64,16,356.039
128,64,64,32,410.823
128,64,64,64,480.944
128,64,64,128,626.628
128,64,64,256,974.07
128,64,64,512,1675.84
128,64,64,1024,3077.8
128,64,64,2048,6216.96
128,64,64,4096,12288.3
128,64,64,8192,24411.7
128,64,128,16,388.668
128,64,128,32,507.012
128,64,128,64,634.489
128,64,128,128,893.985
128,64,128,256,1486.31
128,64,128,512,2673.68
128,64,128,1024,6328.62
128,64,128,2048,12326.3
128,64,128,4096,23778.6
128,64,128,8192,41037.2
128,128,0,0,297.052
128,128,1,16,301.779
128,128,1,32,303.975
128,128,1,64,305.256
128,128,1,128,297.085
128,128,1,256,305.223
128,128,1,512,412.658
128,128,1,1024,633.283
128,128,1,2048,958.646
128,128,1,4096,2047.1
128,128,1,8192,3297.21
128,128,2,16,300.102
128,128,2,32,306.162
128,128,2,64,305.202
128,128,2,128,310.461
128,128,2,256,306.79
128,128,2,512,411.078
128,128,2,1024,583.962
128,128,2,2048,1109.01
128,128,2,4096,2047.01
128,128,2,8192,3930.54
128,128,4,16,310.301
128,128,4,32,314.685
128,128,4,64,315.069
128,128,4,128,316.989
128,128,4,256,338.556
128,128,4,512,477.318
128,128,4,1024,805.164
128,128,4,2048,1430.99
128,128,4,4096,2705.91
128,128,4,8192,4572.64
128,128,8,16,311.57
128,128,8,32,321.245
128,128,8,64,322.461
128,128,8,128,336.402
128,128,8,256,377.574
128,128,8,512,553.072
128,128,8,1024,881.504
128,128,8,2048,1522.06
128,128,8,4096,2783.49
128,128,8,8192,5346.36
128,128,16,16,318.002
128,128,16,32,331.079
128,128,16,64,347.772
128,128,16,128,382.151
128,128,16,256,460.998
128,128,16,512,683.341
128,128,16,1024,1055.3
128,128,16,2048,1660.68
128,128,16,4096,2948.93
128,128,16,8192,5489.39
128,128,32,16,323.239
128,128,32,32,360.562
128,128,32,64,399.963
128,128,32,128,456.624
128,128,32,256,601.252
128,128,32,512,947.499
128,128,32,1024,1569.43
128,128,32,2048,2850.92
128,128,32,4096,5393.81
128,128,32,8192,10475.7
128,128,64,16,378.78
128,128,64,32,432.379
128,128,64,64,493.21
128,128,64,128,601.827
128,128,64,256,889.057
128,128,64,512,1473.15
128,128,64,1024,2631.99
128,128,64,2048,4967.69
128,128,64,4096,10031.1
128,128,64,8192,19415.1
128,128,128,16,383.27
128,128,128,32,472.39
128,128,128,64,908.288
128,128,128,128,1222.63
128,128,128,256,1935.96
128,128,128,512,3396.72
128,128,128,1024,6381.8
128,128,128,2048,12376.4
128,128,128,4096,19666.1
128,128,128,8192,37608.4
128,256,0,0,458.523
128,256,1,16,454.396
128,256,1,32,457.233
128,256,1,64,454.875
128,256,1,128,450.395
128,256,1,256,456.507
128,256,1,512,500.805
128,256,1,1024,682.104
128,256,1,2048,1044.39
128,256,1,4096,1753.09
128,256,1,8192,3967.49
128,256,2,16,458.619
128,256,2,32,451.525
128,256,2,64,453.862
128,256,2,128,456.496
128,256,2,256,455.58
128,256,2,512,507.12
128,256,2,1024,709.092
128,256,2,2048,1224.14
128,256,2,4096,1830.26
128,256,2,8192,3350.35
128,256,4,16,469.638
128,256,4,32,465.062
128,256,4,64,460.592
128,256,4,128,459.899
128,256,4,256,456.432
128,256,4,512,545.071
128,256,4,1024,826.882
128,256,4,2048,1455.02
128,256,4,4096,2739.98
128,256,4,8192,5247.98
128,256,8,16,470.779
128,256,8,32,473.264
128,256,8,64,478.181
128,256,8,128,485.883
128,256,8,256,485.787
128,256,8,512,629.763
128,256,8,1024,1005.68
128,256,8,2048,1628.27
128,256,8,4096,2877.12
128,256,8,8192,5439.66
128,256,16,16,472.55
128,256,16,32,480.336
128,256,16,64,494.885
128,256,16,128,532.517
128,256,16,256,615.332
128,256,16,512,757.272
128,256,16,1024,1296.12
128,256,16,2048,1892.35
128,256,16,4096,3171.6
128,256,16,8192,5668.65
128,256,32,16,484.027
128,256,32,32,520.89
128,256,32,64,524.836
128,256,32,128,636.953
128,256,32,256,723.992
128,256,32,512,1042
128,256,32,1024,1726.49
128,256,32,2048,2969.4
128,256,32,4096,5469.39
128,256,32,8192,10493.6
128,256,64,16,523.631
128,256,64,32,591.908
128,256,64,64,670.339
128,256,64,128,1037.01
128,256,64,256,1343.54
128,256,64,512,2128.88
128,256,64,1024,3607.37
128,256,64,2048,6775.49
128,256,64,4096,13228.5
128,256,64,8192,24678.9
128,256,128,16,728.685
128,256,128,32,852.377
128,256,128,64,1005.34
128,256,128,128,1280.28
128,256,128,256,1846.98
128,256,128,512,3134.53
128,256,128,1024,5753.77
128,256,128,2048,11058.6
128,256,128,4096,20576.1
128,256,128,8192,36420.7
128,512,0,0,703.363
128,512,1,16,708.141
128,512,1,32,713.048
128,512,1,64,712.281
128,512,1,128,714.638
128,512,1,256,708.44
128,512,1,512,710.254
128,512,1,1024,858.828
128,512,1,2048,1325.84
128,512,1,4096,1876.98
128,512,1,8192,3816.42
128,512,2,16,711.885
128,512,2,32,715.32
128,512,2,64,712.951
128,512,2,128,716.76
128,512,2,256,719.516
128,512,2,512,721.048
128,512,2,1024,843.201
128,512,2,2048,1340.38
128,512,2,4096,1868.82
128,512,2,8192,3829.99
128,512,4,16,722.136
128,512,4,32,722.371
128,512,4,64,723.317
128,512,4,128,720.013
128,512,4,256,725.432
128,512,4,512,723.533
128,512,4,1024,926.08
128,512,4,2048,1481.98
128,512,4,4096,2681.52
128,512,4,8192,5024.62
128,512,8,16,718.339
128,512,8,32,728.952
128,512,8,64,731.074
128,512,8,128,737.187
128,512,8,256,741.069
128,512,8,512,745.272
128,512,8,1024,1190.96
128,512,8,2048,1767.67
128,512,8,4096,2889.28
128,512,8,8192,5227.67
128,512,16,16,726.937
128,512,16,32,742.264
128,512,16,64,747.438
128,512,16,128,791.874
128,512,16,256,841.259
128,512,16,512,1006.49
128,512,16,1024,1304.39
128,512,16,2048,2121.12
128,512,16,4096,3248.79
128,512,16,8192,5649.92
128,512,32,16,735.788
128,512,32,32,761.645
128,512,32,64,1149.01
128,512,32,128,1188.8
128,512,32,256,1494.22
128,512,32,512,1859.56
128,512,32,1024,2698.31
128,512,32,2048,4478.77
128,512,32,4096,7902.09
128,512,32,8192,14773.5
128,512,64,16,922.23
128,512,64,32,980.725
128,512,64,64,1060.03
128,512,64,128,1222
128,512,64,256,1444.84
128,512,64,512,1948.84
128,512,64,1024,3269.77
128,512,64,2048,5636.42
128,512,64,4096,10648.6
128,512,64,8192,19242
128,512,128,16,825.132
128,512,128,32,953.333
128,512,128,64,1083.97
128,512,128,128,1294.89
128,512,128,256,1684.6
128,512,128,512,2552.35
128,512,128,1024,4513.59
128,512,128,2048,8502.2
128,512,128,4096,16376.7
128,512,128,8192,28947.3
128,1024,0,0,1079.31
128,1024,1,16,1076.83
128,1024,1,32,1077.52
128,1024,1,64,1079.66
128,1024,1,128,1087.33
128,1024,1,256,1090.84
128,1024,1,512,1092
128,1024,1,1024,1086.86
128,1024,1,2048,1360.69
128,1024,1,4096,2009.93
128,1024,1,8192,3074.48
128,1024,2,16,1091.15
128,1024,2,32,1092.39
128,1024,2,64,1094.19
128,1024,2,128,1093.73
128,1024,2,256,1090.21
128,1024,2,512,1091.33
128,1024,2,1024,1091.35
128,1024,2,2048,1350.81
128,1024,2,4096,2062.72
128,1024,2,8192,3884.9
128,1024,4,16,1098.16
128,1024,4,32,1094.32
128,1024,4,64,1098.92
128,1024,4,128,1094.14
128,1024,4,256,1095.93
128,1024,4,512,1095.44
128,1024,4,1024,1111.55
128,1024,4,2048,1538.98
128,1024,4,4096,2562.23
128,1024,4,8192,4019.24
128,1024,8,16,1108.65
128,1024,8,32,1927.67
128,1024,8,64,1941.3
128,1024,8,128,1950.43
128,1024,8,256,1948.47
128,1024,8,512,1946.12
128,1024,8,1024,1938.11
128,1024,8,2048,3203.98
128,1024,8,4096,5162
128,1024,8,8192,8590.65
128,1024,16,16,1926.94
128,1024,16,32,1947.62
128,1024,16,64,1964.2
128,1024,16,128,2009.24
128,1024,16,256,2126.61
128,1024,16,512,2328.25
128,1024,16,1024,2758.22
128,1024,16,2048,3591.45
128,1024,16,4096,5852.67
128,1024,16,8192,9667.07
128,1024,32,16,1952.68
128,1024,32,32,1988.34
128,1024,32,64,2006.27
128,1024,32,128,2063.63
128,1024,32,256,2147.84
128,1024,32,512,2790.39
128,1024,32,1024,3573.69
128,1024,32,2048,5290.59
128,1024,32,4096,8765.19
128,1024,32,8192,15341.6
128,1024,64,16,1848.16
128,1024,64,32,1910.86
128,1024,64,64,2016.51
128,1024,64,128,2139.81
128,1024,64,256,2356.59
128,1024,64,512,3037.49
128,1024,64,1024,4205.6
128,1024,64,2048,7322.87
128,1024,64,4096,12643.4
128,1024,64,8192,24994.1
128,1024,128,16,1734.57
128,1024,128,32,1896.98
128,1024,128,64,2036.82
128,1024,128,128,2374.11
128,1024,128,256,2887.69
128,1024,128,512,3872.92
128,1024,128,1024,6010.93
128,1024,128,2048,10963
128,1024,128,4096,20179.5
128,1024,128,8192,33967.5
128,2048,0,0,2088.72
128,2048,1,16,2097.9
128,2048,1,32,3607.53
128,2048,1,64,3610.64
128,2048,1,128,3605.28
128,2048,1,256,3604.93
128,2048,1,512,3611.37
128,2048,1,1024,3609.46
128,2048,1,2048,3608.76
128,2048,1,4096,4357.57
128,2048,1,8192,6648.08
128,2048,2,16,3614.74
128,2048,2,32,3625.11
128,2048,2,64,3617.11
128,2048,2,128,3618.73
128,2048,2,256,3620.72
128,2048,2,512,3627.41
128,2048,2,1024,3612.61
128,2048,2,2048,3617.69
128,2048,2,4096,4605.44
128,2048,2,8192,7504.95
128,2048,4,16,3625.16
128,2048,4,32,3634.09
128,2048,4,64,3625.68
128,2048,4,128,3629.65
128,2048,4,256,3636.55
128,2048,4,512,3632.96
128,2048,4,1024,3635.02
128,2048,4,2048,3630.33
128,2048,4,4096,5259.07
128,2048,4,8192,8687.56
128,2048,8,16,3623.74
128,2048,8,32,3646.33
128,2048,8,64,3633.97
128,2048,8,128,3651.18
128,2048,8,256,3651.93
128,2048,8,512,3654.97
128,2048,8,1024,3653.01
128,2048,8,2048,3651.82
128,2048,8,4096,6753.83
128,2048,8,8192,10417.1
128,2048,16,16,3636.86
128,2048,16,32,3657.29
128,2048,16,64,3681.97
128,2048,16,128,3726.23
128,2048,16,256,3774.49
128,2048,16,512,4039.62
128,2048,16,1024,4495.5
128,2048,16,2048,5347.26
128,2048,16,4096,7059.23
128,2048,16,8192,12048.4
128,2048,32,16,3563.28
128,2048,32,32,3601.8
128,2048,32,64,3615.66
128,2048,32,128,3660.8
128,2048,32,256,3771.37
128,2048,32,512,3978.8
128,2048,32,1024,5201.93
128,2048,32,2048,6807.89
128,2048,32,4096,10155.9
128,2048,32,8192,16839.9
128,2048,64,16,3600.22
128,2048,64,32,3667.71
128,2048,64,64,3788.94
128,2048,64,128,3938.77
128,2048,64,256,4260.69
128,2048,64,512,4834.83
128,2048,64,1024,6105.4
128,2048,64,2048,8597.36
128,2048,64,4096,15177.7
128,2048,64,8192,24083.7
128,2048,128,16,3229.53
128,2048,128,32,3376.82
128,2048,128,64,3514.32
128,2048,128,128,3820.69
128,2048,128,256,4489.29
128,2048,128,512,5493.62
128,2048,128,1024,8940.56
128,2048,128,2048,13700.3
128,2048,128,4096,25300.4
128,2048,128,8192,40947.1
128,4096,0,0,5085.07
128,4096,1,16,5079.51
128,4096,1,32,5079.2
128,4096,1,64,5087.95
128,4096,1,128,5081.35
128,4096,1,256,5085.14
128,4096,1,512,5083.46
128,4096,1,1024,5078.49
128,4096,1,2048,5083.7
128,4096,1,4096,5080.88
128,4096,1,8192,6473.21
128,4096,2,16,5074.98
128,4096,2,32,5084.84
128,4096,2,64,5087.5
128,4096,2,128,5083.42
128,4096,2,256,5083.27
128,4096,2,512,5084.16
128,4096,2,1024,5081.01
128,4096,2,2048,5090.48
128,4096,2,4096,5084.6
128,4096,2,8192,6480.5
128,4096,4,16,5082.92
128,4096,4,32,5087.91
128,4096,4,64,5098.78
128,4096,4,128,5082.67
128,4096,4,256,5087.5
128,4096,4,512,5092.7
128,4096,4,1024,5093.9
128,4096,4,2048,5092.28
128,4096,4,4096,5091.79
128,4096,4,8192,7205.14
128,4096,8,16,5084.65
128,4096,8,32,5093.64
128,4096,8,64,5090.86
128,4096,8,128,5098.28
128,4096,8,256,5100.07
128,4096,8,512,5099.96
128,4096,8,1024,5111.99
128,4096,8,2048,5106.49
128,4096,8,4096,5099.83
128,4096,8,8192,9622.34
128,4096,16,16,5089.02
128,4096,16,32,5111.28
128,4096,16,64,5117.81
128,4096,16,128,5165.64
128,4096,16,256,5217.19
128,4096,16,512,5385.46
128,4096,16,1024,5692.53
128,4096,16,2048,6304.48
128,4096,16,4096,7557.05
128,4096,16,8192,10066.8
128,4096,32,16,5111.76
128,4096,32,32,5144.71
128,4096,32,64,5156.44
128,4096,32,128,5189.92
128,4096,32,256,5265.39
128,4096,32,512,5443.77
128,4096,32,1024,5747.95
128,4096,32,2048,7570.33
128,4096,32,4096,9991.01
128,4096,32,8192,14942.6
128,4096,64,16,4204.46
128,4096,64,32,4436.08
128,4096,64,64,4504.22
128,4096,64,128,4605.82
128,4096,64,256,4904.1
128,4096,64,512,5379.02
128,4096,64,1024,5990.22
128,4096,64,2048,7821.43
128,4096,64,4096,11104.3
128,4096,64,8192,19351.6
128,4096,128,16,4307.86
128,4096,128,32,4410.33
128,4096,128,64,6601.88
128,4096,128,128,7907.67
128,4096,128,256,8439.56
128,4096,128,512,10200.5
128,4096,128,1024,11187.6
128,4096,128,2048,14122.5
128,4096,128,4096,22554
128,4096,128,8192,37153.1
128,8192,0,0,9173.85
128,8192,1,16,9162.19
128,8192,1,32,9167.56
128,8192,1,64,9174.64
128,8192,1,128,9170.47
128,8192,1,256,9167.56
128,8192,1,512,9169.42
128,8192,1,1024,9170.13
128,8192,1,2048,9170.26
128,8192,1,4096,9162.77
128,8192,1,8192,9169.44
128,8192,2,16,9163.68
128,8192,2,32,9170.52
128,8192,2,64,9169.36
128,8192,2,128,9167.71
128,8192,2,256,9175.58
128,8192,2,512,9170.34
128,8192,2,1024,9168.2
128,8192,2,2048,9165.46
128,8192,2,4096,9163.79
128,8192,2,8192,9169.85
128,8192,4,16,9174.43
128,8192,4,32,9176.21
128,8192,4,64,9173.09
128,8192,4,128,9176.21
128,8192,4,256,9174.13
128,8192,4,512,9175.54
128,8192,4,1024,9174.65
128,8192,4,2048,9178.9
128,8192,4,4096,9173
128,8192,4,8192,9172.95
128,8192,8,16,9174.99
128,8192,8,32,9174.87
128,8192,8,64,9183.1
128,8192,8,128,9190.69
128,8192,8,256,9187.88
128,8192,8,512,9194.81
128,8192,8,1024,9192.77
128,8192,8,2048,9190.9
128,8192,8,4096,9190.88
128,8192,8,8192,9204.64
128,8192,16,16,9176.84
128,8192,16,32,9199.5
128,8192,16,64,9202.72
128,8192,16,128,9219.49
128,8192,16,256,9296.62
128,8192,16,512,9409.6
128,8192,16,1024,9706.26
128,8192,16,2048,10304.1
128,8192,16,4096,11423.8
128,8192,16,8192,13698.3
128,8192,32,16,9183.19
128,8192,32,32,9228.27
128,8192,32,64,9242
128,8192,32,128,9281.18
128,8192,32,256,9332.66
128,8192,32,512,9513.78
128,8192,32,1024,9763.34
128,8192,32,2048,10365.3
128,8192,32,4096,13694
128,8192,32,8192,16224.4
128,8192,64,16,7885.03
128,8192,64,32,8368.32
128,8192,64,64,8721.44
128,8192,64,128,9120.8
128,8192,64,256,9327.79
128,8192,64,512,9736.73
128,8192,64,1024,10561.2
128,8192,64,2048,11874
128,8192,64,4096,15449
128,8192,64,8192,21779.1
128,8192,128,16,8139.92
128,8192,128,32,8488.19
128,8192,128,64,8672.45
128,8192,128,128,10018.6
128,8192,128,256,10413.9
128,8192,128,512,11349.9
128,8192,128,1024,20037.2
128,8192,128,2048,22297.8
128,8192,128,4096,27342.2
128,8192,128,8192,39479.6
256,0,0,0,312.487
256,0,1,16,314.888
256,0,1,32,313.373
256,0,1,64,324.498
256,0,1,128,314.544
256,0,1,256,323.9
256,0,1,512,393.895
256,0,1,1024,582.032
256,0,1,2048,978.635
256,0,1,4096,1459.85
256,0,1,8192,3186.18
256,0,2,16,315.282
256,0,2,32,317.917
256,0,2,64,320.072
256,0,2,128,328.232
256,0,2,256,327.324
256,0,2,512,393.564
256,0,2,1024,597.082
256,0,2,2048,1091.95
256,0,2,4096,1963.05
256,0,2,8192,3815.28
256,0,4,16,307.965
256,0,4,32,332.198
256,0,4,64,328.37
256,0,4,128,337.415
256,0,4,256,356.37
256,0,4,512,453.435
256,0,4,1024,713.54
256,0,4,2048,1209.65
256,0,4,4096,2261.33
256,0,4,8192,4338.62
256,0,8,16,324.626
256,0,8,32,336.882
256,0,8,64,324.808
256,0,8,128,356.476
256,0,8,256,388.732
256,0,8,512,530.927
256,0,8,1024,792.621
256,0,8,2048,1296.65
256,0,8,4096,2327.93
256,0,8,8192,4402.6
256,0,16,16,334.546
256,0,16,32,336.264
256,0,16,64,360.647
256,0,16,128,387.431
256,0,16,256,450.503
256,0,16,512,636.772
256,0,16,1024,987.499
256,0,16,2048,1507.16
256,0,16,4096,2527.2
256,0,16,8192,4606.44
256,0,32,16,340.776
256,0,32,32,369.095
256,0,32,64,393.34
256,0,32,128,447.867
256,0,32,256,561.787
256,0,32,512,841.56
256,0,32,1024,1362.28
256,0,32,2048,2438.61
256,0,32,4096,4549.39
256,0,32,8192,8780.22
256,0,64,16,369.969
256,0,64,32,426.737
256,0,64,64,510.48
256,0,64,128,617.818
256,0,64,256,871.533
256,0,64,512,1364.37
256,0,64,1024,2435.32
256,0,64,2048,4703.31
256,0,64,4096,9230.53
256,0,64,8192,17532.4
256,0,128,16,418.033
256,0,128,32,516.678
256,0,128,64,1018.47
256,0,128,128,1359.04
256,0,128,256,2036.11
256,0,128,512,3494.26
256,0,128,1024,6472.84
256,0,128,2048,12460
256,0,128,4096,23164.3
256,0,128,8192,40251.1
256,16,0,0,453.019
256,16,1,16,452.156
256,16,1,32,450.085
256,16,1,64,449.308
256,16,1,128,456.315
256,16,1,256,455.921
256,16,1,512,539.098
256,16,1,1024,738.744
256,16,1,2048,1215.66
256,16,1,4096,1868.62
256,16,1,8192,4215.8
256,16,2,16,438.897
256,16,2,32,446.054
256,16,2,64,462.193
256,16,2,128,455.632
256,16,2,256,470.011
256,16,2,512,556.687
256,16,2,1024,780.942
256,16,2,2048,1510
256,16,2,4096,1925.64
256,16,2,8192,4828.64
256,16,4,16,455.089
256,16,4,32,456.315
256,16,4,64,459.76
256,16,4,128,462.512
256,16,4,256,480.881
256,16,4,512,614.863
256,16,4,1024,925.1
256,16,4,2048,1594.99
256,16,4,4096,2928.45
256,16,4,8192,5619.41
256,16,8,16,469.104
256,16,8,32,472.102
256,16,8,64,470.363
256,16,8,128,505.114
256,16,8,256,529.861
256,16,8,512,676.241
256,16,8,1024,995.84
256,16,8,2048,1719.29
256,16,8,4096,3037.54
256,16,8,8192,5701.8
256,16,16,16,457.478
256,16,16,32,487.515
256,16,16,64,496.112
256,16,16,128,532.464
256,16,16,256,601.466
256,16,16,512,842.306
256,16,16,1024,1300.22
256,16,16,2048,1995.11
256,16,16,4096,3276.63
256,16,16,8192,5923.08
256,16,32,16,494.769
256,16,32,32,511.024
256,16,32,64,559.248
256,16,32,128,609.937
256,16,32,256,754.968
256,16,32,512,1110.25
256,16,32,1024,1759.81
256,16,32,2048,3090.22
256,16,32,4096,5741.1
256,16,32,8192,11045.8
256,16,64,16,505.883
256,16,64,32,562.671
256,16,64,64,625.518
256,16,64,128,989.174
256,16,64,256,1356.33
256,16,64,512,2125.62
256,16,64,1024,3700.29
256,16,64,2048,7126.28
256,16,64,4096,13091.6
256,16,64,8192,21647.3
256,16,128,16,541.722
256,16,128,32,670.659
256,16,128,64,765.379
256,16,128,128,1003.2
256,16,128,256,1487.64
256,16,128,512,2529.38
256,16,128,1024,4637.25
256,16,128,2048,8904.09
256,16,128,4096,16894
256,16,128,8192,31258.5
256,32,0,0,385.703
256,32,1,16,382.886
256,32,1,32,377.649
256,32,1,64,371.665
256,32,1,128,387.036
256,32,1,256,398.802
256,32,1,512,437.286
256,32,1,1024,586.202
256,32,1,2048,965.441
256,32,1,4096,1744.22
256,32,1,8192,2785.58
256,32,2,16,385.372
256,32,2,32,375.175
256,32,2,64,383.495
256,32,2,128,386.705
256,32,2,256,383.837
256,32,2,512,466.35
256,32,2,1024,655.566
256,32,2,2048,1125.58
256,32,2,4096,1777.47
256,32,2,8192,4248.15
256,32,4,16,391.196
256,32,4,32,384.956
256,32,4,64,388.039
256,32,4,128,403.996
256,32,4,256,406.748
256,32,4,512,501.531
256,32,4,1024,755.394
256,32,4,2048,1286.03
256,32,4,4096,2266.32
256,32,4,8192,4336.93
256,32,8,16,388.144
256,32,8,32,389.523
256,32,8,64,391.207
256,32,8,128,405.36
256,32,8,256,442.854
256,32,8,512,598.82
256,32,8,1024,854.626
256,32,8,2048,1356.44
256,32,8,4096,2423.32
256,32,8,8192,4494.99
256,32,16,16,385.009
256,32,16,32,412.732
256,32,16,64,422.161
256,32,16,128,441.808
256,32,16,256,497.317
256,32,16,512,694.639
256,32,16,1024,1042.35
256,32,16,2048,1603.1
256,32,16,4096,2635.13
256,32,16,8192,4704.15
256,32,32,16,408.923
256,32,32,32,449.286
256,32,32,64,469.723
256,32,32,128,519.547
256,32,32,256,645.006
256,32,32,512,934.625
256,32,32,1024,1474.19
256,32,32,2048,2578.95
256,32,32,4096,4763.76
256,32,32,8192,14332.2
256,32,64,16,640.708
256,32,64,32,728.217
256,32,64,64,811.128
256,32,64,128,917.26
256,32,64,256,1280.97
256,32,64,512,1984.09
256,32,64,1024,3385.2
256,32,64,2048,6473.63
256,32,64,4096,12715.1
256,32,64,8192,22687.1
256,32,128,16,594.49
256,32,128,32,731.075
256,32,128,64,840.983
256,32,128,128,1082.16
256,32,128,256,1601.98
256,32,128,512,2673.13
256,32,128,1024,4868.92
256,32,128,2048,9324.3
256,32,128,4096,18234.3
256,32,128,8192,35610.4
256,64,0,0,502.085
256,64,1,16,490.16
256,64,1,32,482.662
256,64,1,64,492.187
256,64,1,128,498.555
256,64,1,256,502.245
256,64,1,512,536.496
256,64,1,1024,770.136
256,64,1,2048,1078.46
256,64,1,4096,1758.3
256,64,1,8192,3711.53
256,64,2,16,483.397
256,64,2,32,491.173
256,64,2,64,497.744
256,64,2,128,501.744
256,64,2,256,499.195
256,64,2,512,590.512
256,64,2,1024,790.146
256,64,2,2048,1215.09
256,64,2,4096,1769.98
256,64,2,8192,4271.11
256,64,4,16,491.356
256,64,4,32,502.427
256,64,4,64,517.968
256,64,4,128,521.768
256,64,4,256,530.971
256,64,4,512,639.407
256,64,4,1024,941.601
256,64,4,2048,1469.21
256,64,4,4096,2664.65
256,64,4,8192,5001.23
256,64,8,16,504.816
256,64,8,32,504.838
256,64,8,64,489.339
256,64,8,128,519.664
256,64,8,256,553.307
256,64,8,512,720.046
256,64,8,1024,1020.69
256,64,8,2048,1568.2
256,64,8,4096,2769.05
256,64,8,8192,5046.86
256,64,16,16,504.402
256,64,16,32,516.624
256,64,16,64,539.195
256,64,16,128,565.2
256,64,16,256,617.061
256,64,16,512,830.775
256,64,16,1024,1253.42
256,64,16,2048,1902.91
256,64,16,4096,3010.65
256,64,16,8192,5355.72
256,64,32,16,522
256,64,32,32,824.909
256,64,32,64,861.047
256,64,32,128,915.147
256,64,32,256,1092.85
256,64,32,512,1566.27
256,64,32,1024,2429.43
256,64,32,2048,4130.21
256,64,32,4096,7559.12
256,64,32,8192,14433.3
256,64,64,16,741.347
256,64,64,32,815.01
256,64,64,64,894.796
256,64,64,128,1050.29
256,64,64,256,1348.01
256,64,64,512,2071.06
256,64,64,1024,3443.55
256,64,64,2048,6498.66
256,64,64,4096,12721.8
256,64,64,8192,22722.7
256,64,128,16,674.639
256,64,128,32,786.019
256,64,128,64,914.561
256,64,128,128,1145.5
256,64,128,256,1660.58
256,64,128,512,2732.18
256,64,128,1024,4898.74
256,64,128,2048,9372.01
256,64,128,4096,18134.8
256,64,128,8192,34692.1
256,128,0,0,617.274
256,128,1,16,614.586
256,128,1,32,625.7
256,128,1,64,610.223
256,128,1,128,624.634
256,128,1,256,615.385
256,128,1,512,630.767
256,128,1,1024,823.768
256,128,1,2048,1151.59
256,128,1,4096,1995.4
256,128,1,8192,3202.59
256,128,2,16,603.631
256,128,2,32,616.729
256,128,2,64,599.803
256,128,2,128,631.673
256,128,2,256,628.964
256,128,2,512,660.43
256,128,2,1024,822.103
256,128,2,2048,1176.08
256,128,2,4096,2326.93
256,128,2,8192,4800.05
256,128,4,16,624.836
256,128,4,32,629.081
256,128,4,64,629.914
256,128,4,128,630.725
256,128,4,256,649.444
256,128,4,512,730.755
256,128,4,1024,945.227
256,128,4,2048,1456.58
256,128,4,4096,2612.88
256,128,4,8192,4837.79
256,128,8,16,624.036
256,128,8,32,629.252
256,128,8,64,958.698
256,128,8,128,989.121
256,128,8,256,1030.61
256,128,8,512,1241.01
256,128,8,1024,1670.67
256,128,8,2048,2618.29
256,128,8,4096,4329
256,128,8,8192,7655.53
256,128,16,16,937.038
256,128,16,32,969.451
256,128,16,64,963.936
256,128,16,128,1041.85
256,128,16,256,1101.89
256,128,16,512,1402.01
256,128,16,1024,2038.33
256,128,16,2048,3089.64
256,128,16,4096,4767.81
256,128,16,8192,8270.44
256,128,32,16,971.243
256,128,32,32,980.896
256,128,32,64,1057.31
256,128,32,128,1134.94
256,128,32,256,1274.35
256,128,32,512,1732.86
256,128,32,1024,2659.46
256,128,32,2048,4293.34
256,128,32,4096,7758.19
256,128,32,8192,14640.8
256,128,64,16,904.182
256,128,64,32,999.404
256,128,64,64,1070.69
256,128,64,128,1217.69
256,128,64,256,1504.36
256,128,64,512,2237.88
256,128,64,1024,3577.84
256,128,64,2048,6548.95
256,128,64,4096,12789.1
256,128,64,8192,22788.3
256,128,128,16,815.041
256,128,128,32,922.934
256,128,128,64,1061.38
256,128,128,128,1292.68
256,128,128,256,1810.2
256,128,128,512,2830.08
256,128,128,1024,5004.77
256,128,128,2048,9450.25
256,128,128,4096,18365.9
256,128,128,8192,30238.1
256,256,0,0,773.153
256,256,1,16,774.925
256,256,1,32,774.669
256,256,1,64,787.607
256,256,1,128,790.434
256,256,1,256,788.514
256,256,1,512,789.847
256,256,1,1024,884.47
256,256,1,2048,1214.88
256,256,1,4096,1830.6
256,256,1,8192,3527.5
256,256,2,16,799.085
256,256,2,32,793.73
256,256,2,64,1314.49
256,256,2,128,1340.02
256,256,2,256,1331.8
256,256,2,512,1370.32
256,256,2,1024,1556.91
256,256,2,2048,2255.44
256,256,2,4096,3519.93
256,256,2,8192,6785.23
256,256,4,16,1333.44
256,256,4,32,1337.61
256,256,4,64,1315.67
256,256,4,128,1355.35
256,256,4,256,1381.25
256,256,4,512,1436.99
256,256,4,1024,1737.75
256,256,4,2048,2565.51
256,256,4,4096,4316.24
256,256,4,8192,7747.13
256,256,8,16,1344.36
256,256,8,32,1363.83
256,256,8,64,1349.75
256,256,8,128,1378.61
256,256,8,256,1394.21
256,256,8,512,1523.13
256,256,8,1024,2053.47
256,256,8,2048,2969.72
256,256,8,4096,4747.78
256,256,8,8192,8154.68
256,256,16,16,1324.02
256,256,16,32,1370.49
256,256,16,64,1391.54
256,256,16,128,1434.83
256,256,16,256,1455.77
256,256,16,512,1688.39
256,256,16,1024,2373.21
256,256,16,2048,3564.99
256,256,16,4096,5528.59
256,256,16,8192,8960.67
256,256,32,16,1369.02
256,256,32,32,1416.6
256,256,32,64,1438.04
256,256,32,128,1523.13
256,256,32,256,1672.86
256,256,32,512,2066.85
256,256,32,1024,2975.83
256,256,32,2048,4733.97
256,256,32,4096,8103.06
256,256,32,8192,14950.8
256,256,64,16,1327.09
256,256,64,32,1395.86
256,256,64,64,1460.03
256,256,64,128,1636.05
256,256,64,256,1909.47
256,256,64,512,2647.14
256,256,64,1024,4130.19
256,256,64,2048,7009.12
256,256,64,4096,13126.6
256,256,64,8192,25778.6
256,256,128,16,1236.33
256,256,128,32,1373.72
256,256,128,64,1506.09
256,256,128,128,1764.67
256,256,128,256,2322.49
256,256,128,512,3515.58
256,256,128,1024,5847.07
256,256,128,2048,10729.6
256,256,128,4096,19583.8
256,256,128,8192,33880.2
256,512,0,0,1371.79
256,512,1,16,1367.14
256,512,1,32,1375.59
256,512,1,64,1368.7
256,512,1,128,2189.35
256,512,1,256,2156.06
256,512,1,512,2200.24
256,512,1,1024,2313.69
256,512,1,2048,2803.13
256,512,1,4096,3850.24
256,512,1,8192,6419.62
256,512,2,16,2177.84
256,512,2,32,2188.09
256,512,2,64,2183.02
256,512,2,128,2151.22
256,512,2,256,2187.25
256,512,2,512,2195.03
256,512,2,1024,2317.18
256,512,2,2048,2862.97
256,512,2,4096,4217.08
256,512,2,8192,6665.31
256,512,4,16,2144.18
256,512,4,32,2204.26
256,512,4,64,2173.32
256,512,4,128,2183.6
256,512,4,256,2192.29
256,512,4,512,2227.52
256,512,4,1024,2382.78
256,512,4,2048,3187.57
256,512,4,4096,4941.82
256,512,4,8192,8327.08
256,512,8,16,2196.88
256,512,8,32,2201.45
256,512,8,64,2211.44
256,512,8,128,2208.87
256,512,8,256,2229.15
256,512,8,512,2242.63
256,512,8,1024,2646.19
256,512,8,2048,3598.52
256,512,8,4096,5518.44
256,512,8,8192,8985.36
256,512,16,16,2206.23
256,512,16,32,2172.64
256,512,16,64,2244.51
256,512,16,128,2262
256,512,16,256,2315.63
256,512,16,512,2367.59
256,512,16,1024,2976.54
256,512,16,2048,4361.98
256,512,16,4096,6696.62
256,512,16,8192,10044
256,512,32,16,2232.09
256,512,32,32,2261.54
256,512,32,64,2243.16
256,512,32,128,2247.8
256,512,32,256,2465.15
256,512,32,512,2753.67
256,512,32,1024,3656.76
256,512,32,2048,5618.27
256,512,32,4096,9032.12
256,512,32,8192,15431.7
256,512,64,16,1766.59
256,512,64,32,1807.52
256,512,64,64,1826.92
256,512,64,128,1962
256,512,64,256,2208.36
256,512,64,512,2704
256,512,64,1024,4000.32
256,512,64,2048,6397.6
256,512,64,4096,11305.4
256,512,64,8192,18491.3
256,512,128,16,1401.53
256,512,128,32,1460.65
256,512,128,64,1606.3
256,512,128,128,1813.62
256,512,128,256,2168.9
256,512,128,512,3084.68
256,512,128,1024,4841.89
256,512,128,2048,8442.45
256,512,128,4096,15959.5
256,512,128,8192,30667.9
256,1024,0,0,2285.91
256,1024,1,16,2289.21
256,1024,1,32,2283.09
256,1024,1,64,2279.89
256,1024,1,128,3891.02
256,1024,1,256,3863.72
256,1024,1,512,3890.17
256,1024,1,1024,3861.7
256,1024,1,2048,4059.39
256,1024,1,4096,4999.02
256,1024,1,8192,6989.77
256,1024,2,16,3857.02
256,1024,2,32,3893.95
256,1024,2,64,3896.94
256,1024,2,128,3860.96
256,1024,2,256,3898.94
256,1024,2,512,3888.24
256,1024,2,1024,3919.34
256,1024,2,2048,4092.97
256,1024,2,4096,5440.97
256,1024,2,8192,7796.22
256,1024,4,16,3900.07
256,1024,4,32,3893.31
256,1024,4,64,3890.52
256,1024,4,128,3906.63
256,1024,4,256,3860.76
256,1024,4,512,3874.97
256,1024,4,1024,3938.85
256,1024,4,2048,4461.16
256,1024,4,4096,5948.62
256,1024,4,8192,9763.27
256,1024,8,16,3903.4
256,1024,8,32,3904.9
256,1024,8,64,3927.93
256,1024,8,128,3935.84
256,1024,8,256,3923.04
256,1024,8,512,3941.17
256,1024,8,1024,3971.75
256,1024,8,2048,4729.24
256,1024,8,4096,7172.91
256,1024,8,8192,10718.6
256,1024,16,16,3911.27
256,1024,16,32,3928.65
256,1024,16,64,3952.81
256,1024,16,128,3968.44
256,1024,16,256,3958.26
256,1024,16,512,4025.75
256,1024,16,1024,4080.34
256,1024,16,2048,5576.56
256,1024,16,4096,8211.96
256,1024,16,8192,12766.1
256,1024,32,16,3466.89
256,1024,32,32,3425.12
256,1024,32,64,3517.02
256,1024,32,128,3525.42
256,1024,32,256,3557.09
256,1024,32,512,3673.89
256,1024,32,1024,4302.42
256,1024,32,2048,5905.91
256,1024,32,4096,9389.25
256,1024,32,8192,15544.4
256,1024,64,16,3153.05
256,1024,64,32,3170.34
256,1024,64,64,3216.95
256,1024,64,128,3289.64
256,1024,64,256,3487.98
256,1024,64,512,3946.62
256,1024,64,1024,5138.27
256,1024,64,2048,7801.84
256,1024,64,4096,12393.7
256,1024,64,8192,19817.1
256,1024,128,16,2798.5
256,1024,128,32,2808.81
256,1024,128,64,2916.71
256,1024,128,128,3057.39
256,1024,128,256,3527.96
256,1024,128,512,4368.42
256,1024,128,1024,8655.09
256,1024,128,2048,13203.1
256,1024,128,4096,21430.4
256,1024,128,8192,35702.1
256,2048,0,0,4450.62
256,2048,1,16,4426.35
256,2048,1,32,4453.48
256,2048,1,64,4453.17
256,2048,1,128,4452.11
256,2048,1,256,4440.68
256,2048,1,512,4457.04
256,2048,1,1024,4416.25
256,2048,1,2048,4439.3
256,2048,1,4096,4568.53
256,2048,1,8192,6323.24
256,2048,2,16,4456.59
256,2048,2,32,4458.25
256,2048,2,64,4443.27
256,2048,2,128,4459.24
256,2048,2,256,4452.92
256,2048,2,512,4449.97
256,2048,2,1024,4461.49
256,2048,2,2048,4477.62
256,2048,2,4096,4732.43
256,2048,2,8192,6128.22
256,2048,4,16,4447.45
256,2048,4,32,4446.9
256,2048,4,64,4460.81
256,2048,4,128,4448.47
256,2048,4,256,4461.55
256,2048,4,512,4442.11
256,2048,4,1024,4437.86
256,2048,4,2048,4481.49
256,2048,4,4096,5034.49
256,2048,4,8192,6951.77
256,2048,8,16,4469.83
256,2048,8,32,4455.8
256,2048,8,64,4468.16
256,2048,8,128,4472.22
256,2048,8,256,4477.27
256,2048,8,512,4474.01
256,2048,8,1024,4484.14
256,2048,8,2048,4505.69
256,2048,8,4096,5509.91
256,2048,8,8192,7718.7
256,2048,16,16,4472.4
256,2048,16,32,4438.52
256,2048,16,64,4491.9
256,2048,16,128,4500.81
256,2048,16,256,4511.36
256,2048,16,512,4564.24
256,2048,16,1024,4603.46
256,2048,16,2048,4634.93
256,2048,16,4096,6589.21
256,2048,16,8192,9809.44
256,2048,32,16,4544.68
256,2048,32,32,4608.8
256,2048,32,64,4730.96
256,2048,32,128,4745.61
256,2048,32,256,4693.61
256,2048,32,512,4782.38
256,2048,32,1024,4961.94
256,2048,32,2048,5985.71
256,2048,32,4096,8309.93
256,2048,32,8192,13547.4
256,2048,64,16,4460.73
256,2048,64,32,4813.07
256,2048,64,64,5040.73
256,2048,64,128,5113.13
256,2048,64,256,5183.58
256,2048,64,512,5482.69
256,2048,64,1024,6233.87
256,2048,64,2048,8424.09
256,2048,64,4096,12999
256,2048,64,8192,17203.2
256,2048,128,16,4313.77
256,2048,128,32,4401.7
256,2048,128,64,5752.74
256,2048,128,128,6416
256,2048,128,256,8129.11
256,2048,128,512,9362.59
256,2048,128,1024,11815.3
256,2048,128,2048,15754.1
256,2048,128,4096,22154.6
256,2048,128,8192,37001.6
256,4096,0,0,8713.85
256,4096,1,16,8679.61
256,4096,1,32,8677.53
256,4096,1,64,8697.81
256,4096,1,128,8712.99
256,4096,1,256,8697.4
256,4096,1,512,8719.44
256,4096,1,1024,8692.17
256,4096,1,2048,8700.35
256,4096,1,4096,8703.17
256,4096,1,8192,9029.92
256,4096,2,16,8704.28
256,4096,2,32,8714.02
256,4096,2,64,8704.35
256,4096,2,128,8703.61
256,4096,2,256,8715
256,4096,2,512,8710.67
256,4096,2,1024,8702.27
256,4096,2,2048,8708.11
256,4096,2,4096,8726.5
256,4096,2,8192,9630.79
256,4096,4,16,8712.11
256,4096,4,32,8721.95
256,4096,4,64,8727.38
256,4096,4,128,8719.11
256,4096,4,256,8709.94
256,4096,4,512,8729.21
256,4096,4,1024,8717.82
256,4096,4,2048,8708.97
256,4096,4,4096,8744.51
256,4096,4,8192,10200.9
256,4096,8,16,8712.64
256,4096,8,32,8713.94
256,4096,8,64,8727.46
256,4096,8,128,8723.15
256,4096,8,256,8735.37
256,4096,8,512,8734.11
256,4096,8,1024,8723.88
256,4096,8,2048,8750.03
256,4096,8,4096,8765.09
256,4096,8,8192,10754.9
256,4096,16,16,8732.34
256,4096,16,32,8746.26
256,4096,16,64,8740.72
256,4096,16,128,8749.84
256,4096,16,256,8772.21
256,4096,16,512,8769.31
256,4096,16,1024,8780.82
256,4096,16,2048,8820.63
256,4096,16,4096,8855.51
256,4096,16,8192,12916.6
256,4096,32,16,8559.41
256,4096,32,32,8539.83
256,4096,32,64,8579.85
256,4096,32,128,8642.66
256,4096,32,256,8791.94
256,4096,32,512,9069.03
256,4096,32,1024,9046.94
256,4096,32,2048,9207.82
256,4096,32,4096,11289.8
256,4096,32,8192,15730.5
256,4096,64,16,8229.11
256,4096,64,32,8726.16
256,4096,64,64,9233.65
256,4096,64,128,9274.4
256,4096,64,256,9471.68
256,4096,64,512,9601.99
256,4096,64,1024,10013.1
256,4096,64,2048,11611.5
256,4096,64,4096,15956.6
256,4096,64,8192,22485.7
256,4096,128,16,8353.21
256,4096,128,32,8368.77
256,4096,128,64,8919.72
256,4096,128,128,8988.74
256,4096,128,256,9173.5
256,4096,128,512,9820.95
256,4096,128,1024,11295.4
256,4096,128,2048,13436
256,4096,128,4096,20647.5
256,4096,128,8192,33578.2
256,8192,0,0,15703.7
256,8192,1,16,15697
256,8192,1,32,15714.3
256,8192,1,64,15709.7
256,8192,1,128,15684.9
256,8192,1,256,15705
256,8192,1,512,15693.3
256,8192,1,1024,15706.3
256,8192,1,2048,15715.4
256,8192,1,4096,15704.9
256,8192,1,8192,15700
256,8192,2,16,15716.3
256,8192,2,32,15711.4
256,8192,2,64,15696.1
256,8192,2,128,15716.3
256,8192,2,256,15712.9
256,8192,2,512,15700.6
256,8192,2,1024,15706.8
256,8192,2,2048,15716.7
256,8192,2,4096,15692
256,8192,2,8192,15735.4
256,8192,4,16,15714.3
256,8192,4,32,15703.1
256,8192,4,64,15702.9
256,8192,4,128,15719.1
256,8192,4,256,15708.6
256,8192,4,512,15703.4
256,8192,4,1024,15704.4
256,8192,4,2048,15696.3
256,8192,4,4096,15719
256,8192,4,8192,15746.1
256,8192,8,16,15713.8
256,8192,8,32,15724.2
256,8192,8,64,15729.2
256,8192,8,128,15739.5
256,8192,8,256,15735
256,8192,8,512,15736.3
256,8192,8,1024,15726.4
256,8192,8,2048,15711.2
256,8192,8,4096,15739.4
256,8192,8,8192,15753.2
256,8192,16,16,15727.5
256,8192,16,32,15842.2
256,8192,16,64,15902.5
256,8192,16,128,15770.4
256,8192,16,256,15925.8
256,8192,16,512,15773
256,8192,16,1024,15768.2
256,8192,16,2048,15747.7
256,8192,16,4096,15972
256,8192,16,8192,15856.1
256,8192,32,16,15729.5
256,8192,32,32,15936.7
256,8192,32,64,15981.5
256,8192,32,128,16479.7
256,8192,32,256,16275.9
256,8192,32,512,15918.2
256,8192,32,1024,15905.6
256,8192,32,2048,15908.6
256,8192,32,4096,16252.5
256,8192,32,8192,19895.3
256,8192,64,16,16213.3
256,8192,64,32,15952.2
256,8192,64,64,16432.1
256,8192,64,128,16500.9
256,8192,64,256,16965.9
256,8192,64,512,17085.6
256,8192,64,1024,16666.5
256,8192,64,2048,17830.7
256,8192,64,4096,21762.6
256,8192,64,8192,27814
256,8192,128,16,16374
256,8192,128,32,16803.5
256,8192,128,64,16587.3
256,8192,128,128,17354.4
256,8192,128,256,17026.7
256,8192,128,512,17665.4
256,8192,128,1024,18070.6
256,8192,128,2048,21097.6
256,8192,128,4096,26930.4
256,8192,128,8192,39360
512,0,0,0,971.179
512,0,1,16,994.528
512,0,1,32,1005.88
512,0,1,64,1083.44
512,0,1,128,1091.03
512,0,1,256,1124.77
512,0,1,512,1132.02
512,0,1,1024,1341.95
512,0,1,2048,1618.2
512,0,1,4096,2267.18
512,0,1,8192,4085.64
512,0,2,16,1154.6
512,0,2,32,1142.15
512,0,2,64,1165.12
512,0,2,128,1729.62
512,0,2,256,1747.26
512,0,2,512,1761.28
512,0,2,1024,2072.03
512,0,2,2048,2565.49
512,0,2,4096,3818.8
512,0,2,8192,5619.75
512,0,4,16,1747.64
512,0,4,32,1718.89
512,0,4,64,1707.03
512,0,4,128,1755.2
512,0,4,256,1768.84
512,0,4,512,1835.05
512,0,4,1024,2201.16
512,0,4,2048,2808.68
512,0,4,4096,4669.33
512,0,4,8192,8294.48
512,0,8,16,1740.79
512,0,8,32,1740.77
512,0,8,64,1733.56
512,0,8,128,1760.76
512,0,8,256,1785.17
512,0,8,512,1928.05
512,0,8,1024,2319.82
512,0,8,2048,3236.42
512,0,8,4096,5015.58
512,0,8,8192,8578.31
512,0,16,16,1758.47
512,0,16,32,1780.51
512,0,16,64,1799.86
512,0,16,128,1811.9
512,0,16,256,1910.1
512,0,16,512,2107.5
512,0,16,1024,2750.99
512,0,16,2048,3924.28
512,0,16,4096,6210.77
512,0,16,8192,9555.27
512,0,32,16,1699.3
512,0,32,32,1726.04
512,0,32,64,1754.99
512,0,32,128,1812.39
512,0,32,256,1984.98
512,0,32,512,2324.06
512,0,32,1024,3243.74
512,0,32,2048,4981.07
512,0,32,4096,8145.57
512,0,32,8192,14679.6
512,0,64,16,1736.57
512,0,64,32,1760.03
512,0,64,64,1869.27
512,0,64,128,1995.94
512,0,64,256,2293.28
512,0,64,512,3022.75
512,0,64,1024,4534.97
512,0,64,2048,7339.88
512,0,64,4096,11866.2
512,0,64,8192,22603.7
512,0,128,16,1415.13
512,0,128,32,1520.86
512,0,128,64,1636.72
512,0,128,128,1866.93
512,0,128,256,2370.19
512,0,128,512,3431.49
512,0,128,1024,5474.51
512,0,128,2048,9823.15
512,0,128,4096,18732.4
512,0,128,8192,35033
512,16,0,0,1223.79
512,16,1,16,1224.31
512,16,1,32,1228.26
512,16,1,64,1257.4
512,16,1,128,1255.99
512,16,1,256,1271.11
512,16,1,512,1283.02
512,16,1,1024,1401.15
512,16,1,2048,1805.19
512,16,1,4096,3477.82
512,16,1,8192,5505.11
512,16,2,16,1817.45
512,16,2,32,1816.1
512,16,2,64,1824.59
512,16,2,128,1836.26
512,16,2,256,1835.12
512,16,2,512,1877.83
512,16,2,1024,2048.62
512,16,2,2048,2665.63
512,16,2,4096,3601.11
512,16,2,8192,7534.5
512,16,4,16,1838.64
512,16,4,32,1840.34
512,16,4,64,1834.36
512,16,4,128,1828.63
512,16,4,256,1862.64
512,16,4,512,1930.74
512,16,4,1024,2226.96
512,16,4,2048,3218.75
512,16,4,4096,4975.91
512,16,4,8192,8062.92
512,16,8,16,1836.95
512,16,8,32,1836.14
512,16,8,64,1855.56
512,16,8,128,1860.44
512,16,8,256,1886.56
512,16,8,512,2015.83
512,16,8,1024,2463.05
512,16,8,2048,3382.6
512,16,8,4096,5100.76
512,16,8,8192,8550.79
512,16,16,16,1855.53
512,16,16,32,1864.55
512,16,16,64,1886.03
512,16,16,128,1925.56
512,16,16,256,1995.83
512,16,16,512,2177.65
512,16,16,1024,2801.9
512,16,16,2048,4064.97
512,16,16,4096,6406.26
512,16,16,8192,9750.28
512,16,32,16,1859.51
512,16,32,32,1900.55
512,16,32,64,1942.11
512,16,32,128,1987.58
512,16,32,256,2180.92
512,16,32,512,2547.97
512,16,32,1024,3511.53
512,16,32,2048,5369.3
512,16,32,4096,8694.17
512,16,32,8192,13813.7
512,16,64,16,1533.63
512,16,64,32,1582.69
512,16,64,64,1633.49
512,16,64,128,1779.28
512,16,64,256,2024.13
512,16,64,512,2614.57
512,16,64,1024,3913
512,16,64,2048,6324.41
512,16,64,4096,11575.3
512,16,64,8192,20362.3
512,16,128,16,1326.32
512,16,128,32,1409.06
512,16,128,64,1523.96
512,16,128,128,1730.39
512,16,128,256,2194.44
512,16,128,512,3155.98
512,16,128,1024,5009.44
512,16,128,2048,8902.57
512,16,128,4096,21057.2
512,16,128,8192,36891.6
512,32,0,0,1310.14
512,32,1,16,1308.37
512,32,1,32,1323.85
512,32,1,64,1320.72
512,32,1,128,1316.64
512,32,1,256,1315.16
512,32,1,512,1330.09
512,32,1,1024,1489.93
512,32,1,2048,1829.81
512,32,1,4096,2717.78
512,32,1,8192,4357.19
512,32,2,16,1293.8
512,32,2,32,1324
512,32,2,64,1313.83
512,32,2,128,1319.47
512,32,2,256,1331.44
512,32,2,512,1342.87
512,32,2,1024,1511.52
512,32,2,2048,1934.47
512,32,2,4096,2778.87
512,32,2,8192,4403.95
512,32,4,16,1319.92
512,32,4,32,1315.51
512,32,4,64,1326.14
512,32,4,128,1333.22
512,32,4,256,1347.94
512,32,4,512,1386.98
512,32,4,1024,1619.8
512,32,4,2048,2136.46
512,32,4,4096,3361.02
512,32,4,8192,5581.68
512,32,8,16,1322.02
512,32,8,32,1336.02
512,32,8,64,1333.35
512,32,8,128,1350.41
512,32,8,256,1387.78
512,32,8,512,1450.57
512,32,8,1024,1796.74
512,32,8,2048,2440.08
512,32,8,4096,3722.31
512,32,8,8192,6008.08
512,32,16,16,1332.91
512,32,16,32,1344.67
512,32,16,64,1361.71
512,32,16,128,1385.39
512,32,16,256,1466.87
512,32,16,512,1573.86
512,32,16,1024,2061.68
512,32,16,2048,2905.24
512,32,16,4096,4462.98
512,32,16,8192,6913.9
512,32,32,16,1372.26
512,32,32,32,1394.47
512,32,32,64,1423.37
512,32,32,128,1509.27
512,32,32,256,1621.9
512,32,32,512,1900.12
512,32,32,1024,2599.93
512,32,32,2048,3964.92
512,32,32,4096,6331.41
512,32,32,8192,11294.3
512,32,64,16,1292.73
512,32,64,32,1392.29
512,32,64,64,1485.98
512,32,64,128,1659.67
512,32,64,256,1885.71
512,32,64,512,2423.89
512,32,64,1024,3608.88
512,32,64,2048,5773.93
512,32,64,4096,10503.2
512,32,64,8192,20363.1
512,32,128,16,1387.1
512,32,128,32,1471.98
512,32,128,64,1622.88
512,32,128,128,2701.27
512,32,128,256,3357.15
512,32,128,512,4818.45
512,32,128,1024,7593.83
512,32,128,2048,13383.4
512,32,128,4096,19436.9
512,32,128,8192,29944.4
512,64,0,0,1224.07
512,64,1,16,1229.83
512,64,1,32,1229.84
512,64,1,64,1316.65
512,64,1,128,1344.28
512,64,1,256,1371.54
512,64,1,512,1418.29
512,64,1,1024,1546.24
512,64,1,2048,1959.01
512,64,1,4096,2541.89
512,64,1,8192,4506.85
512,64,2,16,1418.01
512,64,2,32,1433.53
512,64,2,64,1423.69
512,64,2,128,1433.36
512,64,2,256,1441.8
512,64,2,512,1460.64
512,64,2,1024,1586.76
512,64,2,2048,2011.91
512,64,2,4096,2859.71
512,64,2,8192,5165.73
512,64,4,16,1430.88
512,64,4,32,1429.15
512,64,4,64,1436.67
512,64,4,128,1449.91
512,64,4,256,1458.15
512,64,4,512,1484.59
512,64,4,1024,1660.73
512,64,4,2048,2153
512,64,4,4096,3369.88
512,64,4,8192,5843.7
512,64,8,16,1452.81
512,64,8,32,1466.73
512,64,8,64,1459.46
512,64,8,128,1478.03
512,64,8,256,1510.94
512,64,8,512,1555.77
512,64,8,1024,1895.5
512,64,8,2048,2642.62
512,64,8,4096,3702.48
512,64,8,8192,6101.75
512,64,16,16,1454.81
512,64,16,32,1483.81
512,64,16,64,1500.56
512,64,16,128,1542.02
512,64,16,256,1592.28
512,64,16,512,1700.5
512,64,16,1024,2162.3
512,64,16,2048,3079.25
512,64,16,4096,4660.08
512,64,16,8192,7029.38
512,64,32,16,1484.93
512,64,32,32,1581.48
512,64,32,64,1605.73
512,64,32,128,1677.87
512,64,32,256,1799.36
512,64,32,512,2056.13
512,64,32,1024,2758.63
512,64,32,2048,4133.97
512,64,32,4096,6578.01
512,64,32,8192,11589.5
512,64,64,16,1603.53
512,64,64,32,1649.01
512,64,64,64,1718.97
512,64,64,128,1826.47
512,64,64,256,2035.09
512,64,64,512,2569.89
512,64,64,1024,3790.52
512,64,64,2048,5996.53
512,64,64,4096,10707.5
512,64,64,8192,20720.2
512,64,128,16,1498.82
512,64,128,32,1604.89
512,64,128,64,1993.69
512,64,128,128,2880.67
512,64,128,256,3527.13
512,64,128,512,4995.36
512,64,128,1024,7775.26
512,64,128,2048,11904.3
512,64,128,4096,20344.5
512,64,128,8192,35726.4
512,128,0,0,1597.14
512,128,1,16,1611.56
512,128,1,32,1622.32
512,128,1,64,1611.35
512,128,1,128,1637
512,128,1,256,1664.53
512,128,1,512,1704.29
512,128,1,1024,1813.18
512,128,1,2048,2196.83
512,128,1,4096,2831.62
512,128,1,8192,4189.22
512,128,2,16,1679.9
512,128,2,32,1683.72
512,128,2,64,1694.39
512,128,2,128,1699.94
512,128,2,256,1685.72
512,128,2,512,1715.69
512,128,2,1024,1824.1
512,128,2,2048,2271.27
512,128,2,4096,3125.35
512,128,2,8192,5138.24
512,128,4,16,1692.48
512,128,4,32,1681.96
512,128,4,64,1699.01
512,128,4,128,1699.99
512,128,4,256,1707.99
512,128,4,512,1724.69
512,128,4,1024,1913.05
512,128,4,2048,2474.94
512,128,4,4096,3526.62
512,128,4,8192,5713.95
512,128,8,16,1690.56
512,128,8,32,1700
512,128,8,64,1713.74
512,128,8,128,1730.45
512,128,8,256,1747.52
512,128,8,512,1811.16
512,128,8,1024,2124.01
512,128,8,2048,2799.76
512,128,8,4096,4127.29
512,128,8,8192,6447.62
512,128,16,16,1700.02
512,128,16,32,1723.56
512,128,16,64,1747.93
512,128,16,128,1750
512,128,16,256,1816.13
512,128,16,512,1921.62
512,128,16,1024,2404.47
512,128,16,2048,3248.27
512,128,16,4096,5131.64
512,128,16,8192,7629.49
512,128,32,16,1763.31
512,128,32,32,1799.13
512,128,32,64,1840.79
512,128,32,128,1899.38
512,128,32,256,1995.46
512,128,32,512,2244.15
512,128,32,1024,2898.41
512,128,32,2048,4273.11
512,128,32,4096,6680.35
512,128,32,8192,11602.7
512,128,64,16,1614.51
512,128,64,32,1723.04
512,128,64,64,1868.23
512,128,64,128,1971.56
512,128,64,256,2195.53
512,128,64,512,2663.28
512,128,64,1024,3837.57
512,128,64,2048,7500.32
512,128,64,4096,12881.9
512,128,64,8192,19163.9
512,128,128,16,1683.38
512,128,128,32,1831.21
512,128,128,64,1926.9
512,128,128,128,2121.56
512,128,128,256,2529.72
512,128,128,512,3497.83
512,128,128,1024,5353.99
512,128,128,2048,9034.73
512,128,128,4096,16325.2
512,128,128,8192,28469.7
512,256,0,0,1823.79
512,256,1,16,1841.71
512,256,1,32,2004.03
512,256,1,64,2034.55
512,256,1,128,2004.96
512,256,1,256,2128.22
512,256,1,512,2148.87
512,256,1,1024,2149.32
512,256,1,2048,2498.57
512,256,1,4096,3259.47
512,256,1,8192,4542.13
512,256,2,16,2123.5
512,256,2,32,2128.69
512,256,2,64,2123.17
512,256,2,128,2117.68
512,256,2,256,2132.53
512,256,2,512,2158.71
512,256,2,1024,2242.08
512,256,2,2048,2796.48
512,256,2,4096,3236.2
512,256,2,8192,5770.95
512,256,4,16,2117.13
512,256,4,32,2135.07
512,256,4,64,2139.11
512,256,4,128,2136.91
512,256,4,256,2142.04
512,256,4,512,2165.1
512,256,4,1024,2322.87
512,256,4,2048,2815.88
512,256,4,4096,3658.82
512,256,4,8192,6151.13
512,256,8,16,2111.1
512,256,8,32,2154.76
512,256,8,64,2148.01
512,256,8,128,2182.8
512,256,8,256,2199.42
512,256,8,512,2260.98
512,256,8,1024,2555.81
512,256,8,2048,3135.64
512,256,8,4096,4455.35
512,256,8,8192,6807.68
512,256,16,16,2197.09
512,256,16,32,2197.5
512,256,16,64,2206.05
512,256,16,128,2249.2
512,256,16,256,2258.76
512,256,16,512,2393.49
512,256,16,1024,2792.79
512,256,16,2048,3650.18
512,256,16,4096,5193.76
512,256,16,8192,8235.86
512,256,32,16,2212.3
512,256,32,32,2217.8
512,256,32,64,2277.24
512,256,32,128,2300.45
512,256,32,256,2438.24
512,256,32,512,2656.26
512,256,32,1024,4751.19
512,256,32,2048,6684.46
512,256,32,4096,10251.1
512,256,32,8192,14115.5
512,256,64,16,2486.9
512,256,64,32,2542.57
512,256,64,64,2623.63
512,256,64,128,2727.32
512,256,64,256,2939.38
512,256,64,512,3393.56
512,256,64,1024,4634.18
512,256,64,2048,7010.54
512,256,64,4096,11530
512,256,64,8192,17606.6
512,256,128,16,2002.58
512,256,128,32,2182.89
512,256,128,64,2299.82
512,256,128,128,2511.74
512,256,128,256,2909.68
512,256,128,512,3869.6
512,256,128,1024,5658.84
512,256,128,2048,9190.21
512,256,128,4096,16729.4
512,256,128,8192,29792.5
512,512,0,0,2715.35
512,512,1,16,2805.6
512,512,1,32,2937.42
512,512,1,64,2906.88
512,512,1,128,2955.52
512,512,1,256,3040.28
512,512,1,512,3042.15
512,512,1,1024,3053.61
512,512,1,2048,3304.65
512,512,1,4096,3929.09
512,512,1,8192,5486.75
512,512,2,16,3059.42
512,512,2,32,3076.03
512,512,2,64,3075.27
512,512,2,128,3068.37
512,512,2,256,3075.03
512,512,2,512,3089.53
512,512,2,1024,3111.86
512,512,2,2048,3452.26
512,512,2,4096,4293.52
512,512,2,8192,6138.86
512,512,4,16,3120.95
512,512,4,32,3108.97
512,512,4,64,3108.2
512,512,4,128,3104.79
512,512,4,256,3112.86
512,512,4,512,3156.39
512,512,4,1024,3282.29
512,512,4,2048,3816.39
512,512,4,4096,4758.79
512,512,4,8192,6801.16
512,512,8,16,3187.46
512,512,8,32,3189.34
512,512,8,64,3195.6
512,512,8,128,3217.42
512,512,8,256,3235.73
512,512,8,512,3281.53
512,512,8,1024,3416.89
512,512,8,2048,4117.77
512,512,8,4096,5461.18
512,512,8,8192,7404.21
512,512,16,16,3204.95
512,512,16,32,3241.46
512,512,16,64,3231.74
512,512,16,128,3233.95
512,512,16,256,3310.8
512,512,16,512,3385.75
512,512,16,1024,5393.93
512,512,16,2048,6785.37
512,512,16,4096,9292.02
512,512,16,8192,14392.5
512,512,32,16,4758.27
512,512,32,32,4721.68
512,512,32,64,4830.28
512,512,32,128,4943.17
512,512,32,256,5029.01
512,512,32,512,5325.03
512,512,32,1024,6092.73
512,512,32,2048,8016.94
512,512,32,4096,11153.1
512,512,32,8192,17096
512,512,64,16,4547.14
512,512,64,32,4641.25
512,512,64,64,4685.29
512,512,64,128,4803.2
512,512,64,256,5077.5
512,512,64,512,5640.25
512,512,64,1024,6828.63
512,512,64,2048,8985.15
512,512,64,4096,14082.2
512,512,64,8192,21811.4
512,512,128,16,3523.6
512,512,128,32,3618.08
512,512,128,64,3681.25
512,512,128,128,3913
512,512,128,256,4334.03
512,512,128,512,5349.35
512,512,128,1024,7462.03
512,512,128,2048,11562.9
512,512,128,4096,17440.5
512,512,128,8192,31885.5
512,1024,0,0,4676.26
512,1024,1,16,4678.29
512,1024,1,32,4702.98
512,1024,1,64,4731.84
512,1024,1,128,4700.36
512,1024,1,256,4740.45
512,1024,1,512,4788.79
512,1024,1,1024,4868.53
512,1024,1,2048,5000.91
512,1024,1,4096,5654.7
512,1024,1,8192,7043.88
512,1024,2,16,4910.7
512,1024,2,32,4953.39
512,1024,2,64,4924.39
512,1024,2,128,4941.08
512,1024,2,256,4971.14
512,1024,2,512,4972.24
512,1024,2,1024,4970.64
512,1024,2,2048,5178.35
512,1024,2,4096,5904.05
512,1024,2,8192,7501.55
512,1024,4,16,4975.34
512,1024,4,32,4988.23
512,1024,4,64,4967.21
512,1024,4,128,5069.88
512,1024,4,256,5121.44
512,1024,4,512,5085.81
512,1024,4,1024,5144.97
512,1024,4,2048,5414.32
512,1024,4,4096,6336.7
512,1024,4,8192,10081
512,1024,8,16,6647.02
512,1024,8,32,6685.05
512,1024,8,64,6671.51
512,1024,8,128,6646.44
512,1024,8,256,6669.03
512,1024,8,512,7800.04
512,1024,8,1024,7878.13
512,1024,8,2048,8432.68
512,1024,8,4096,10867.2
512,1024,8,8192,12670.2
512,1024,16,16,7132.8
512,1024,16,32,7122.62
512,1024,16,64,7177
512,1024,16,128,7206.05
512,1024,16,256,7291.1
512,1024,16,512,7315.19
512,1024,16,1024,7686.23
512,1024,16,2048,8562.19
512,1024,16,4096,11055.1
512,1024,16,8192,15883.8
512,1024,32,16,6487.64
512,1024,32,32,6525.27
512,1024,32,64,6506.1
512,1024,32,128,6555.19
512,1024,32,256,6631.98
512,1024,32,512,6856.68
512,1024,32,1024,7359.52
512,1024,32,2048,8998.15
512,1024,32,4096,11630.5
512,1024,32,8192,14760.3
512,1024,64,16,5291.73
512,1024,64,32,5373.87
512,1024,64,64,5437.69
512,1024,64,128,5529.81
512,1024,64,256,5814.94
512,1024,64,512,6198.45
512,1024,64,1024,7137.51
512,1024,64,2048,9464.09
512,1024,64,4096,13929.4
512,1024,64,8192,21814.5
512,1024,128,16,5017.6
512,1024,128,32,5248.22
512,1024,128,64,5373.91
512,1024,128,128,5497.92
512,1024,128,256,5857.53
512,1024,128,512,6697.51
512,1024,128,1024,8661.58
512,1024,128,2048,12437.4
512,1024,128,4096,19811.2
512,1024,128,8192,31393.2
512,2048,0,0,8437.4
512,2048,1,16,8439.01
512,2048,1,32,8524.66
512,2048,1,64,8529.52
512,2048,1,128,8521.1
512,2048,1,256,8526.73
512,2048,1,512,8537.59
512,2048,1,1024,8521.54
512,2048,1,2048,8539.29
512,2048,1,4096,8737
512,2048,1,8192,10138.6
512,2048,2,16,8526.56
512,2048,2,32,8612.9
512,2048,2,64,8627.36
512,2048,2,128,8736.66
512,2048,2,256,8743.42
512,2048,2,512,8729.01
512,2048,2,1024,8743.26
512,2048,2,2048,8720.95
512,2048,2,4096,9423.63
512,2048,2,8192,10677.9
512,2048,4,16,8728.8
512,2048,4,32,8728.36
512,2048,4,64,8747.84
512,2048,4,128,8753.13
512,2048,4,256,8748.19
512,2048,4,512,9945.87
512,2048,4,1024,9953.13
512,2048,4,2048,9937.15
512,2048,4,4096,10785.4
512,2048,4,8192,12535
512,2048,8,16,9166.37
512,2048,8,32,9184.26
512,2048,8,64,9169.21
512,2048,8,128,9205.85
512,2048,8,256,9218.64
512,2048,8,512,9242.86
512,2048,8,1024,9247.3
512,2048,8,2048,9300.08
512,2048,8,4096,10519.5
512,2048,8,8192,12781.7
512,2048,16,16,9194.97
512,2048,16,32,9194.32
512,2048,16,64,9223.59
512,2048,16,128,9249.03
512,2048,16,256,9253.73
512,2048,16,512,9295.08
512,2048,16,1024,9287.78
512,2048,16,2048,10185.4
512,2048,16,4096,11444
512,2048,16,8192,14951.7
512,2048,32,16,9210.83
512,2048,32,32,9215.5
512,2048,32,64,9252.45
512,2048,32,128,9304.71
512,2048,32,256,9361.89
512,2048,32,512,9519.64
512,2048,32,1024,9824.53
512,2048,32,2048,10591.6
512,2048,32,4096,13477.9
512,2048,32,8192,17113.2
512,2048,64,16,8313.1
512,2048,64,32,9049.15
512,2048,64,64,9082.84
512,2048,64,128,9227.9
512,2048,64,256,9290.04
512,2048,64,512,9851.85
512,2048,64,1024,9500.54
512,2048,64,2048,11568.8
512,2048,64,4096,15784.3
512,2048,64,8192,24599.7
512,2048,128,16,8738.99
512,2048,128,32,9449.05
512,2048,128,64,9548.05
512,2048,128,128,9220.22
512,2048,128,256,9491.44
512,2048,128,512,10402.2
512,2048,128,1024,12265.3
512,2048,128,2048,16008.7
512,2048,128,4096,22053.9
512,2048,128,8192,36043.8
512,4096,0,0,15400.4
512,4096,1,16,15407.4
512,4096,1,32,15430.8
512,4096,1,64,14448.9
512,4096,1,128,14446.6
512,4096,1,256,14917.5
512,4096,1,512,15162.6
512,4096,1,1024,15454
512,4096,1,2048,14808.4
512,4096,1,4096,14987.5
512,4096,1,8192,15839.6
512,4096,2,16,15623.9
512,4096,2,32,15614
512,4096,2,64,14641
512,4096,2,128,14651.4
512,4096,2,256,14711
512,4096,2,512,14815.3
512,4096,2,1024,14551
512,4096,2,2048,14799.1
512,4096,2,4096,15005.6
512,4096,2,8192,15383.2
512,4096,4,16,14645.2
512,4096,4,32,14829.2
512,4096,4,64,14770.1
512,4096,4,128,14977.2
512,4096,4,256,15601
512,4096,4,512,15643.4
512,4096,4,1024,14839.4
512,4096,4,2048,14974.8
512,4096,4,4096,15506.8
512,4096,4,8192,15902.1
512,4096,8,16,14916.3
512,4096,8,32,15611.4
512,4096,8,64,15614.7
512,4096,8,128,15594.6
512,4096,8,256,14751.2
512,4096,8,512,14707.3
512,4096,8,1024,14556.8
512,4096,8,2048,15010.7
512,4096,8,4096,14780.1
512,4096,8,8192,18107.8
512,4096,16,16,15078.7
512,4096,16,32,15420.4
512,4096,16,64,15474.8
512,4096,16,128,15490.6
512,4096,16,256,14899.3
512,4096,16,512,15702
512,4096,16,1024,15936.4
512,4096,16,2048,15944.9
512,4096,16,4096,17067.4
512,4096,16,8192,18922.7
512,4096,32,16,15298.8
512,4096,32,32,16044.2
512,4096,32,64,15597.9
512,4096,32,128,15791.9
512,4096,32,256,15502.3
512,4096,32,512,15838.4
512,4096,32,1024,16755.9
512,4096,32,2048,16504.4
512,4096,32,4096,17978.3
512,4096,32,8192,23669.8
512,4096,64,16,15694.8
512,4096,64,32,15551.3
512,4096,64,64,15607.6
512,4096,64,128,15855.4
512,4096,64,256,15964.9
512,4096,64,512,15224.4
512,4096,64,1024,16731.3
512,4096,64,2048,17943.3
512,4096,64,4096,22130
512,4096,64,8192,29742.8
512,4096,128,16,14977.3
512,4096,128,32,15518.3
512,4096,128,64,15735.1
512,4096,128,128,15562.4
512,4096,128,256,16502.9
512,4096,128,512,16851.7
512,4096,128,1024,19277.6
512,4096,128,2048,21264.5
512,4096,128,4096,29052.2
512,4096,128,8192,43396.2
512,8192,0,0,28578.1
512,8192,1,16,28566.8
512,8192,1,32,28263.4
512,8192,1,64,28189.4
512,8192,1,128,28581.1
512,8192,1,256,28383
512,8192,1,512,28290.1
512,8192,1,1024,28161.5
512,8192,1,2048,28471.6
512,8192,1,4096,28173.9
512,8192,1,8192,28004.5
512,8192,2,16,28281.2
512,8192,2,32,28179.9
512,8192,2,64,28336.5
512,8192,2,128,28286
512,8192,2,256,28227.4
512,8192,2,512,28318.8
512,8192,2,1024,28276.9
512,8192,2,2048,28473.5
512,8192,2,4096,28323.8
512,8192,2,8192,28153
512,8192,4,16,28874.4
512,8192,4,32,28437.5
512,8192,4,64,28476.4
512,8192,4,128,28291.1
512,8192,4,256,28329.6
512,8192,4,512,28080
512,8192,4,1024,28092.6
512,8192,4,2048,28529.3
512,8192,4,4096,29272.8
512,8192,4,8192,28331.9
512,8192,8,16,28208.4
512,8192,8,32,28459.3
512,8192,8,64,28968.5
512,8192,8,128,28032.3
512,8192,8,256,28225
512,8192,8,512,28227.7
512,8192,8,1024,28636.8
512,8192,8,2048,28640.4
512,8192,8,4096,28655.8
512,8192,8,8192,29157.7
512,8192,16,16,28585.7
512,8192,16,32,28620
512,8192,16,64,28425.3
512,8192,16,128,28711.4
512,8192,16,256,28208.2
512,8192,16,512,28608.6
512,8192,16,1024,28567.5
512,8192,16,2048,29299.8
512,8192,16,4096,29746.7
512,8192,16,8192,32793.7
512,8192,32,16,29542.5
512,8192,32,32,29305.7
512,8192,32,64,29026.8
512,8192,32,128,29581.7
512,8192,32,256,29080.2
512,8192,32,512,29589.9
512,8192,32,1024,30110.5
512,8192,32,2048,30092.3
512,8192,32,4096,31182
512,8192,32,8192,32512
512,8192,64,16,29417.4
512,8192,64,32,28980
512,8192,64,64,30318.3
512,8192,64,128,29070.9
512,8192,64,256,30539.4
512,8192,64,512,29226.4
512,8192,64,1024,31246.2
512,8192,64,2048,31225.7
512,8192,64,4096,32934.4
512,8192,64,8192,41116.2
512,8192,128,16,28637.2
512,8192,128,32,30730.5
512,8192,128,64,31924.1
512,8192,128,128,29559.6
512,8192,128,256,31188.1
512,8192,128,512,30240
512,8192,128,1024,32121.8
512,8192,128,2048,33350.8
512,8192,128,4096,41906.7
512,8192,128,8192,55320.9
1024,0,0,0,3635.44
1024,0,1,16,3876.67
1024,0,1,32,4217.27
1024,0,1,64,4387.29
1024,0,1,128,4366.32
1024,0,1,256,4398.51
1024,0,1,512,4381.41
1024,0,1,1024,4397.68
1024,0,1,2048,5571.5
1024,0,1,4096,6475.33
1024,0,1,8192,8269.84
1024,0,2,16,4733.43
1024,0,2,32,4758.64
1024,0,2,64,4747.58
1024,0,2,128,4757.75
1024,0,2,256,4766.84
1024,0,2,512,4764.58
1024,0,2,1024,4827.77
1024,0,2,2048,5258.95
1024,0,2,4096,6286.5
1024,0,2,8192,8322.7
1024,0,4,16,4498.36
1024,0,4,32,4491.38
1024,0,4,64,4510.31
1024,0,4,128,4503.59
1024,0,4,256,4526.92
1024,0,4,512,4555.26
1024,0,4,1024,4627.18
1024,0,4,2048,5195.43
1024,0,4,4096,6209.13
1024,0,4,8192,8487.95
1024,0,8,16,4294.78
1024,0,8,32,4390.75
1024,0,8,64,4378.46
1024,0,8,128,4400.97
1024,0,8,256,4449.07
1024,0,8,512,4484.73
1024,0,8,1024,4650.01
1024,0,8,2048,5275.12
1024,0,8,4096,6657.27
1024,0,8,8192,9664.91
1024,0,16,16,3993.96
1024,0,16,32,4235.04
1024,0,16,64,4431.72
1024,0,16,128,4573.19
1024,0,16,256,4634.88
1024,0,16,512,4729.92
1024,0,16,1024,5026.65
1024,0,16,2048,6025.56
1024,0,16,4096,7789.28
1024,0,16,8192,11631
1024,0,32,16,4309.64
1024,0,32,32,4482.05
1024,0,32,64,4583.94
1024,0,32,128,4635.43
1024,0,32,256,4748.95
1024,0,32,512,5040.5
1024,0,32,1024,5568.22
1024,0,32,2048,7070.95
1024,0,32,4096,9226.06
1024,0,32,8192,12338.8
1024,0,64,16,3876.18
1024,0,64,32,4543.28
1024,0,64,64,4692.07
1024,0,64,128,4774.44
1024,0,64,256,5087.5
1024,0,64,512,5507.43
1024,0,64,1024,6202.83
1024,0,64,2048,7921.11
1024,0,64,4096,11852.3
1024,0,64,8192,20249.5
1024,0,128,16,4031.42
1024,0,128,32,4454.66
1024,0,128,64,4763.48
1024,0,128,128,5044.7
1024,0,128,256,5581.6
1024,0,128,512,6236.59
1024,0,128,1024,7899.31
1024,0,128,2048,11232.3
1024,0,128,4096,17630
1024,0,128,8192,30960.3
1024,16,0,0,3758.87
1024,16,1,16,4234.78
1024,16,1,32,4457.48
1024,16,1,64,4452.39
1024,16,1,128,4502.37
1024,16,1,256,4511.34
1024,16,1,512,4508.84
1024,16,1,1024,4561.01
1024,16,1,2048,4733.17
1024,16,1,4096,5561.9
1024,16,1,8192,7318.91
1024,16,2,16,4494.57
1024,16,2,32,4509.59
1024,16,2,64,4509.39
1024,16,2,128,4491.56
1024,16,2,256,4572.75
1024,16,2,512,4592.09
1024,16,2,1024,4649.42
1024,16,2,2048,4917.83
1024,16,2,4096,5922.86
1024,16,2,8192,7656.56
1024,16,4,16,4577.35
1024,16,4,32,4588.33
1024,16,4,64,4585.77
1024,16,4,128,4594.52
1024,16,4,256,4585.1
1024,16,4,512,5489.64
1024,16,4,1024,5574.96
1024,16,4,2048,6209.95
1024,16,4,4096,7550.8
1024,16,4,8192,9916.37
1024,16,8,16,5448.44
1024,16,8,32,5443.44
1024,16,8,64,5445.45
1024,16,8,128,5484.05
1024,16,8,256,5492.41
1024,16,8,512,5564.62
1024,16,8,1024,5738.58
1024,16,8,2048,6509.04
1024,16,8,4096,8421.79
1024,16,8,8192,10223.6
1024,16,16,16,4856.71
1024,16,16,32,4838.97
1024,16,16,64,4875.75
1024,16,16,128,4889.83
1024,16,16,256,4928.43
1024,16,16,512,5050.68
1024,16,16,1024,5343.2
1024,16,16,2048,6395.85
1024,16,16,4096,8374.98
1024,16,16,8192,11326.3
1024,16,32,16,4366.68
1024,16,32,32,4641.4
1024,16,32,64,4656.4
1024,16,32,128,4782.18
1024,16,32,256,4861.16
1024,16,32,512,5088.68
1024,16,32,1024,5598.82
1024,16,32,2048,7145.57
1024,16,32,4096,9204.36
1024,16,32,8192,13947.7
1024,16,64,16,4358.84
1024,16,64,32,4749.86
1024,16,64,64,4821.53
1024,16,64,128,4838.94
1024,16,64,256,5086
1024,16,64,512,5470.66
1024,16,64,1024,6777.03
1024,16,64,2048,9255.03
1024,16,64,4096,13812.5
1024,16,64,8192,20261.9
1024,16,128,16,4224.5
1024,16,128,32,4624.08
1024,16,128,64,4979.13
1024,16,128,128,5310.34
1024,16,128,256,5630.8
1024,16,128,512,6614.21
1024,16,128,1024,7936.13
1024,16,128,2048,11246.3
1024,16,128,4096,18818.3
1024,16,128,8192,30358.8
1024,32,0,0,4135.54
1024,32,1,16,4127.37
1024,32,1,32,4395.55
1024,32,1,64,4420.11
1024,32,1,128,4413.86
1024,32,1,256,4411.32
1024,32,1,512,5355.25
1024,32,1,1024,5362.81
1024,32,1,2048,5661.41
1024,32,1,4096,6523.62
1024,32,1,8192,8170.43
1024,32,2,16,4928.69
1024,32,2,32,4939.55
1024,32,2,64,4931.43
1024,32,2,128,4924.53
1024,32,2,256,4941.48
1024,32,2,512,4960.77
1024,32,2,1024,5022.31
1024,32,2,2048,5357.17
1024,32,2,4096,6160.96
1024,32,2,8192,7815.8
1024,32,4,16,4829.91
1024,32,4,32,4837.49
1024,32,4,64,4843.87
1024,32,4,128,4865.89
1024,32,4,256,4841.94
1024,32,4,512,4892.64
1024,32,4,1024,4957.52
1024,32,4,2048,5409.57
1024,32,4,4096,6593.99
1024,32,4,8192,8540.44
1024,32,8,16,4851.5
1024,32,8,32,4842.53
1024,32,8,64,4855.48
1024,32,8,128,4858.93
1024,32,8,256,4902.13
1024,32,8,512,4950.69
1024,32,8,1024,5106.79
1024,32,8,2048,5838.55
1024,32,8,4096,7454.42
1024,32,8,8192,10399.3
1024,32,16,16,4377.26
1024,32,16,32,4532.93
1024,32,16,64,4555.13
1024,32,16,128,4701.79
1024,32,16,256,4813.88
1024,32,16,512,4911.98
1024,32,16,1024,5191.1
1024,32,16,2048,6105.04
1024,32,16,4096,8148.32
1024,32,16,8192,11332.7
1024,32,32,16,4734.76
1024,32,32,32,4812.37
1024,32,32,64,4833.2
1024,32,32,128,4892.08
1024,32,32,256,5069.65
1024,32,32,512,5293.51
1024,32,32,1024,5819.69
1024,32,32,2048,7370.34
1024,32,32,4096,9366.16
1024,32,32,8192,12712.2
1024,32,64,16,3982.07
1024,32,64,32,4682.21
1024,32,64,64,4940.54
1024,32,64,128,4789.46
1024,32,64,256,4965.86
1024,32,64,512,5756.37
1024,32,64,1024,6905.79
1024,32,64,2048,9356.64
1024,32,64,4096,13967.8
1024,32,64,8192,22039.9
1024,32,128,16,4421.47
1024,32,128,32,4919.03
1024,32,128,64,5192.36
1024,32,128,128,5395.03
1024,32,128,256,5829.27
1024,32,128,512,6502.33
1024,32,128,1024,8914.59
1024,32,128,2048,10603.9
1024,32,128,4096,18200.7
1024,32,128,8192,34052.8
1024,64,0,0,4272.2
1024,64,1,16,4546.2
1024,64,1,32,4685.01
1024,64,1,64,4882.63
1024,64,1,128,4877.93
1024,64,1,256,4881.79
1024,64,1,512,4956.28
1024,64,1,1024,4975.7
1024,64,1,2048,5237.46
1024,64,1,4096,6093.33
1024,64,1,8192,7533.31
1024,64,2,16,4937.25
1024,64,2,32,4966.21
1024,64,2,64,4950.4
1024,64,2,128,4956.34
1024,64,2,256,4956.5
1024,64,2,512,5734.49
1024,64,2,1024,5747.81
1024,64,2,2048,6166.18
1024,64,2,4096,7085.27
1024,64,2,8192,9716.69
1024,64,4,16,4938.86
1024,64,4,32,4948.98
1024,64,4,64,4937.66
1024,64,4,128,4970.27
1024,64,4,256,4979.4
1024,64,4,512,5018.45
1024,64,4,1024,5064.94
1024,64,4,2048,5495.75
1024,64,4,4096,6685.28
1024,64,4,8192,9015.35
1024,64,8,16,4955.26
1024,64,8,32,4932.66
1024,64,8,64,4979.58
1024,64,8,128,5001.37
1024,64,8,256,5004.44
1024,64,8,512,5056.95
1024,64,8,1024,5190.93
1024,64,8,2048,5820.38
1024,64,8,4096,7454.97
1024,64,8,8192,10465.6
1024,64,16,16,4553.83
1024,64,16,32,4904.37
1024,64,16,64,4914.19
1024,64,16,128,4948.35
1024,64,16,256,4956.78
1024,64,16,512,5247.49
1024,64,16,1024,5489.17
1024,64,16,2048,6533.6
1024,64,16,4096,8295.57
1024,64,16,8192,11298.8
1024,64,32,16,4234.36
1024,64,32,32,4742.57
1024,64,32,64,5038.73
1024,64,32,128,5098.75
1024,64,32,256,5192.77
1024,64,32,512,5481.44
1024,64,32,1024,5978.4
1024,64,32,2048,7509.32
1024,64,32,4096,9617.7
1024,64,32,8192,14635.5
1024,64,64,16,4784.11
1024,64,64,32,5145.4
1024,64,64,64,5268.78
1024,64,64,128,5464.3
1024,64,64,256,5666.44
1024,64,64,512,6102.97
1024,64,64,1024,6460.71
1024,64,64,2048,8845.16
1024,64,64,4096,13640.1
1024,64,64,8192,21732.2
1024,64,128,16,4482.05
1024,64,128,32,4956.73
1024,64,128,64,5352.41
1024,64,128,128,5555.19
1024,64,128,256,5927.84
1024,64,128,512,6981.92
1024,64,128,1024,9147.47
1024,64,128,2048,13265
1024,64,128,4096,19955
1024,64,128,8192,34656.2
1024,128,0,0,4713.28
1024,128,1,16,5248.3
1024,128,1,32,5249.79
1024,128,1,64,5231.04
1024,128,1,128,5258.8
1024,128,1,256,5245.5
1024,128,1,512,5392.18
1024,128,1,1024,5422.54
1024,128,1,2048,5620.45
1024,128,1,4096,6462.11
1024,128,1,8192,7864.47
1024,128,2,16,5359.35
1024,128,2,32,5369.01
1024,128,2,64,5386.66
1024,128,2,128,6091.23
1024,128,2,256,6117.95
1024,128,2,512,6121.35
1024,128,2,1024,6152.21
1024,128,2,2048,6671.04
1024,128,2,4096,7392.91
1024,128,2,8192,9469.68
1024,128,4,16,5301.06
1024,128,4,32,5303.99
1024,128,4,64,5321.69
1024,128,4,128,5368.39
1024,128,4,256,5412.49
1024,128,4,512,5449.25
1024,128,4,1024,5482.28
1024,128,4,2048,5946.15
1024,128,4,4096,6994.89
1024,128,4,8192,9921.12
1024,128,8,16,4887.09
1024,128,8,32,5202.33
1024,128,8,64,5403.35
1024,128,8,128,5410.63
1024,128,8,256,5424.36
1024,128,8,512,5569.61
1024,128,8,1024,5660.22
1024,128,8,2048,6174.42
1024,128,8,4096,7810.7
1024,128,8,8192,10860.7
1024,128,16,16,5054.71
1024,128,16,32,5218.3
1024,128,16,64,5362.13
1024,128,16,128,5436.76
1024,128,16,256,5513.79
1024,128,16,512,5696.16
1024,128,16,1024,5881.7
1024,128,16,2048,6948.14
1024,128,16,4096,8887.52
1024,128,16,8192,11666.9
1024,128,32,16,4666.5
1024,128,32,32,5164.7
1024,128,32,64,5280.88
1024,128,32,128,5513.81
1024,128,32,256,5699.31
1024,128,32,512,5907.53
1024,128,32,1024,6407.62
1024,128,32,2048,7742.62
1024,128,32,4096,10574.8
1024,128,32,8192,13153.4
1024,128,64,16,4676.76
1024,128,64,32,5564.09
1024,128,64,64,5207.85
1024,128,64,128,5635.79
1024,128,64,256,5565.32
1024,128,64,512,6230.61
1024,128,64,1024,6800.22
1024,128,64,2048,8957.76
1024,128,64,4096,14348.4
1024,128,64,8192,21269.9
1024,128,128,16,4739.3
1024,128,128,32,5210.64
1024,128,128,64,5358.02
1024,128,128,128,5783.93
1024,128,128,256,6451.06
1024,128,128,512,7378.85
1024,128,128,1024,8359.3
1024,128,128,2048,12121.9
1024,128,128,4096,19690.3
1024,128,128,8192,32347.8
1024,256,0,0,5455.51
1024,256,1,16,5771.87
1024,256,1,32,5977.27
1024,256,1,64,6222.92
1024,256,1,128,6210.31
1024,256,1,256,6211.21
1024,256,1,512,6207.04
1024,256,1,1024,6242.27
1024,256,1,2048,6464.13
1024,256,1,4096,7482.1
1024,256,1,8192,8596.4
1024,256,2,16,6286.67
1024,256,2,32,6296.58
1024,256,2,64,6275.34
1024,256,2,128,6281.31
1024,256,2,256,6307.06
1024,256,2,512,6290.94
1024,256,2,1024,6340.23
1024,256,2,2048,6512.74
1024,256,2,4096,7487.44
1024,256,2,8192,9170.32
1024,256,4,16,5834.25
1024,256,4,32,6070.9
1024,256,4,64,6148.73
1024,256,4,128,6284.73
1024,256,4,256,6389.85
1024,256,4,512,6421.06
1024,256,4,1024,6480.06
1024,256,4,2048,6988.51
1024,256,4,4096,7778.21
1024,256,4,8192,10105.2
1024,256,8,16,5721.7
1024,256,8,32,5890.11
1024,256,8,64,6021.76
1024,256,8,128,6111.38
1024,256,8,256,6102.86
1024,256,8,512,6243.87
1024,256,8,1024,6578.81
1024,256,8,2048,7116.53
1024,256,8,4096,8783.35
1024,256,8,8192,10650.9
1024,256,16,16,5421.74
1024,256,16,32,6170.5
1024,256,16,64,6172.23
1024,256,16,128,6343.79
1024,256,16,256,6476.34
1024,256,16,512,6573.93
1024,256,16,1024,6780.58
1024,256,16,2048,7719.39
1024,256,16,4096,9890.89
1024,256,16,8192,12112.1
1024,256,32,16,5901.13
1024,256,32,32,6254.71
1024,256,32,64,6272.15
1024,256,32,128,6596.65
1024,256,32,256,6693.09
1024,256,32,512,6729.7
1024,256,32,1024,7075.19
1024,256,32,2048,8780.8
1024,256,32,4096,11463.1
1024,256,32,8192,16646
1024,256,64,16,5913.4
1024,256,64,32,6542.25
1024,256,64,64,6811.83
1024,256,64,128,6948.25
1024,256,64,256,7028.76
1024,256,64,512,6968.82
1024,256,64,1024,7785.11
1024,256,64,2048,10817.4
1024,256,64,4096,14191
1024,256,64,8192,20875.7
1024,256,128,16,5337.58
1024,256,128,32,6763.94
1024,256,128,64,6242.01
1024,256,128,128,6323.29
1024,256,128,256,6987.56
1024,256,128,512,7754.63
1024,256,128,1024,8894.78
1024,256,128,2048,13173.8
1024,256,128,4096,21400.4
1024,256,128,8192,34391.1
1024,512,0,0,7121.27
1024,512,1,16,7754.88
1024,512,1,32,7837.55
1024,512,1,64,7859.77
1024,512,1,128,8069.07
1024,512,1,256,8058.37
1024,512,1,512,8046.12
1024,512,1,1024,8096.83
1024,512,1,2048,8391.97
1024,512,1,4096,9086.38
1024,512,1,8192,10346.6
1024,512,2,16,7163.73
1024,512,2,32,7742.15
1024,512,2,64,8060.02
1024,512,2,128,8065.47
1024,512,2,256,8096.27
1024,512,2,512,8114.05
1024,512,2,1024,8156.47
1024,512,2,2048,8366.77
1024,512,2,4096,9202.6
1024,512,2,8192,9930.21
1024,512,4,16,7983.39
1024,512,4,32,7955.03
1024,512,4,64,7994.66
1024,512,4,128,7997.99
1024,512,4,256,7980.21
1024,512,4,512,8030.62
1024,512,4,1024,8082.7
1024,512,4,2048,8500.89
1024,512,4,4096,9396.01
1024,512,4,8192,10705.9
1024,512,8,16,7593.31
1024,512,8,32,7731.22
1024,512,8,64,7974.79
1024,512,8,128,8037.8
1024,512,8,256,8188.5
1024,512,8,512,8257.12
1024,512,8,1024,8353.91
1024,512,8,2048,8805.23
1024,512,8,4096,10120
1024,512,8,8192,13027.1
1024,512,16,16,7417.66
1024,512,16,32,7765.53
1024,512,16,64,7822.41
1024,512,16,128,8001.33
1024,512,16,256,8103.4
1024,512,16,512,8203.05
1024,512,16,1024,8327.75
1024,512,16,2048,9226.36
1024,512,16,4096,11107.1
1024,512,16,8192,14900.5
1024,512,32,16,7310.36
1024,512,32,32,8583.14
1024,512,32,64,8006.93
1024,512,32,128,7933.42
1024,512,32,256,8430.16
1024,512,32,512,7824.32
1024,512,32,1024,8267.89
1024,512,32,2048,9784.55
1024,512,32,4096,13521.3
1024,512,32,8192,17106.2
1024,512,64,16,7732.99
1024,512,64,32,7770.46
1024,512,64,64,8710.89
1024,512,64,128,8393.7
1024,512,64,256,8561.76
1024,512,64,512,10726.6
1024,512,64,1024,11650.9
1024,512,64,2048,13140.5
1024,512,64,4096,16462.2
1024,512,64,8192,23667.4
1024,512,128,16,7962.68
1024,512,128,32,8828.04
1024,512,128,64,7713.49
1024,512,128,128,8065.28
1024,512,128,256,8694.44
1024,512,128,512,8595.26
1024,512,128,1024,10571.5
1024,512,128,2048,14350.8
1024,512,128,4096,21644
1024,512,128,8192,35297.4
1024,1024,0,0,10554
1024,1024,1,16,10309.3
1024,1024,1,32,11573.3
1024,1024,1,64,10616.3
1024,1024,1,128,11143.7
1024,1024,1,256,10990.8
1024,1024,1,512,10650
1024,1024,1,1024,12061.1
1024,1024,1,2048,12053.9
1024,1024,1,4096,10746.3
1024,1024,1,8192,13275.7
1024,1024,2,16,11556.7
1024,1024,2,32,11505.1
1024,1024,2,64,11612.6
1024,1024,2,128,11343.5
1024,1024,2,256,10894
1024,1024,2,512,10947.5
1024,1024,2,1024,10596.2
1024,1024,2,2048,11426.5
1024,1024,2,4096,10968.6
1024,1024,2,8192,12665.9
1024,1024,4,16,10256.5
1024,1024,4,32,11687.5
1024,1024,4,64,11104.3
1024,1024,4,128,10586.4
1024,1024,4,256,10789
1024,1024,4,512,10601.8
1024,1024,4,1024,10637.5
1024,1024,4,2048,11818.3
1024,1024,4,4096,11869.7
1024,1024,4,8192,14546.8
1024,1024,8,16,11451.7
1024,1024,8,32,10633.1
1024,1024,8,64,10933.1
1024,1024,8,128,11290.3
1024,1024,8,256,11333.8
1024,1024,8,512,11388.2
1024,1024,8,1024,10870.6
1024,1024,8,2048,10961.8
1024,1024,8,4096,12298
1024,1024,8,8192,14774.9
1024,1024,16,16,11269.7
1024,1024,16,32,10569.6
1024,1024,16,64,10404.9
1024,1024,16,128,10935
1024,1024,16,256,11370.8
1024,1024,16,512,11333.8
1024,1024,16,1024,12440.7
1024,1024,16,2048,11791.3
1024,1024,16,4096,13512.5
1024,1024,16,8192,17825.9
1024,1024,32,16,11515
1024,1024,32,32,12052.4
1024,1024,32,64,12186.9
1024,1024,32,128,11351.8
1024,1024,32,256,11207.4
1024,1024,32,512,12554.8
1024,1024,32,1024,12865.1
1024,1024,32,2048,13426.6
1024,1024,32,4096,16744.5
1024,1024,32,8192,20143.4
1024,1024,64,16,10579.1
1024,1024,64,32,10477.4
1024,1024,64,64,11335
1024,1024,64,128,11498.8
1024,1024,64,256,11423.7
1024,1024,64,512,13339.9
1024,1024,64,1024,13260.2
1024,1024,64,2048,14877.5
1024,1024,64,4096,19643.7
1024,1024,64,8192,27433.6
1024,1024,128,16,10879.9
1024,1024,128,32,11180.5
1024,1024,128,64,12183
1024,1024,128,128,12571.6
1024,1024,128,256,12521
1024,1024,128,512,13739.5
1024,1024,128,1024,17907.4
1024,1024,128,2048,23763.9
1024,1024,128,4096,30501.5
1024,1024,128,8192,40071
1024,2048,0,0,18493.1
1024,2048,1,16,17001.1
1024,2048,1,32,18492.9
1024,2048,1,64,17278.3
1024,2048,1,128,17826.7
1024,2048,1,256,17135.7
1024,2048,1,512,16636.6
1024,2048,1,1024,17242.2
1024,2048,1,2048,18595.8
1024,2048,1,4096,17219.4
1024,2048,1,8192,18118.6
1024,2048,2,16,17846.5
1024,2048,2,32,17992.5
1024,2048,2,64,17167.5
1024,2048,2,128,17720.3
1024,2048,2,256,17960
1024,2048,2,512,17387.3
1024,2048,2,1024,17424.3
1024,2048,2,2048,18648.1
1024,2048,2,4096,18489.3
1024,2048,2,8192,20015.9
1024,2048,4,16,16627.1
1024,2048,4,32,18507.2
1024,2048,4,64,17266.7
1024,2048,4,128,17390.4
1024,2048,4,256,18595.3
1024,2048,4,512,17499.8
1024,2048,4,1024,17671.7
1024,2048,4,2048,18193
1024,2048,4,4096,18832.5
1024,2048,4,8192,20957.3
1024,2048,8,16,17701.3
1024,2048,8,32,17011.3
1024,2048,8,64,17655.1
1024,2048,8,128,19005.5
1024,2048,8,256,19177.1
1024,2048,8,512,19298.5
1024,2048,8,1024,18179.2
1024,2048,8,2048,18536.4
1024,2048,8,4096,18732.9
1024,2048,8,8192,22219.1
1024,2048,16,16,16964.9
1024,2048,16,32,17644.6
1024,2048,16,64,17353.6
1024,2048,16,128,18918.5
1024,2048,16,256,18613.6
1024,2048,16,512,18922.4
1024,2048,16,1024,19398.1
1024,2048,16,2048,18039.9
1024,2048,16,4096,19637.9
1024,2048,16,8192,23905.6
1024,2048,32,16,17915.4
1024,2048,32,32,18116
1024,2048,32,64,17083.5
1024,2048,32,128,18962.9
1024,2048,32,256,18886
1024,2048,32,512,19317.3
1024,2048,32,1024,19759.7
1024,2048,32,2048,21080.2
1024,2048,32,4096,22691.9
1024,2048,32,8192,26866.3
1024,2048,64,16,18196.5
1024,2048,64,32,18828.8
1024,2048,64,64,18731.3
1024,2048,64,128,18793
1024,2048,64,256,19825.4
1024,2048,64,512,20470.1
1024,2048,64,1024,20007.2
1024,2048,64,2048,22546.2
1024,2048,64,4096,25357.2
1024,2048,64,8192,35322.3
1024,2048,128,16,19034.6
1024,2048,128,32,17995.8
1024,2048,128,64,19178.1
1024,2048,128,128,18210.4
1024,2048,128,256,19557.9
1024,2048,128,512,19486.9
1024,2048,128,1024,21385.8
1024,2048,128,2048,26512.4
1024,2048,128,4096,31974
1024,2048,128,8192,45993.2
1024,4096,0,0,31067.9
1024,4096,1,16,31449
1024,4096,1,32,32038.3
1024,4096,1,64,29713.6
1024,4096,1,128,29697.4
1024,4096,1,256,31940.9
1024,4096,1,512,31776
1024,4096,1,1024,31248.6
1024,4096,1,2048,30073.4
1024,4096,1,4096,29965.5
1024,4096,1,8192,32509.4
1024,4096,2,16,32209.4
1024,4096,2,32,32360
1024,4096,2,64,31622.1
1024,4096,2,128,31105.3
1024,4096,2,256,32150
1024,4096,2,512,31075.1
1024,4096,2,1024,32668.7
1024,4096,2,2048,32045.1
1024,4096,2,4096,31934.9
1024,4096,2,8192,33312
1024,4096,4,16,31370.5
1024,4096,4,32,32188.2
1024,4096,4,64,32064.8
1024,4096,4,128,30948.6
1024,4096,4,256,31458.5
1024,4096,4,512,32098.8
1024,4096,4,1024,30525.2
1024,4096,4,2048,30373.9
1024,4096,4,4096,30872.2
1024,4096,4,8192,31589.9
1024,4096,8,16,31869.1
1024,4096,8,32,31760.7
1024,4096,8,64,30415.4
1024,4096,8,128,31127.5
1024,4096,8,256,31447.8
1024,4096,8,512,32676.3
1024,4096,8,1024,32298.2
1024,4096,8,2048,32550
1024,4096,8,4096,32658.4
1024,4096,8,8192,33022.2
1024,4096,16,16,31338.8
1024,4096,16,32,31336.3
1024,4096,16,64,30356.2
1024,4096,16,128,30407.4
1024,4096,16,256,32543.8
1024,4096,16,512,30464.6
1024,4096,16,1024,32887.1
1024,4096,16,2048,31199.5
1024,4096,16,4096,32051.2
1024,4096,16,8192,36820.2
1024,4096,32,16,30725.3
1024,4096,32,32,31784.8
1024,4096,32,64,31390.9
1024,4096,32,128,33265.2
1024,4096,32,256,29904
1024,4096,32,512,30440.5
1024,4096,32,1024,32826.7
1024,4096,32,2048,34452.7
1024,4096,32,4096,35294.7
1024,4096,32,8192,40323.7
1024,4096,64,16,33319.8
1024,4096,64,32,30922.1
1024,4096,64,64,31778.3
1024,4096,64,128,30482.1
1024,4096,64,256,30292.8
1024,4096,64,512,32014.5
1024,4096,64,1024,32122.6
1024,4096,64,2048,35505
1024,4096,64,4096,40062.1
1024,4096,64,8192,46862.9
1024,4096,128,16,30625.6
1024,4096,128,32,31229.8
1024,4096,128,64,32696.6
1024,4096,128,128,30858.6
1024,4096,128,256,32202.4
1024,4096,128,512,34218.6
1024,4096,128,1024,35951.1
1024,4096,128,2048,41139.1
1024,4096,128,4096,48966.5
1024,4096,128,8192,61142.4
1024,8192,0,0,55346.5
1024,8192,1,16,54969.6
1024,8192,1,32,58277.8
1024,8192,1,64,55298.7
1024,8192,1,128,56228
1024,8192,1,256,57409.2
1024,8192,1,512,55586.2
1024,8192,1,1024,55883.6
1024,8192,1,2048,55474.1
1024,8192,1,4096,55433.3
1024,8192,1,8192,56185.5
1024,8192,2,16,57753.3
1024,8192,2,32,54363.9
1024,8192,2,64,54813.4
1024,8192,2,128,55143.5
1024,8192,2,256,56961.2
1024,8192,2,512,57731.2
1024,8192,2,1024,56399.1
1024,8192,2,2048,57119.5
1024,8192,2,4096,57226
1024,8192,2,8192,57133.9
1024,8192,4,16,54017.1
1024,8192,4,32,57272.4
1024,8192,4,64,54962.2
1024,8192,4,128,58067.6
1024,8192,4,256,57621.5
1024,8192,4,512,57428.4
1024,8192,4,1024,56412.5
1024,8192,4,2048,54708.5
1024,8192,4,4096,55935.8
1024,8192,4,8192,57567.6
1024,8192,8,16,55167.1
1024,8192,8,32,57427.7
1024,8192,8,64,57359.1
1024,8192,8,128,55350.9
1024,8192,8,256,56894.4
1024,8192,8,512,57473.3
1024,8192,8,1024,58465.4
1024,8192,8,2048,57634.8
1024,8192,8,4096,59218.1
1024,8192,8,8192,59702.2
1024,8192,16,16,58779.1
1024,8192,16,32,58456.6
1024,8192,16,64,57316.3
1024,8192,16,128,54803.1
1024,8192,16,256,57438.8
1024,8192,16,512,57608.4
1024,8192,16,1024,57399.8
1024,8192,16,2048,59187.1
1024,8192,16,4096,59800
1024,8192,16,8192,60236.9
1024,8192,32,16,56446.5
1024,8192,32,32,56966.7
1024,8192,32,64,55629.1
1024,8192,32,128,58329.3
1024,8192,32,256,58575.8
1024,8192,32,512,59190.6
1024,8192,32,1024,58021.9
1024,8192,32,2048,59647.5
1024,8192,32,4096,63410.3
1024,8192,32,8192,68610.3
1024,8192,64,16,59421.3
1024,8192,64,32,58386.3
1024,8192,64,64,59551.3
1024,8192,64,128,58534.7
1024,8192,64,256,60578.2
1024,8192,64,512,59736.4
1024,8192,64,1024,58950.2
1024,8192,64,2048,62285.5
1024,8192,64,4096,66077.7
1024,8192,64,8192,71218.5
1024,8192,128,16,59971.8
1024,8192,128,32,58782.6
1024,8192,128,64,58034.9
1024,8192,128,128,60177.5
1024,8192,128,256,62380.5
1024,8192,128,512,63354.3
1024,8192,128,1024,64887.2
1024,8192,128,2048,65466.3
1024,8192,128,4096,70347.8
1024,8192,128,8192,91119.9
2048,0,0,0,15261.4
2048,0,1,16,15757.7
2048,0,1,32,15711.4
2048,0,1,64,15576.7
2048,0,1,128,15555.7
2048,0,1,256,16416.4
2048,0,1,512,16545
2048,0,1,1024,15670.5
2048,0,1,2048,15457.6
2048,0,1,4096,16011.1
2048,0,1,8192,16990.8
2048,0,2,16,16534.3
2048,0,2,32,16941.4
2048,0,2,64,16496.8
2048,0,2,128,15494.4
2048,0,2,256,15383.1
2048,0,2,512,15385
2048,0,2,1024,16988.2
2048,0,2,2048,16400.4
2048,0,2,4096,17186.1
2048,0,2,8192,17442.2
2048,0,4,16,16154.1
2048,0,4,32,16671.6
2048,0,4,64,16751.1
2048,0,4,128,15824.4
2048,0,4,256,15356.6
2048,0,4,512,16416.9
2048,0,4,1024,16852.3
2048,0,4,2048,16910.2
2048,0,4,4096,17530.1
2048,0,4,8192,19713.8
2048,0,8,16,15772.6
2048,0,8,32,17114.9
2048,0,8,64,16709.9
2048,0,8,128,16262.1
2048,0,8,256,16587.1
2048,0,8,512,16054.9
2048,0,8,1024,16468.7
2048,0,8,2048,16926.4
2048,0,8,4096,18968.2
2048,0,8,8192,20849.1
2048,0,16,16,15560.7
2048,0,16,32,16720.2
2048,0,16,64,16153.8
2048,0,16,128,15987.7
2048,0,16,256,16704.5
2048,0,16,512,16931.9
2048,0,16,1024,16191.8
2048,0,16,2048,17709
2048,0,16,4096,18863.5
2048,0,16,8192,23846.7
2048,0,32,16,15869.7
2048,0,32,32,16533.7
2048,0,32,64,16996.9
2048,0,32,128,17201.5
2048,0,32,256,17445.2
2048,0,32,512,17335.4
2048,0,32,1024,17411.2
2048,0,32,2048,17447.9
2048,0,32,4096,19863.6
2048,0,32,8192,25033.4
2048,0,64,16,15781.3
2048,0,64,32,17006.3
2048,0,64,64,16186.7
2048,0,64,128,16637.4
2048,0,64,256,17670.8
2048,0,64,512,17363.5
2048,0,64,1024,18729.9
2048,0,64,2048,21662
2048,0,64,4096,26188.4
2048,0,64,8192,33653.9
2048,0,128,16,16279.6
2048,0,128,32,17302.9
2048,0,128,64,17756.3
2048,0,128,128,17745.9
2048,0,128,256,17483.1
2048,0,128,512,18750.2
2048,0,128,1024,19605.1
2048,0,128,2048,24324.2
2048,0,128,4096,33300.4
2048,0,128,8192,48606.8
2048,16,0,0,15266
2048,16,1,16,16510.7
2048,16,1,32,15978.8
2048,16,1,64,16790.8
2048,16,1,128,16324.7
2048,16,1,256,16760.1
2048,16,1,512,16583.3
2048,16,1,1024,16065.5
2048,16,1,2048,15658
2048,16,1,4096,17261.2
2048,16,1,8192,19197.9
2048,16,2,16,15848.7
2048,16,2,32,15027
2048,16,2,64,16801.7
2048,16,2,128,17094.2
2048,16,2,256,16966.7
2048,16,2,512,16218.8
2048,16,2,1024,16057.4
2048,16,2,2048,16673.2
2048,16,2,4096,16760.7
2048,16,2,8192,17922.5
2048,16,4,16,15179.1
2048,16,4,32,16680.5
2048,16,4,64,17021.7
2048,16,4,128,17195.3
2048,16,4,256,17031.1
2048,16,4,512,16150.6
2048,16,4,1024,15489.1
2048,16,4,2048,17014.8
2048,16,4,4096,18750.4
2048,16,4,8192,18729.9
2048,16,8,16,15806.9
2048,16,8,32,15631.9
2048,16,8,64,15031.3
2048,16,8,128,16495.4
2048,16,8,256,16435.5
2048,16,8,512,15972.9
2048,16,8,1024,15421.4
2048,16,8,2048,16236.7
2048,16,8,4096,17736.2
2048,16,8,8192,20785.7
2048,16,16,16,15166.1
2048,16,16,32,15685.4
2048,16,16,64,16443.1
2048,16,16,128,16132.3
2048,16,16,256,17320.8
2048,16,16,512,16332.7
2048,16,16,1024,16758.8
2048,16,16,2048,18072.6
2048,16,16,4096,20275.5
2048,16,16,8192,24411.3
2048,16,32,16,16452.8
2048,16,32,32,17321.3
2048,16,32,64,17395.1
2048,16,32,128,17557.1
2048,16,32,256,16526.7
2048,16,32,512,16627.2
2048,16,32,1024,16842.2
2048,16,32,2048,19256.1
2048,16,32,4096,20535.2
2048,16,32,8192,25867.5
2048,16,64,16,15432.8
2048,16,64,32,16440
2048,16,64,64,17564.1
2048,16,64,128,16863.4
2048,16,64,256,18069.9
2048,16,64,512,17444.1
2048,16,64,1024,19043.2
2048,16,64,2048,19874.8
2048,16,64,4096,25251.2
2048,16,64,8192,33019.6
2048,16,128,16,16365.1
2048,16,128,32,17012.9
2048,16,128,64,17816.2
2048,16,128,128,18237.8
2048,16,128,256,18134.2
2048,16,128,512,18962.4
2048,16,128,1024,20953.3
2048,16,128,2048,26127.1
2048,16,128,4096,32541.3
2048,16,128,8192,48614.7
2048,32,0,0,16445.7
2048,32,1,16,16243
2048,32,1,32,17117.3
2048,32,1,64,16130.3
2048,32,1,128,16731.5
2048,32,1,256,16877.4
2048,32,1,512,17003.3
2048,32,1,1024,16201.2
2048,32,1,2048,17041.1
2048,32,1,4096,17853.9
2048,32,1,8192,18967.2
2048,32,2,16,17237.8
2048,32,2,32,16146.5
2048,32,2,64,16509.2
2048,32,2,128,16154.7
2048,32,2,256,17082.6
2048,32,2,512,17172.2
2048,32,2,1024,16723.9
2048,32,2,2048,16412.9
2048,32,2,4096,16736.3
2048,32,2,8192,19123.8
2048,32,4,16,16868.6
2048,32,4,32,17199.1
2048,32,4,64,16223.5
2048,32,4,128,15718.2
2048,32,4,256,16782.9
2048,32,4,512,16902.5
2048,32,4,1024,17432
2048,32,4,2048,17143.4
2048,32,4,4096,17719.4
2048,32,4,8192,19833.9
2048,32,8,16,17250
2048,32,8,32,16630.6
2048,32,8,64,16891.8
2048,32,8,128,16864.1
2048,32,8,256,16249.8
2048,32,8,512,16082.4
2048,32,8,1024,16546.6
2048,32,8,2048,16144.3
2048,32,8,4096,18420.7
2048,32,8,8192,20776.7
2048,32,16,16,15995.2
2048,32,16,32,16329.7
2048,32,16,64,16989.6
2048,32,16,128,16467.4
2048,32,16,256,16957.5
2048,32,16,512,17664.6
2048,32,16,1024,16704.3
2048,32,16,2048,18286.3
2048,32,16,4096,19103.6
2048,32,16,8192,22905.5
2048,32,32,16,16330.9
2048,32,32,32,17019.5
2048,32,32,64,17203.1
2048,32,32,128,16767.6
2048,32,32,256,16515.6
2048,32,32,512,16486.4
2048,32,32,1024,18127.1
2048,32,32,2048,18422.7
2048,32,32,4096,21547
2048,32,32,8192,26196.9
2048,32,64,16,15697.1
2048,32,64,32,17425.3
2048,32,64,64,17015.2
2048,32,64,128,17303.5
2048,32,64,256,17383.8
2048,32,64,512,17385.3
2048,32,64,1024,18322.9
2048,32,64,2048,20184.7
2048,32,64,4096,24164.9
2048,32,64,8192,33804.1
2048,32,128,16,17428.6
2048,32,128,32,16620
2048,32,128,64,17310.4
2048,32,128,128,18236.2
2048,32,128,256,17762.1
2048,32,128,512,19660.3
2048,32,128,1024,20856.5
2048,32,128,2048,24306.8
2048,32,128,4096,31606.5
2048,32,128,8192,45579.8
2048,64,0,0,15741.2
2048,64,1,16,17298
2048,64,1,32,17391.1
2048,64,1,64,17348.2
2048,64,1,128,17740.4
2048,64,1,256,17143.6
2048,64,1,512,17792.2
2048,64,1,1024,18031.9
2048,64,1,2048,17963.4
2048,64,1,4096,17540.6
2048,64,1,8192,18598.8
2048,64,2,16,17046.9
2048,64,2,32,17302.2
2048,64,2,64,16814.1
2048,64,2,128,17076.7
2048,64,2,256,15971.1
2048,64,2,512,16359.7
2048,64,2,1024,17197.4
2048,64,2,2048,16130.7
2048,64,2,4096,17345.2
2048,64,2,8192,18454.4
2048,64,4,16,16865.6
2048,64,4,32,16998.4
2048,64,4,64,16554.7
2048,64,4,128,16492.5
2048,64,4,256,16956.6
2048,64,4,512,16285.9
2048,64,4,1024,17565
2048,64,4,2048,17307.8
2048,64,4,4096,16857.7
2048,64,4,8192,20043.6
2048,64,8,16,17439.8
2048,64,8,32,17428.3
2048,64,8,64,17489.4
2048,64,8,128,17342
2048,64,8,256,17185.2
2048,64,8,512,17663
2048,64,8,1024,17134.3
2048,64,8,2048,16314.6
2048,64,8,4096,18339.4
2048,64,8,8192,22036.2
2048,64,16,16,17320.6
2048,64,16,32,16654
2048,64,16,64,16816.5
2048,64,16,128,17639
2048,64,16,256,17501.6
2048,64,16,512,16748
2048,64,16,1024,18458.9
2048,64,16,2048,17782.8
2048,64,16,4096,19675.9
2048,64,16,8192,23336.1
2048,64,32,16,17230.3
2048,64,32,32,17081.6
2048,64,32,64,16862.3
2048,64,32,128,17812
2048,64,32,256,17782.6
2048,64,32,512,17483.6
2048,64,32,1024,18780.8
2048,64,32,2048,27294.1
2048,64,32,4096,28419.3
2048,64,32,8192,32159.5
2048,64,64,16,18296.2
2048,64,64,32,17152.8
2048,64,64,64,17400.7
2048,64,64,128,18151.1
2048,64,64,256,17700.1
2048,64,64,512,18042.6
2048,64,64,1024,19196.9
2048,64,64,2048,21738.1
2048,64,64,4096,25764
2048,64,64,8192,34613.2
2048,64,128,16,17172.3
2048,64,128,32,18206.3
2048,64,128,64,18575.9
2048,64,128,128,18029
2048,64,128,256,17912.2
2048,64,128,512,19849.3
2048,64,128,1024,22183.6
2048,64,128,2048,27353.1
2048,64,128,4096,33912.8
2048,64,128,8192,49889.6
2048,128,0,0,16987.1
2048,128,1,16,18140
2048,128,1,32,17845.7
2048,128,1,64,18660.2
2048,128,1,128,18027.2
2048,128,1,256,17239.3
2048,128,1,512,17540.6
2048,128,1,1024,18218.1
2048,128,1,2048,17679.3
2048,128,1,4096,17733
2048,128,1,8192,18344
2048,128,2,16,18341.4
2048,128,2,32,17552.8
2048,128,2,64,17364.1
2048,128,2,128,17093.5
2048,128,2,256,17172.5
2048,128,2,512,16366.6
2048,128,2,1024,18633
2048,128,2,2048,18265.3
2048,128,2,4096,17894.8
2048,128,2,8192,20920.5
2048,128,4,16,18294.1
2048,128,4,32,18709.1
2048,128,4,64,17742.6
2048,128,4,128,17864.7
2048,128,4,256,17512.9
2048,128,4,512,17158.9
2048,128,4,1024,18166.9
2048,128,4,2048,18059.6
2048,128,4,4096,18617.1
2048,128,4,8192,20097.2
2048,128,8,16,17128.7
2048,128,8,32,18027.4
2048,128,8,64,17890
2048,128,8,128,18426.9
2048,128,8,256,18797.1
2048,128,8,512,17682.1
2048,128,8,1024,17493.2
2048,128,8,2048,17838.7
2048,128,8,4096,18962.2
2048,128,8,8192,22232
2048,128,16,16,18037.4
2048,128,16,32,18743.3
2048,128,16,64,18886.4
2048,128,16,128,17130.2
2048,128,16,256,17764.5
2048,128,16,512,18438.2
2048,128,16,1024,16698.8
2048,128,16,2048,18311.3
2048,128,16,4096,21226.7
2048,128,16,8192,23882.2
2048,128,32,16,18914.9
2048,128,32,32,18054.6
2048,128,32,64,18500
2048,128,32,128,18529.5
2048,128,32,256,18701.2
2048,128,32,512,19228.6
2048,128,32,1024,19090.7
2048,128,32,2048,19809.2
2048,128,32,4096,22316.7
2048,128,32,8192,27566.8
2048,128,64,16,19089.6
2048,128,64,32,18516.5
2048,128,64,64,18630.1
2048,128,64,128,18387.2
2048,128,64,256,18970.1
2048,128,64,512,18480.3
2048,128,64,1024,21128
2048,128,64,2048,22891.7
2048,128,64,4096,24389.9
2048,128,64,8192,34666.4
2048,128,128,16,18736.9
2048,128,128,32,18956.5
2048,128,128,64,18761.7
2048,128,128,128,18800.1
2048,128,128,256,19088.3
2048,128,128,512,19640.7
2048,128,128,1024,21589.1
2048,128,128,2048,25186.7
2048,128,128,4096,32588.5
2048,128,128,8192,48688.6
2048,256,0,0,20237.9
2048,256,1,16,19511
2048,256,1,32,20343.8
2048,256,1,64,20249.6
2048,256,1,128,19920.2
2048,256,1,256,19267.9
2048,256,1,512,19866.7
2048,256,1,1024,18462.5
2048,256,1,2048,20708.1
2048,256,1,4096,21241.7
2048,256,1,8192,21403.7
2048,256,2,16,18950.6
2048,256,2,32,19911.8
2048,256,2,64,20499.6
2048,256,2,128,19536.9
2048,256,2,256,20168.8
2048,256,2,512,20571.3
2048,256,2,1024,19876
2048,256,2,2048,19213.1
2048,256,2,4096,19711
2048,256,2,8192,23033.5
2048,256,4,16,19294.4
2048,256,4,32,20221.5
2048,256,4,64,20240.1
2048,256,4,128,20067.1
2048,256,4,256,19971.1
2048,256,4,512,19395.3
2048,256,4,1024,19324.2
2048,256,4,2048,20669.9
2048,256,4,4096,20524
2048,256,4,8192,21735.5
2048,256,8,16,19082.7
2048,256,8,32,19583.8
2048,256,8,64,19877.8
2048,256,8,128,18921.9
2048,256,8,256,20155.9
2048,256,8,512,20580.9
2048,256,8,1024,20994.9
2048,256,8,2048,21154.2
2048,256,8,4096,22039
2048,256,8,8192,24154.9
2048,256,16,16,19431.6
2048,256,16,32,19910.8
2048,256,16,64,19408.2
2048,256,16,128,19258.6
2048,256,16,256,20885.6
2048,256,16,512,19544.2
2048,256,16,1024,19928.7
2048,256,16,2048,21072
2048,256,16,4096,21733.4
2048,256,16,8192,26919
2048,256,32,16,20119.9
2048,256,32,32,20467.4
2048,256,32,64,20006.5
2048,256,32,128,21064.6
2048,256,32,256,20162.9
2048,256,32,512,20616.4
2048,256,32,1024,20495.4
2048,256,32,2048,21502.8
2048,256,32,4096,24415.3
2048,256,32,8192,27981.7
2048,256,64,16,20680.4
2048,256,64,32,20225.2
2048,256,64,64,21306.8
2048,256,64,128,21272.7
2048,256,64,256,20589.1
2048,256,64,512,22322.6
2048,256,64,1024,22638.9
2048,256,64,2048,25677.1
2048,256,64,4096,28517.3
2048,256,64,8192,35648
2048,256,128,16,20352.2
2048,256,128,32,20871.9
2048,256,128,64,20641.6
2048,256,128,128,19720.5
2048,256,128,256,22520.1
2048,256,128,512,22084.6
2048,256,128,1024,24871.5
2048,256,128,2048,28366.9
2048,256,128,4096,34678.5
2048,256,128,8192,50470.9
2048,512,0,0,22380.7
2048,512,1,16,23148.9
2048,512,1,32,23525.8
2048,512,1,64,22596.8
2048,512,1,128,23137.1
2048,512,1,256,24243.7
2048,512,1,512,23844.4
2048,512,1,1024,23334.8
2048,512,1,2048,22472.5
2048,512,1,4096,24306
2048,512,1,8192,25312.6
2048,512,2,16,24362.8
2048,512,2,32,23221.5
2048,512,2,64,24577
2048,512,2,128,24743.4
2048,512,2,256,24436.4
2048,512,2,512,24511.5
2048,512,2,1024,24826.6
2048,512,2,2048,24887.3
2048,512,2,4096,25370.9
2048,512,2,8192,24478.8
2048,512,4,16,22102.4
2048,512,4,32,22566.5
2048,512,4,64,22307.5
2048,512,4,128,23839.9
2048,512,4,256,23855.8
2048,512,4,512,22632.3
2048,512,4,1024,22887.2
2048,512,4,2048,22564.4
2048,512,4,4096,24119.6
2048,512,4,8192,25370.3
2048,512,8,16,23659.6
2048,512,8,32,22892.2
2048,512,8,64,23359
2048,512,8,128,23089.5
2048,512,8,256,22828.8
2048,512,8,512,24423.8
2048,512,8,1024,23719.8
2048,512,8,2048,22891.6
2048,512,8,4096,24907.2
2048,512,8,8192,29971.1
2048,512,16,16,22533.3
2048,512,16,32,24424.4
2048,512,16,64,22473.6
2048,512,16,128,23490.3
2048,512,16,256,23470
2048,512,16,512,22861.2
2048,512,16,1024,23040.6
2048,512,16,2048,25327
2048,512,16,4096,25971.1
2048,512,16,8192,31025.1
2048,512,32,16,22920
2048,512,32,32,23846.6
2048,512,32,64,23241.5
2048,512,32,128,22841.8
2048,512,32,256,23142.7
2048,512,32,512,24081.1
2048,512,32,1024,24870.6
2048,512,32,2048,27290.4
2048,512,32,4096,27316
2048,512,32,8192,33402.6
2048,512,64,16,24367.5
2048,512,64,32,24483.6
2048,512,64,64,22817.3
2048,512,64,128,23615
2048,512,64,256,23667
2048,512,64,512,23793.6
2048,512,64,1024,24628.3
2048,512,64,2048,27910.3
2048,512,64,4096,31264.1
2048,512,64,8192,40716.5
2048,512,128,16,23144.4
2048,512,128,32,25313.7
2048,512,128,64,24802.3
2048,512,128,128,23058.5
2048,512,128,256,25207
2048,512,128,512,24800.3
2048,512,128,1024,27890.4
2048,512,128,2048,31000
2048,512,128,4096,39397.5
2048,512,128,8192,54781.6
2048,1024,0,0,29612.7
2048,1024,1,16,30427.3
2048,1024,1,32,30614.1
2048,1024,1,64,29366.1
2048,1024,1,128,28693.3
2048,1024,1,256,30698
2048,1024,1,512,31299
2048,1024,1,1024,30136.3
2048,1024,1,2048,31678.2
2048,1024,1,4096,30975.1
2048,1024,1,8192,32092
2048,1024,2,16,28638.4
2048,1024,2,32,28634.5
2048,1024,2,64,29485.2
2048,1024,2,128,32364.3
2048,1024,2,256,31956.5
2048,1024,2,512,30876.5
2048,1024,2,1024,31593.5
2048,1024,2,2048,29947.5
2048,1024,2,4096,30708.3
2048,1024,2,8192,32729.3
2048,1024,4,16,30562.9
2048,1024,4,32,31135.5
2048,1024,4,64,30486.4
2048,1024,4,128,30600.7
2048,1024,4,256,30545.9
2048,1024,4,512,31867.5
2048,1024,4,1024,29437
2048,1024,4,2048,29250.5
2048,1024,4,4096,28302.3
2048,1024,4,8192,30730.9
2048,1024,8,16,31860.2
2048,1024,8,32,30724.1
2048,1024,8,64,31013.5
2048,1024,8,128,30824.7
2048,1024,8,256,31716.1
2048,1024,8,512,30766.1
2048,1024,8,1024,31468.6
2048,1024,8,2048,30736.6
2048,1024,8,4096,32406.6
2048,1024,8,8192,34478.8
2048,1024,16,16,28863.2
2048,1024,16,32,30660.8
2048,1024,16,64,30048.3
2048,1024,16,128,28972.8
2048,1024,16,256,30724.8
2048,1024,16,512,32303.6
2048,1024,16,1024,30634.7
2048,1024,16,2048,28741.3
2048,1024,16,4096,31932
2048,1024,16,8192,35366.9
2048,1024,32,16,31376.4
2048,1024,32,32,31370.9
2048,1024,32,64,30898.5
2048,1024,32,128,31170.3
2048,1024,32,256,32151
2048,1024,32,512,31844
2048,1024,32,1024,31075.3
2048,1024,32,2048,32537.1
2048,1024,32,4096,35507.2
2048,1024,32,8192,43073.3
2048,1024,64,16,31073.7
2048,1024,64,32,30801.2
2048,1024,64,64,31854.6
2048,1024,64,128,31716.4
2048,1024,64,256,31770.1
2048,1024,64,512,32054.4
2048,1024,64,1024,34069.9
2048,1024,64,2048,34947
2048,1024,64,4096,38633.6
2048,1024,64,8192,46687.4
2048,1024,128,16,29386.7
2048,1024,128,32,31888.3
2048,1024,128,64,32328.7
2048,1024,128,128,32991.9
2048,1024,128,256,32042.7
2048,1024,128,512,33472.2
2048,1024,128,1024,35743.8
2048,1024,128,2048,39076.5
2048,1024,128,4096,46840.3
2048,1024,128,8192,59943.5
2048,2048,0,0,47060.8
2048,2048,1,16,46572
2048,2048,1,32,43313.2
2048,2048,1,64,45823.7
2048,2048,1,128,48005.3
2048,2048,1,256,46297.8
2048,2048,1,512,43511.1
2048,2048,1,1024,47515
2048,2048,1,2048,43569.7
2048,2048,1,4096,47242.4
2048,2048,1,8192,45836.8
2048,2048,2,16,46268.5
2048,2048,2,32,44488.9
2048,2048,2,64,45408.6
2048,2048,2,128,45653
2048,2048,2,256,42931.7
2048,2048,2,512,46749.9
2048,2048,2,1024,47525.2
2048,2048,2,2048,46222.3
2048,2048,2,4096,46572.6
2048,2048,2,8192,46679.1
2048,2048,4,16,46952.5
2048,2048,4,32,46860
2048,2048,4,64,44874
2048,2048,4,128,43571
2048,2048,4,256,44732.2
2048,2048,4,512,42592.6
2048,2048,4,1024,45652.5
2048,2048,4,2048,43977.4
2048,2048,4,4096,46837.7
2048,2048,4,8192,44435.9
2048,2048,8,16,44106.1
2048,2048,8,32,44581.6
2048,2048,8,64,44587.2
2048,2048,8,128,44203.4
2048,2048,8,256,45151.9
2048,2048,8,512,44853.5
2048,2048,8,1024,48176.6
2048,2048,8,2048,48317.9
2048,2048,8,4096,45150.2
2048,2048,8,8192,49720.6
2048,2048,16,16,46020.8
2048,2048,16,32,46372.8
2048,2048,16,64,46298
2048,2048,16,128,45769.6
2048,2048,16,256,45257.8
2048,2048,16,512,44574.9
2048,2048,16,1024,47578.1
2048,2048,16,2048,47419.8
2048,2048,16,4096,46944.1
2048,2048,16,8192,51219.1
2048,2048,32,16,43461.3
2048,2048,32,32,47051.6
2048,2048,32,64,47618.2
2048,2048,32,128,43823
2048,2048,32,256,44359.3
2048,2048,32,512,46629.8
2048,2048,32,1024,44480.3
2048,2048,32,2048,47916
2048,2048,32,4096,51122.6
2048,2048,32,8192,55403
2048,2048,64,16,48777.1
2048,2048,64,32,44207.3
2048,2048,64,64,45600.5
2048,2048,64,128,43652.2
2048,2048,64,256,48325.5
2048,2048,64,512,47828.4
2048,2048,64,1024,45571.2
2048,2048,64,2048,47872.4
2048,2048,64,4096,54354.2
2048,2048,64,8192,66113.6
2048,2048,128,16,47838.9
2048,2048,128,32,44700.9
2048,2048,128,64,45774.6
2048,2048,128,128,49498.2
2048,2048,128,256,47292.7
2048,2048,128,512,48611.7
2048,2048,128,1024,48596.7
2048,2048,128,2048,51312.9
2048,2048,128,4096,59364.6
2048,2048,128,8192,76666.2
2048,4096,0,0,72617.5
2048,4096,1,16,71353.4
2048,4096,1,32,75948.5
2048,4096,1,64,72743.2
2048,4096,1,128,69390.4
2048,4096,1,256,72305.2
2048,4096,1,512,71205.3
2048,4096,1,1024,73754.2
2048,4096,1,2048,71219.5
2048,4096,1,4096,68081.9
2048,4096,1,8192,70634.1
2048,4096,2,16,71770.6
2048,4096,2,32,68654.7
2048,4096,2,64,67352.1
2048,4096,2,128,67747
2048,4096,2,256,71882.6
2048,4096,2,512,69277.4
2048,4096,2,1024,73506.3
2048,4096,2,2048,71302.3
2048,4096,2,4096,72759.4
2048,4096,2,8192,76723.8
2048,4096,4,16,72717.3
2048,4096,4,32,73623.2
2048,4096,4,64,69489.2
2048,4096,4,128,71915.3
2048,4096,4,256,69561.8
2048,4096,4,512,71368.5
2048,4096,4,1024,70180.2
2048,4096,4,2048,68537.7
2048,4096,4,4096,68655
2048,4096,4,8192,74404.4
2048,4096,8,16,73490.2
2048,4096,8,32,74839.3
2048,4096,8,64,71251.5
2048,4096,8,128,74748.9
2048,4096,8,256,75094.6
2048,4096,8,512,74076.7
2048,4096,8,1024,71284
2048,4096,8,2048,68251.8
2048,4096,8,4096,70595.4
2048,4096,8,8192,77057.9
2048,4096,16,16,72410.5
2048,4096,16,32,67354.3
2048,4096,16,64,73021.9
2048,4096,16,128,75139.9
2048,4096,16,256,73197.8
2048,4096,16,512,71058
2048,4096,16,1024,72781.5
2048,4096,16,2048,70185.4
2048,4096,16,4096,72775.7
2048,4096,16,8192,75657.8
2048,4096,32,16,77497.5
2048,4096,32,32,74608.3
2048,4096,32,64,75418.9
2048,4096,32,128,74287.2
2048,4096,32,256,73444.6
2048,4096,32,512,73499.8
2048,4096,32,1024,77164.5
2048,4096,32,2048,73348.1
2048,4096,32,4096,77620.7
2048,4096,32,8192,78448.2
2048,4096,64,16,72814.8
2048,4096,64,32,73102.9
2048,4096,64,64,75987.9
2048,4096,64,128,76847.2
2048,4096,64,256,77113.8
2048,4096,64,512,75658
2048,4096,64,1024,74036.4
2048,4096,64,2048,78157.3
2048,4096,64,4096,81790.8
2048,4096,64,8192,89295.5
2048,4096,128,16,76073.1
2048,4096,128,32,77313.7
2048,4096,128,64,71772.6
2048,4096,128,128,74365.6
2048,4096,128,256,76995
2048,4096,128,512,73940.3
2048,4096,128,1024,75963.9
2048,4096,128,2048,82895.6
2048,4096,128,4096,89972.2
2048,4096,128,8192,101358
2048,8192,0,0,124308
2048,8192,1,16,130684
2048,8192,1,32,125182
2048,8192,1,64,128734
2048,8192,1,128,122419
2048,8192,1,256,124303
2048,8192,1,512,128828
2048,8192,1,1024,128284
2048,8192,1,2048,128987
2048,8192,1,4096,123461
2048,8192,1,8192,124700
2048,8192,2,16,123317
2048,8192,2,32,124488
2048,8192,2,64,130189
2048,8192,2,128,123122
2048,8192,2,256,129011
2048,8192,2,512,123708
2048,8192,2,1024,126323
2048,8192,2,2048,131832
2048,8192,2,4096,127894
2048,8192,2,8192,124185
2048,8192,4,16,126881
2048,8192,4,32,123653
2048,8192,4,64,124907
2048,8192,4,128,130630
2048,8192,4,256,131382
2048,8192,4,512,124153
2048,8192,4,1024,123653
2048,8192,4,2048,126498
2048,8192,4,4096,130212
2048,8192,4,8192,127252
2048,8192,8,16,132990
2048,8192,8,32,123585
2048,8192,8,64,131313
2048,8192,8,128,128526
2048,8192,8,256,124859
2048,8192,8,512,127081
2048,8192,8,1024,124719
2048,8192,8,2048,129410
2048,8192,8,4096,126323
2048,8192,8,8192,127794
2048,8192,16,16,128062
2048,8192,16,32,127353
2048,8192,16,64,123641
2048,8192,16,128,130207
2048,8192,16,256,125521
2048,8192,16,512,128168
2048,8192,16,1024,126947
2048,8192,16,2048,128903
2048,8192,16,4096,130037
2048,8192,16,8192,127077
2048,8192,32,16,128656
2048,8192,32,32,124713
2048,8192,32,64,129550
2048,8192,32,128,125745
2048,8192,32,256,135128
2048,8192,32,512,124226
2048,8192,32,1024,125070
2048,8192,32,2048,130678
2048,8192,32,4096,131106
2048,8192,32,8192,131292
2048,8192,64,16,131026
2048,8192,64,32,130623
2048,8192,64,64,130366
2048,8192,64,128,125357
2048,8192,64,256,130106
2048,8192,64,512,131076
2048,8192,64,1024,129915
2048,8192,64,2048,131639
2048,8192,64,4096,132098
2048,8192,64,8192,153541
2048,8192,128,16,136853
2048,8192,128,32,133289
2048,8192,128,64,125082
2048,8192,128,128,130170
2048,8192,128,256,136335
2048,8192,128,512,126047
2048,8192,128,1024,133358
2048,8192,128,2048,136344
2048,8192,128,4096,144950
2048,8192,128,8192,156744
