prefill_chunk,kv_prefill,n_decode,kv_decode,time_us
0,0,1,16,28.8107
0,0,1,32,28.927
0,0,1,64,28.415
0,0,1,128,28.4583
0,0,1,256,36.82
0,0,1,512,45.9083
0,0,1,1024,63.0823
0,0,1,2048,96.949
0,0,1,4096,165.524
0,0,1,8192,305.138
0,0,2,16,26.751
0,0,2,32,27.423
0,0,2,64,26.8903
0,0,2,128,27.573
0,0,2,256,35.797
0,0,2,512,61.269
0,0,2,1024,90.8577
0,0,2,2048,148.895
0,0,2,4096,265.085
0,0,2,8192,496.699
0,0,4,16,26.3463
0,0,4,32,29.3653
0,0,4,64,31.5833
0,0,4,128,40.0207
0,0,4,256,53.9723
0,0,4,512,83.69
0,0,4,1024,127.477
0,0,4,2048,210.132
0,0,4,4096,389.99
0,0,4,8192,893.494
0,0,8,16,28.4267
0,0,8,32,33.1627
0,0,8,64,41.2897
0,0,8,128,56.3837
0,0,8,256,81.1297
0,0,8,512,129.865
0,0,8,1024,237.608
0,0,8,2048,403.409
0,0,8,4096,750.765
0,0,8,8192,1664.85
0,0,16,16,35.328
0,0,16,32,42.3887
0,0,16,64,57.9613
0,0,16,128,83.423
0,0,16,256,129.684
0,0,16,512,220.105
0,0,16,1024,418.78
0,0,16,2048,787.491
0,0,16,4096,1476.72
0,0,16,8192,3083.35
0,0,32,16,58.2393
0,0,32,32,70.5907
0,0,32,64,95.039
0,0,32,128,145.546
0,0,32,256,235.485
0,0,32,512,422.534
0,0,32,1024,783.33
0,0,32,2048,1525.32
0,0,32,4096,2947.76
0,0,32,8192,5930.05
0,0,64,16,71.2413
0,0,64,32,127.092
0,0,64,64,178.559
0,0,64,128,287.581
0,0,64,256,502.352
0,0,64,512,929.249
0,0,64,1024,1784.63
0,0,64,2048,3500.97
0,0,64,4096,6924.81
0,0,64,8192,13768.2
0,0,128,16,114.666
0,0,128,32,208.297
0,0,128,64,315.346
0,0,128,128,559.759
0,0,128,256,898.017
0,0,128,512,1843.8
0,0,128,1024,3435.7
0,0,128,2048,6961.06
0,0,128,4096,13797.1
0,0,128,8192,27483.2
0,0,256,16,221.491
0,0,256,32,396.658
0,0,256,64,604.43
0,0,256,128,987.061
0,0,256,256,1696.43
0,0,256,512,3230.11
0,0,256,1024,6212.43
0,0,256,2048,12202.6
0,0,256,4096,24181.5
0,0,256,8192,48140.9
16,0,0,0,32.5867
16,0,1,16,29.909
16,0,1,32,39.2427
16,0,1,64,54.9327
16,0,1,128,86.549
16,0,1,256,149.79
16,0,1,512,276.051
16,0,1,1024,529.136
16,0,1,2048,1034.92
16,0,1,4096,2046.36
16,0,1,8192,4069.8
16,0,2,16,29.568
16,0,2,32,43.9357
16,0,2,64,60.1063
16,0,2,128,92.4687
16,0,2,256,157.086
16,0,2,512,286.386
16,0,2,1024,545.402
16,0,2,2048,1062.08
16,0,2,4096,2099.5
16,0,2,8192,4166.77
16,0,4,16,29.3223
16,0,4,32,43.8933
16,0,4,64,60.1383
16,0,4,128,92.629
16,0,4,256,157.555
16,0,4,512,286.408
16,0,4,1024,545.263
16,0,4,2048,1062.37
16,0,4,4096,2097.22
16,0,4,8192,4166.24
16,0,8,16,29.9303
16,0,8,32,44.7573
16,0,8,64,60.842
16,0,8,128,93.8337
16,0,8,256,159.145
16,0,8,512,289.48
16,0,8,1024,550.767
16,0,8,2048,1073.1
16,0,8,4096,2117.46
16,0,8,8192,4207.47
16,0,16,16,41.909
16,0,16,32,67.573
16,0,16,64,94.3887
16,0,16,128,148.212
16,0,16,256,256.658
16,0,16,512,471.035
16,0,16,1024,900.556
16,0,16,2048,1760.95
16,0,16,4096,3484.51
16,0,16,8192,6925.8
16,0,32,16,39.7967
16,0,32,32,69.418
16,0,32,64,96.4047
16,0,32,128,151.273
16,0,32,256,259.891
16,0,32,512,473.669
16,0,32,1024,907.927
16,0,32,2048,1770.94
16,0,32,4096,3501.03
16,0,32,8192,6943.08
16,0,64,16,71.1143
16,0,64,32,127.646
16,0,64,64,181.94
16,0,64,128,287.933
16,0,64,256,503.29
16,0,64,512,934.881
16,0,64,1024,1791.05
16,0,64,2048,3500.8
16,0,64,4096,6925.04
16,0,64,8192,13772.6
16,0,128,16,105.29
16,0,128,32,193.715
16,0,128,64,326.439
16,0,128,128,561.849
16,0,128,256,894.518
16,0,128,512,1844.73
16,0,128,1024,3430.05
16,0,128,2048,6968.07
16,0,128,4096,13797.7
16,0,128,8192,27483.3
16,16,0,0,29.6423
16,16,1,16,26.9757
16,16,1,32,35.8823
16,16,1,64,50.047
16,16,1,128,78.6443
16,16,1,256,136.254
16,16,1,512,250.791
16,16,1,1024,480.315
16,16,1,2048,939.407
16,16,1,4096,1857.88
16,16,1,8192,3694.33
16,16,2,16,27.2313
16,16,2,32,40.3197
16,16,2,64,54.869
16,16,2,128,84.4363
16,16,2,256,142.879
16,16,2,512,260.093
16,16,2,1024,495.355
16,16,2,2048,965.292
16,16,2,4096,1904.53
16,16,2,8192,3782.61
16,16,4,16,27.1993
16,16,4,32,40.0213
16,16,4,64,54.922
16,16,4,128,84.628
16,16,4,256,142.43
16,16,4,512,260.062
16,16,4,1024,495.482
16,16,4,2048,965.717
16,16,4,4096,1905.13
16,16,4,8192,3783.75
16,16,8,16,27.2857
16,16,8,32,41.3323
16,16,8,64,55.8283
16,16,8,128,85.6737
16,16,8,256,144.746
16,16,8,512,263.539
16,16,8,1024,500.997
16,16,8,2048,974.859
16,16,8,4096,1922.98
16,16,8,8192,3820.27
16,16,16,16,35.4877
16,16,16,32,61.0873
16,16,16,64,86.2177
16,16,16,128,133.94
16,16,16,256,232.051
16,16,16,512,427.921
16,16,16,1024,818.968
16,16,16,2048,1601.83
16,16,16,4096,3162.91
16,16,16,8192,6289.03
16,16,32,16,36.5443
16,16,32,32,62.665
16,16,32,64,87.7643
16,16,32,128,136.339
16,16,32,256,235.507
16,16,32,512,431.612
16,16,32,1024,823.948
16,16,32,2048,1608
16,16,32,4096,3178.79
16,16,32,8192,6317.66
16,16,64,16,65.3327
16,16,64,32,115.721
16,16,64,64,164.382
16,16,64,128,261.447
16,16,64,256,501.498
16,16,64,512,930.689
16,16,64,1024,1786.07
16,16,64,2048,3501.19
16,16,64,4096,6925.73
16,16,64,8192,13775.3
16,16,128,16,123.465
16,16,128,32,226.985
16,16,128,64,319.836
16,16,128,128,545.626
16,16,128,256,901.43
16,16,128,512,1842.47
16,16,128,1024,3317.21
16,16,128,2048,6966.97
16,16,128,4096,13338.4
16,16,128,8192,27490.1
16,32,0,0,47.296
16,32,1,16,47.8507
16,32,1,32,44.9057
16,32,1,64,54.9323
16,32,1,128,86.367
16,32,1,256,149.78
16,32,1,512,276.285
16,32,1,1024,528.826
16,32,1,2048,1035.03
16,32,1,4096,2046.73
16,32,1,8192,4069.54
16,32,2,16,44.736
16,32,2,32,44.288
16,32,2,64,59.8927
16,32,2,128,92.8097
16,32,2,256,157.182
16,32,2,512,286.322
16,32,2,1024,545.189
16,32,2,2048,1062.36
16,32,2,4096,2096.61
16,32,2,8192,4166.2
16,32,4,16,44.362
16,32,4,32,44.3303
16,32,4,64,60.373
16,32,4,128,92.6067
16,32,4,256,157.331
16,32,4,512,286.429
16,32,4,1024,545.413
16,32,4,2048,1062.44
16,32,4,4096,2096.71
16,32,4,8192,4166.71
16,32,8,16,45.1733
16,32,8,32,44.8423
16,32,8,64,60.5647
16,32,8,128,96.788
16,32,8,256,158.217
16,32,8,512,289.106
16,32,8,1024,550.106
16,32,8,2048,1072.52
16,32,8,4096,2116.92
16,32,8,8192,4206.17
16,32,16,16,54.0687
16,32,16,32,67.1357
16,32,16,64,93.567
16,32,16,128,147.594
16,32,16,256,256.744
16,32,16,512,470.982
16,32,16,1024,900.748
16,32,16,2048,1761.7
16,32,16,4096,3485.4
16,32,16,8192,6925.17
16,32,32,16,55.9457
16,32,32,32,68.9803
16,32,32,64,97.7693
16,32,32,128,150.825
16,32,32,256,258.28
16,32,32,512,475.205
16,32,32,1024,906.283
16,32,32,2048,1771.34
16,32,32,4096,3494.57
16,32,32,8192,6947.89
16,32,64,16,84.3937
16,32,64,32,126.761
16,32,64,64,181.427
16,32,64,128,287.794
16,32,64,256,502.629
16,32,64,512,931.83
16,32,64,1024,1787.48
16,32,64,2048,3500.93
16,32,64,4096,6930.59
16,32,64,8192,13773.1
16,32,128,16,129.503
16,32,128,32,216.393
16,32,128,64,321.543
16,32,128,128,559.258
16,32,128,256,914.283
16,32,128,512,1839.53
16,32,128,1024,3323.61
16,32,128,2048,6969.47
16,32,128,4096,13338.8
16,32,128,8192,27488.3
16,64,0,0,61.525
16,64,1,16,59.1777
16,64,1,32,59.3487
16,64,1,64,61.1727
16,64,1,128,86.4843
16,64,1,256,149.94
16,64,1,512,276.381
16,64,1,1024,532.304
16,64,1,2048,1035.18
16,64,1,4096,2047.17
16,64,1,8192,4069.58
16,64,2,16,60.9593
16,64,2,32,60.522
16,64,2,64,60.864
16,64,2,128,92.916
16,64,2,256,157.534
16,64,2,512,286.6
16,64,2,1024,545.402
16,64,2,2048,1062.46
16,64,2,4096,2097.16
16,64,2,8192,4166.68
16,64,4,16,60.6287
16,64,4,32,60.682
16,64,4,64,60.5967
16,64,4,128,92.799
16,64,4,256,157.663
16,64,4,512,286.706
16,64,4,1024,545.392
16,64,4,2048,1062.7
16,64,4,4096,2097.17
16,64,4,8192,4166.34
16,64,8,16,65.2047
16,64,8,32,60.7883
16,64,8,64,61.4077
16,64,8,128,93.023
16,64,8,256,158.292
16,64,8,512,289.096
16,64,8,1024,550.255
16,64,8,2048,1072.41
16,64,8,4096,2116.51
16,64,8,8192,4206.3
16,64,16,16,69.7053
16,64,16,32,82.6977
16,64,16,64,95.6897
16,64,16,128,148.436
16,64,16,256,256.189
16,64,16,512,471.024
16,64,16,1024,899.264
16,64,16,2048,1761.52
16,64,16,4096,3490
16,64,16,8192,6928.36
16,64,32,16,71.189
16,64,32,32,84.4047
16,64,32,64,96.6817
16,64,32,128,150.58
16,64,32,256,258.088
16,64,32,512,474.245
16,64,32,1024,906.827
16,64,32,2048,1767.76
16,64,32,4096,3492.67
16,64,32,8192,6947.53
16,64,64,16,103.476
16,64,64,32,138.335
16,64,64,64,181.054
16,64,64,128,288.829
16,64,64,256,502.981
16,64,64,512,931.318
16,64,64,1024,1788.73
16,64,64,2048,3497.35
16,64,64,4096,6929.94
16,64,64,8192,13770.7
16,64,128,16,148.788
16,64,128,32,229.437
16,64,128,64,321.426
16,64,128,128,558.02
16,64,128,256,926.859
16,64,128,512,1840.12
16,64,128,1024,3325.34
16,64,128,2048,6966.07
16,64,128,4096,13801.7
16,64,128,8192,25779.1
16,128,0,0,84.692
16,128,1,16,82.3463
16,128,1,32,82.9227
16,128,1,64,82.5587
16,128,1,128,92.905
16,128,1,256,149.577
16,128,1,512,276.051
16,128,1,1024,529.082
16,128,1,2048,1035
16,128,1,4096,2046.4
16,128,1,8192,4069.09
16,128,2,16,92.6817
16,128,2,32,92.639
16,128,2,64,92.2767
16,128,2,128,92.5857
16,128,2,256,157.46
16,128,2,512,286.429
16,128,2,1024,545.146
16,128,2,2048,1062.49
16,128,2,4096,2096.36
16,128,2,8192,4166.62
16,128,4,16,92.948
16,128,4,32,92.702
16,128,4,64,92.458
16,128,4,128,92.703
16,128,4,256,157.407
16,128,4,512,286.824
16,128,4,1024,544.879
16,128,4,2048,1062.34
16,128,4,4096,2096.6
16,128,4,8192,4169.2
16,128,8,16,93.215
16,128,8,32,92.692
16,128,8,64,93.3753
16,128,8,128,96.9377
16,128,8,256,157.993
16,128,8,512,288.647
16,128,8,1024,549.231
16,128,8,2048,1072.25
16,128,8,4096,2116.85
16,128,8,8192,4205.37
16,128,16,16,105.716
16,128,16,32,114.09
16,128,16,64,124.906
16,128,16,128,148.115
16,128,16,256,256.061
16,128,16,512,471.259
16,128,16,1024,900.449
16,128,16,2048,1760.82
16,128,16,4096,3487.59
16,128,16,8192,6923.55
16,128,32,16,103.839
16,128,32,32,116.478
16,128,32,64,128.116
16,128,32,128,150.761
16,128,32,256,259.24
16,128,32,512,476.123
16,128,32,1024,907.264
16,128,32,2048,1767.64
16,128,32,4096,3495.23
16,128,32,8192,6948.31
16,128,64,16,141.641
16,128,64,32,173.15
16,128,64,64,209.193
16,128,64,128,288.167
16,128,64,256,502.597
16,128,64,512,931.499
16,128,64,1024,1791.17
16,128,64,2048,3507.38
16,128,64,4096,6931.48
16,128,64,8192,13777.4
16,128,128,16,173.705
16,128,128,32,253.618
16,128,128,64,339.526
16,128,128,128,560.015
16,128,128,256,954.763
16,128,128,512,1839.29
16,128,128,1024,3456.11
16,128,128,2048,6968.23
16,128,128,4096,13353.9
16,128,128,8192,27491.8
16,256,0,0,159.764
16,256,1,16,159.988
16,256,1,32,157.257
16,256,1,64,157.46
16,256,1,128,157.331
16,256,1,256,157.438
16,256,1,512,275.805
16,256,1,1024,529.071
16,256,1,2048,1034.51
16,256,1,4096,2046.68
16,256,1,8192,4069.79
16,256,2,16,156.873
16,256,2,32,157.267
16,256,2,64,157.151
16,256,2,128,157.118
16,256,2,256,157.117
16,256,2,512,286.386
16,256,2,1024,545.327
16,256,2,2048,1065.39
16,256,2,4096,2096.26
16,256,2,8192,4165.87
16,256,4,16,157.224
16,256,4,32,157.258
16,256,4,64,157.097
16,256,4,128,157.033
16,256,4,256,157.183
16,256,4,512,286.578
16,256,4,1024,545.829
16,256,4,2048,1062.23
16,256,4,4096,2096.98
16,256,4,8192,4166.73
16,256,8,16,157.675
16,256,8,32,156.766
16,256,8,64,157.14
16,256,8,128,157.705
16,256,8,256,158.067
16,256,8,512,287.837
16,256,8,1024,548.997
16,256,8,2048,1070.96
16,256,8,4096,2115.67
16,256,8,8192,4203.77
16,256,16,16,166.046
16,256,16,32,178.728
16,256,16,64,190.601
16,256,16,128,211.305
16,256,16,256,257.672
16,256,16,512,470.629
16,256,16,1024,901.249
16,256,16,2048,1761.6
16,256,16,4096,3480.78
16,256,16,8192,6923.99
16,256,32,16,167.283
16,256,32,32,180.852
16,256,32,64,193.107
16,256,32,128,213.171
16,256,32,256,259.154
16,256,32,512,472.997
16,256,32,1024,905.291
16,256,32,2048,1768.2
16,256,32,4096,3499.88
16,256,32,8192,6942.78
16,256,64,16,218.536
16,256,64,32,281.149
16,256,64,64,271.218
16,256,64,128,361.351
16,256,64,256,506.437
16,256,64,512,931.552
16,256,64,1024,1786.77
16,256,64,2048,3500.47
16,256,64,4096,6923.68
16,256,64,8192,13772.4
16,256,128,16,213.992
16,256,128,32,270.643
16,256,128,64,394.161
16,256,128,128,561.252
16,256,128,256,955.851
16,256,128,512,1837.91
16,256,128,1024,3473.58
16,256,128,2048,6966.31
16,256,128,4096,13800.9
16,256,128,8192,26292
16,512,0,0,266.888
16,512,1,16,264.69
16,512,1,32,264.477
16,512,1,64,264.893
16,512,1,128,264.659
16,512,1,256,264.925
16,512,1,512,264.925
16,512,1,1024,488.688
16,512,1,2048,955.968
16,512,1,4096,1890.52
16,512,1,8192,3758.94
16,512,2,16,264.755
16,512,2,32,264.371
16,512,2,64,264.605
16,512,2,128,264.52
16,512,2,256,264.531
16,512,2,512,264.947
16,512,2,1024,503.546
16,512,2,2048,981.748
16,512,2,4096,1936.12
16,512,2,8192,3847.04
16,512,4,16,264.199
16,512,4,32,264.349
16,512,4,64,264.381
16,512,4,128,264.349
16,512,4,256,264.509
16,512,4,512,265.159
16,512,4,1024,503.834
16,512,4,2048,981.632
16,512,4,4096,1936.72
16,512,4,8192,3847.23
16,512,8,16,264.798
16,512,8,32,264.392
16,512,8,64,264.594
16,512,8,128,264.776
16,512,8,256,264.882
16,512,8,512,265.32
16,512,8,1024,505.649
16,512,8,2048,987.872
16,512,8,4096,1956.01
16,512,8,8192,3882.76
16,512,16,16,272.2
16,512,16,32,285.298
16,512,16,64,295.25
16,512,16,128,314.438
16,512,16,256,356.252
16,512,16,512,437.062
16,512,16,1024,833.602
16,512,16,2048,1627.17
16,512,16,4096,3219
16,512,16,8192,6399.29
16,512,32,16,274.578
16,512,32,32,289.373
16,512,32,64,296.338
16,512,32,128,316.188
16,512,32,256,357.799
16,512,32,512,438.288
16,512,32,1024,837.687
16,512,32,2048,1635.57
16,512,32,4096,3226.67
16,512,32,8192,6411.51
16,512,64,16,398.716
16,512,64,32,409.489
16,512,64,64,462.661
16,512,64,128,497.179
16,512,64,256,622.382
16,512,64,512,932.299
16,512,64,1024,1790.96
16,512,64,2048,3501.11
16,512,64,4096,6935.19
16,512,64,8192,13772.4
16,512,128,16,353.65
16,512,128,32,414.449
16,512,128,64,478.053
16,512,128,128,594.799
16,512,128,256,872.193
16,512,128,512,1633.28
16,512,128,1024,3041.93
16,512,128,2048,6172.34
16,512,128,4096,12227.5
16,512,128,8192,22442.6
16,1024,0,0,400.081
16,1024,1,16,398.62
16,1024,1,32,398.631
16,1024,1,64,398.471
16,1024,1,128,398.599
16,1024,1,256,398.556
16,1024,1,512,398.503
16,1024,1,1024,398.556
16,1024,1,2048,759.586
16,1024,1,4096,1501.21
16,1024,1,8192,2983.97
16,1024,2,16,398.321
16,1024,2,32,398.246
16,1024,2,64,398.044
16,1024,2,128,398.151
16,1024,2,256,398.278
16,1024,2,512,397.948
16,1024,2,1024,400.22
16,1024,2,2048,778.861
16,1024,2,4096,1536.9
16,1024,2,8192,3053.79
16,1024,4,16,398.214
16,1024,4,32,398.161
16,1024,4,64,398.363
16,1024,4,128,398.054
16,1024,4,256,398.107
16,1024,4,512,398.086
16,1024,4,1024,400.561
16,1024,4,2048,779.202
16,1024,4,4096,1537.76
16,1024,4,8192,3054.18
16,1024,8,16,398.566
16,1024,8,32,398.396
16,1024,8,64,398.587
16,1024,8,128,398.747
16,1024,8,256,398.791
16,1024,8,512,399.163
16,1024,8,1024,400.209
16,1024,8,2048,781.837
16,1024,8,4096,1551.3
16,1024,8,8192,3079.51
16,1024,16,16,404.369
16,1024,16,32,413.936
16,1024,16,64,423.516
16,1024,16,128,437.393
16,1024,16,256,468.176
16,1024,16,512,534.043
16,1024,16,1024,661.475
16,1024,16,2048,1288.89
16,1024,16,4096,2553.64
16,1024,16,8192,5067.74
16,1024,32,16,406.277
16,1024,32,32,415.963
16,1024,32,64,424.069
16,1024,32,128,600.399
16,1024,32,256,643.684
16,1024,32,512,730.808
16,1024,32,1024,906.389
16,1024,32,2048,1768.07
16,1024,32,4096,3499.72
16,1024,32,8192,6942.88
16,1024,64,16,796.664
16,1024,64,32,895.062
16,1024,64,64,734.403
16,1024,64,128,863.148
16,1024,64,256,1021.93
16,1024,64,512,1176.63
16,1024,64,1024,1790.54
16,1024,64,2048,3505.33
16,1024,64,4096,6926.92
16,1024,64,8192,13775.2
16,1024,128,16,712.578
16,1024,128,32,793.058
16,1024,128,64,894.987
16,1024,128,128,897.302
16,1024,128,256,1186.91
16,1024,128,512,1843.74
16,1024,128,1024,3437.55
16,1024,128,2048,6967.76
16,1024,128,4096,13803.1
16,1024,128,8192,27488.7
16,2048,0,0,1064.25
16,2048,1,16,1059.25
16,2048,1,32,1059.07
16,2048,1,64,1059.34
16,2048,1,128,1059.33
16,2048,1,256,1059.25
16,2048,1,512,1059.48
16,2048,1,1024,1059.36
16,2048,1,2048,1059.47
16,2048,1,4096,2045.98
16,2048,1,8192,4069.64
16,2048,2,16,1059.42
16,2048,2,32,1059.64
16,2048,2,64,1059.82
16,2048,2,128,1059.52
16,2048,2,256,1059.44
16,2048,2,512,1059.3
16,2048,2,1024,1059.03
16,2048,2,2048,1062.02
16,2048,2,4096,2095.81
16,2048,2,8192,4165.52
16,2048,4,16,1058.9
16,2048,4,32,1059.23
16,2048,4,64,1059.05
16,2048,4,128,1059
16,2048,4,256,1059.25
16,2048,4,512,1058.91
16,2048,4,1024,1058.96
16,2048,4,2048,1062.25
16,2048,4,4096,2096.09
16,2048,4,8192,4166.43
16,2048,8,16,1059.4
16,2048,8,32,1058.99
16,2048,8,64,1059.22
16,2048,8,128,1059.28
16,2048,8,256,1059.27
16,2048,8,512,1059.37
16,2048,8,1024,1059.15
16,2048,8,2048,1060.65
16,2048,8,4096,2103.17
16,2048,8,8192,4193.85
16,2048,16,16,1068.37
16,2048,16,32,1080.63
16,2048,16,64,1091.42
16,2048,16,128,1114.74
16,2048,16,256,1157.66
16,2048,16,512,1245.59
16,2048,16,1024,1419.9
16,2048,16,2048,1765.94
16,2048,16,4096,3482.02
16,2048,16,8192,6932.53
16,2048,32,16,1069.8
16,2048,32,32,1082.86
16,2048,32,64,1092.5
16,2048,32,128,1115.84
16,2048,32,256,1158.4
16,2048,32,512,1245.14
16,2048,32,1024,1416.06
16,2048,32,2048,1767.36
16,2048,32,4096,3492.69
16,2048,32,8192,6947.12
16,2048,64,16,1311.03
16,2048,64,32,1323.72
16,2048,64,64,1373.39
16,2048,64,128,1799.76
16,2048,64,256,1682.71
16,2048,64,512,1836.66
16,2048,64,1024,2282.55
16,2048,64,2048,3506.02
16,2048,64,4096,6931.29
16,2048,64,8192,13774.3
16,2048,128,16,1328.68
16,2048,128,32,1401.72
16,2048,128,64,1843.4
16,2048,128,128,1844.83
16,2048,128,256,1986.74
16,2048,128,512,2379.57
16,2048,128,1024,3549.88
16,2048,128,2048,6972.97
16,2048,128,4096,13808
16,2048,128,8192,27008.4
16,4096,0,0,1980.76
16,4096,1,16,1978.25
16,4096,1,32,1978.52
16,4096,1,64,1978.71
16,4096,1,128,1982.04
16,4096,1,256,1978.28
16,4096,1,512,1978.59
16,4096,1,1024,1978.71
16,4096,1,2048,1978.43
16,4096,1,4096,1978.42
16,4096,1,8192,3853.29
16,4096,2,16,1980.75
16,4096,2,32,1981.18
16,4096,2,64,1981.01
16,4096,2,128,1980.6
16,4096,2,256,1980.81
16,4096,2,512,1981.14
16,4096,2,1024,1980.39
16,4096,2,2048,1980.72
16,4096,2,4096,1983.83
16,4096,2,8192,3943.19
16,4096,4,16,1981.07
16,4096,4,32,1980.62
16,4096,4,64,1980.83
16,4096,4,128,1981.04
16,4096,4,256,1980.97
16,4096,4,512,1980.92
16,4096,4,1024,1980.84
16,4096,4,2048,1980.24
16,4096,4,4096,1985.42
16,4096,4,8192,3946.07
16,4096,8,16,1981.41
16,4096,8,32,1980.78
16,4096,8,64,1981.01
16,4096,8,128,1980.85
16,4096,8,256,1980.55
16,4096,8,512,1980.77
16,4096,8,1024,1980.76
16,4096,8,2048,1980.49
16,4096,8,4096,1988.93
16,4096,8,8192,3959.72
16,4096,16,16,1990.91
16,4096,16,32,2001.91
16,4096,16,64,2011.83
16,4096,16,128,2035.05
16,4096,16,256,2073.52
16,4096,16,512,2156.02
16,4096,16,1024,2321.84
16,4096,16,2048,2648.94
16,4096,16,4096,3314.13
16,4096,16,8192,6560.43
16,4096,32,16,1991.3
16,4096,32,32,2003.01
16,4096,32,64,2015.03
16,4096,32,128,2034.21
16,4096,32,256,2077.11
16,4096,32,512,2156.61
16,4096,32,1024,2322.77
16,4096,32,2048,2648.38
16,4096,32,4096,3313.56
16,4096,32,8192,6583.49
16,4096,64,16,3282.98
16,4096,64,32,3294.13
16,4096,64,64,2874.73
16,4096,64,128,2929.46
16,4096,64,256,3520.01
16,4096,64,512,3458.87
16,4096,64,1024,3562.25
16,4096,64,2048,4727.64
16,4096,64,4096,6928.34
16,4096,64,8192,13771.1
16,4096,128,16,2199.65
16,4096,128,32,2249.33
16,4096,128,64,2258.17
16,4096,128,128,2680.84
16,4096,128,256,3070.28
16,4096,128,512,3091.07
16,4096,128,1024,3838.97
16,4096,128,2048,5912.32
16,4096,128,4096,11706
16,4096,128,8192,22815.4
16,8192,0,0,3351.46
16,8192,1,16,3348.71
16,8192,1,32,3349.03
16,8192,1,64,3349.02
16,8192,1,128,3348.97
16,8192,1,256,3348.88
16,8192,1,512,3349.26
16,8192,1,1024,3348.98
16,8192,1,2048,3348.64
16,8192,1,4096,3349.04
16,8192,1,8192,3348.97
16,8192,2,16,3351.38
16,8192,2,32,3351.05
16,8192,2,64,3351.15
16,8192,2,128,3354.78
16,8192,2,256,3351.31
16,8192,2,512,3351.17
16,8192,2,1024,3351.48
16,8192,2,2048,3351.17
16,8192,2,4096,3351.22
16,8192,2,8192,3364.81
16,8192,4,16,3351.56
16,8192,4,32,3351.25
16,8192,4,64,3351.59
16,8192,4,128,3351.71
16,8192,4,256,3351.5
16,8192,4,512,3351.56
16,8192,4,1024,3351.34
16,8192,4,2048,3351.26
16,8192,4,4096,3351.12
16,8192,4,8192,3366.9
16,8192,8,16,3351.74
16,8192,8,32,3351.16
16,8192,8,64,3351.39
16,8192,8,128,3351.91
16,8192,8,256,3351.73
16,8192,8,512,3351.9
16,8192,8,1024,3352.17
16,8192,8,2048,3351.69
16,8192,8,4096,3352.09
16,8192,8,8192,3366.81
16,8192,16,16,3360.65
16,8192,16,32,3369.35
16,8192,16,64,3378.34
16,8192,16,128,3396.58
16,8192,16,256,4250.79
16,8192,16,512,4339.63
16,8192,16,1024,4510.56
16,8192,16,2048,4860.37
16,8192,16,4096,5552.63
16,8192,16,8192,6943.88
16,8192,32,16,4162.5
16,8192,32,32,4174.63
16,8192,32,64,4185.01
16,8192,32,128,4208.71
16,8192,32,256,4251.8
16,8192,32,512,4339.28
16,8192,32,1024,4512.66
16,8192,32,2048,4855.49
16,8192,32,4096,5547.26
16,8192,32,8192,6939.55
16,8192,64,16,6891.62
16,8192,64,32,6916.59
16,8192,64,64,6000.12
16,8192,64,128,5164.44
16,8192,64,256,6104.6
16,8192,64,512,6877.38
16,8192,64,1024,6501.22
16,8192,64,2048,7464.57
16,8192,64,4096,8914.81
16,8192,64,8192,13794.1
16,8192,128,16,5848.39
16,8192,128,32,5116.41
16,8192,128,64,4372.84
16,8192,128,128,5291.73
16,8192,128,256,5528.96
16,8192,128,512,5822.94
16,8192,128,1024,6099.45
16,8192,128,2048,7825.24
16,8192,128,4096,11708.6
16,8192,128,8192,22144.5
32,0,0,0,24.32
32,0,1,16,22.0687
32,0,1,32,29.728
32,0,1,64,41.2687
32,0,1,128,64.2023
32,0,1,256,111.006
32,0,1,512,204.509
32,0,1,1024,391.718
32,0,1,2048,765.965
32,0,1,4096,1514.75
32,0,1,8192,3010.72
32,0,2,16,21.173
32,0,2,32,31.0397
32,0,2,64,42.8903
32,0,2,128,66.1863
32,0,2,256,113.066
32,0,2,512,207.849
32,0,2,1024,396.55
32,0,2,2048,774.561
32,0,2,4096,1529.11
32,0,2,8192,3040.42
32,0,4,16,21.2907
32,0,4,32,32.1807
32,0,4,64,44.202
32,0,4,128,67.5947
32,0,4,256,114.74
32,0,4,512,209.565
32,0,4,1024,398.769
32,0,4,2048,1070.46
32,0,4,4096,2113.62
32,0,4,8192,4198.21
32,0,8,16,28.7787
32,0,8,32,43.243
32,0,8,64,58.869
32,0,8,128,90.9323
32,0,8,256,158.207
32,0,8,512,284.893
32,0,8,1024,544.123
32,0,8,2048,1061.78
32,0,8,4096,2096.51
32,0,8,8192,4164.95
32,0,16,16,39.0827
32,0,16,32,67.2633
32,0,16,64,93.7483
32,0,16,128,150.046
32,0,16,256,254.973
32,0,16,512,468.763
32,0,16,1024,896.631
32,0,16,2048,1756.39
32,0,16,4096,3473.07
32,0,16,8192,6900.69
32,0,32,16,40.2023
32,0,32,32,68.927
32,0,32,64,97.4813
32,0,32,128,150.44
32,0,32,256,258.706
32,0,32,512,474.703
32,0,32,1024,907.372
32,0,32,2048,1769.92
32,0,32,4096,3501.43
32,0,32,8192,6954.96
32,0,64,16,74.261
32,0,64,32,128.831
32,0,64,64,184.435
32,0,64,128,292.167
32,0,64,256,505.061
32,0,64,512,940.266
32,0,64,1024,1791.18
32,0,64,2048,3506.31
32,0,64,4096,6937.04
32,0,64,8192,13781
32,0,128,16,113.802
32,0,128,32,201.641
32,0,128,64,285.97
32,0,128,128,496.059
32,0,128,256,800.482
32,0,128,512,1630.26
32,0,128,1024,3044.14
32,0,128,2048,6170.74
32,0,128,4096,12221.5
32,0,128,8192,24354.3
32,16,0,0,41.9617
32,16,1,16,39.904
32,16,1,32,39.722
32,16,1,64,50.2717
32,16,1,128,78.431
32,16,1,256,135.87
32,16,1,512,250.386
32,16,1,1024,479.675
32,16,1,2048,938.272
32,16,1,4096,1855.15
32,16,1,8192,3688
32,16,2,16,38.794
32,16,2,32,38.8907
32,16,2,64,51.477
32,16,2,128,90.8153
32,16,2,256,155.87
32,16,2,512,286.226
32,16,2,1024,547.375
32,16,2,2048,1068.84
32,16,2,4096,2112.16
32,16,2,8192,4199
32,16,4,16,43.7117
32,16,4,32,46.6763
32,16,4,64,60.1487
32,16,4,128,92.5857
32,16,4,256,158.398
32,16,4,512,288.615
32,16,4,1024,550.052
32,16,4,2048,1072.51
32,16,4,4096,2117.54
32,16,4,8192,4204.85
32,16,8,16,44.298
32,16,8,32,45.3537
32,16,8,64,59.8813
32,16,8,128,91.487
32,16,8,256,155.945
32,16,8,512,285.32
32,16,8,1024,544.037
32,16,8,2048,1061.13
32,16,8,4096,2094.75
32,16,8,8192,4161.56
32,16,16,16,54.2503
32,16,16,32,67.6047
32,16,16,64,93.791
32,16,16,128,146.398
32,16,16,256,255.251
32,16,16,512,468.603
32,16,16,1024,896.726
32,16,16,2048,1753.01
32,16,16,4096,3468.09
32,16,16,8192,6888.37
32,16,32,16,55.3703
32,16,32,32,71.6683
32,16,32,64,96.927
32,16,32,128,150.217
32,16,32,256,257.992
32,16,32,512,475.014
32,16,32,1024,907.627
32,16,32,2048,1770.32
32,16,32,4096,3497.43
32,16,32,8192,6958.11
32,16,64,16,90.2283
32,16,64,32,128.991
32,16,64,64,184.862
32,16,64,128,291.869
32,16,64,256,506.49
32,16,64,512,942.188
32,16,64,1024,1793.36
32,16,64,2048,3506.52
32,16,64,4096,6931.66
32,16,64,8192,13775.5
32,16,128,16,130.751
32,16,128,32,231.293
32,16,128,64,337.373
32,16,128,128,536.57
32,16,128,256,911.019
32,16,128,512,1838.69
32,16,128,1024,3538.14
32,16,128,2048,6966.42
32,16,128,4096,13340.7
32,16,128,8192,27494.5
32,32,0,0,46.965
32,32,1,16,44.5973
32,32,1,32,44.4693
32,32,1,64,56.917
32,32,1,128,88.7033
32,32,1,256,153.214
32,32,1,512,282.546
32,32,1,1024,540.538
32,32,1,2048,1057.58
32,32,1,4096,2091.38
32,32,1,8192,4157.3
32,32,2,16,43.6257
32,32,2,32,43.8933
32,32,2,64,57.781
32,32,2,128,90.3133
32,32,2,256,155.486
32,32,2,512,285.746
32,32,2,1024,549.701
32,32,2,2048,1068.63
32,32,2,4096,2111.96
32,32,2,8192,4199.41
32,32,4,16,43.9247
32,32,4,32,43.8607
32,32,4,64,59.2317
32,32,4,128,91.711
32,32,4,256,157.065
32,32,4,512,287.805
32,32,4,1024,549.092
32,32,4,2048,1071.28
32,32,4,4096,2116.47
32,32,4,8192,4204.44
32,32,8,16,44.351
32,32,8,32,44.8423
32,32,8,64,59.541
32,32,8,128,91.5187
32,32,8,256,155.699
32,32,8,512,285.458
32,32,8,1024,544.175
32,32,8,2048,1061.27
32,32,8,4096,2095.51
32,32,8,8192,4163.34
32,32,16,16,65.7703
32,32,16,32,67.754
32,32,16,64,94.0043
32,32,16,128,148.009
32,32,16,256,255.123
32,32,16,512,468.507
32,32,16,1024,897.879
32,32,16,2048,1752.07
32,32,16,4096,3468.52
32,32,16,8192,6889.71
32,32,32,16,59.178
32,32,32,32,68.5747
32,32,32,64,97.77
32,32,32,128,150.228
32,32,32,256,259.336
32,32,32,512,475.355
32,32,32,1024,911.841
32,32,32,2048,1769.4
32,32,32,4096,3503.67
32,32,32,8192,6949.47
32,32,64,16,88.9693
32,32,64,32,129.524
32,32,64,64,185.182
32,32,64,128,293.789
32,32,64,256,508.763
32,32,64,512,939.126
32,32,64,1024,1794.84
32,32,64,2048,3511.26
32,32,64,4096,6935.67
32,32,64,8192,13777.9
32,32,128,16,117.609
32,32,128,32,211.614
32,32,128,64,340.733
32,32,128,128,548.314
32,32,128,256,915.819
32,32,128,512,1836.56
32,32,128,1024,3325.81
32,32,128,2048,6966.55
32,32,128,4096,13801
32,32,128,8192,27487.6
32,64,0,0,63.4873
32,64,1,16,60.6607
32,64,1,32,60.6287
32,64,1,64,60.4367
32,64,1,128,88.5647
32,64,1,256,153.161
32,64,1,512,285.736
32,64,1,1024,541.018
32,64,1,2048,1057.84
32,64,1,4096,2091.63
32,64,1,8192,4159.05
32,64,2,16,59.626
32,64,2,32,59.636
32,64,2,64,59.7007
32,64,2,128,89.9727
32,64,2,256,155.498
32,64,2,512,285.661
32,64,2,1024,549.285
32,64,2,2048,1068.57
32,64,2,4096,2111.61
32,64,2,8192,4198.04
32,64,4,16,59.669
32,64,4,32,59.8503
32,64,4,64,60.0417
32,64,4,128,91.5403
32,64,4,256,156.947
32,64,4,512,288.093
32,64,4,1024,548.891
32,64,4,2048,1071.38
32,64,4,4096,2115.9
32,64,4,8192,4204.33
32,64,8,16,60.394
32,64,8,32,60.5007
32,64,8,64,60.8417
32,64,8,128,91.263
32,64,8,256,159.881
32,64,8,512,285.96
32,64,8,1024,544.485
32,64,8,2048,1061.33
32,64,8,4096,2095.46
32,64,8,8192,4162.49
32,64,16,16,92.479
32,64,16,32,92.959
32,64,16,64,95.5403
32,64,16,128,147.572
32,64,16,256,254.344
32,64,16,512,468.848
32,64,16,1024,896.865
32,64,16,2048,1754.72
32,64,16,4096,3467.14
32,64,16,8192,6890.33
32,64,32,16,71.8283
32,64,32,32,83.9457
32,64,32,64,97.097
32,64,32,128,150.195
32,64,32,256,258.45
32,64,32,512,475.088
32,64,32,1024,906.667
32,64,32,2048,1770.48
32,64,32,4096,3500.7
32,64,32,8192,6949.17
32,64,64,16,113.247
32,64,64,32,144.244
32,64,64,64,186.835
32,64,64,128,292.188
32,64,64,256,505.766
32,64,64,512,943.883
32,64,64,1024,1794.71
32,64,64,2048,3505.68
32,64,64,4096,6929.68
32,64,64,8192,13782.2
32,64,128,16,147.028
32,64,128,32,237.758
32,64,128,64,347.089
32,64,128,128,551.216
32,64,128,256,922.87
32,64,128,512,1836.85
32,64,128,1024,3219.4
32,64,128,2048,6964.79
32,64,128,4096,13792.9
32,64,128,8192,25811.4
32,128,0,0,84.7887
32,128,1,16,82.4417
32,128,1,32,82.3243
32,128,1,64,95.1253
32,128,1,128,95.7533
32,128,1,256,156.894
32,128,1,512,282.504
32,128,1,1024,540.815
32,128,1,2048,1058.08
32,128,1,4096,2091.37
32,128,1,8192,4158.57
32,128,2,16,91.8813
32,128,2,32,91.743
32,128,2,64,91.8393
32,128,2,128,91.7427
32,128,2,256,154.814
32,128,2,512,285.341
32,128,2,1024,546.298
32,128,2,2048,1067.54
32,128,2,4096,2110.28
32,128,2,8192,4197.72
32,128,4,16,91.8707
32,128,4,32,91.7643
32,128,4,64,91.914
32,128,4,128,92.329
32,128,4,256,156.382
32,128,4,512,287.165
32,128,4,1024,548.602
32,128,4,2048,1070.56
32,128,4,4096,2115.79
32,128,4,8192,4206.47
32,128,8,16,92.522
32,128,8,32,95.689
32,128,8,64,93.2363
32,128,8,128,92.6493
32,128,8,256,155.892
32,128,8,512,286.045
32,128,8,1024,544.005
32,128,8,2048,1061.62
32,128,8,4096,2095.75
32,128,8,8192,4165.17
32,128,16,16,145.726
32,128,16,32,146.175
32,128,16,64,145.769
32,128,16,128,148.777
32,128,16,256,253.938
32,128,16,512,470.608
32,128,16,1024,898.646
32,128,16,2048,1753.45
32,128,16,4096,3468.03
32,128,16,8192,6892.35
32,128,32,16,103.892
32,128,32,32,116.265
32,128,32,64,128.095
32,128,32,128,150.537
32,128,32,256,258.813
32,128,32,512,474.106
32,128,32,1024,907.723
32,128,32,2048,1770.99
32,128,32,4096,3503.92
32,128,32,8192,6951.57
32,128,64,16,161.897
32,128,64,32,184.84
32,128,64,64,222.067
32,128,64,128,292.776
32,128,64,256,507.781
32,128,64,512,938.315
32,128,64,1024,1798.83
32,128,64,2048,3507.61
32,128,64,4096,6937.25
32,128,64,8192,13787.5
32,128,128,16,160.105
32,128,128,32,228.499
32,128,128,64,300.114
32,128,128,128,483.931
32,128,128,256,810.156
32,128,128,512,1581.78
32,128,128,1024,2864.63
32,128,128,2048,5981.27
32,128,128,4096,13800.4
32,128,128,8192,25418
32,256,0,0,133.333
32,256,1,16,131.071
32,256,1,32,130.761
32,256,1,64,130.911
32,256,1,128,130.516
32,256,1,256,130.899
32,256,1,512,235.271
32,256,1,1024,450.535
32,256,1,2048,880.971
32,256,1,4096,1742.23
32,256,1,8192,3463.64
32,256,2,16,130.303
32,256,2,32,130.282
32,256,2,64,130.11
32,256,2,128,130.142
32,256,2,256,130.323
32,256,2,512,237.555
32,256,2,1024,455.056
32,256,2,2048,889.804
32,256,2,4096,1759.16
32,256,2,8192,3498.03
32,256,4,16,130.431
32,256,4,32,130.163
32,256,4,64,133.236
32,256,4,128,130.09
32,256,4,256,130.59
32,256,4,512,238.514
32,256,4,1024,456.133
32,256,4,2048,890.561
32,256,4,4096,1759.86
32,256,4,8192,3497.74
32,256,8,16,131.178
32,256,8,32,131.401
32,256,8,64,131.54
32,256,8,128,131.56
32,256,8,256,131.817
32,256,8,512,239.005
32,256,8,1024,454.598
32,256,8,2048,885.974
32,256,8,4096,1748.64
32,256,8,8192,3471.05
32,256,16,16,211.283
32,256,16,32,210.963
32,256,16,64,211.422
32,256,16,128,210.857
32,256,16,256,214.792
32,256,16,512,391.632
32,256,16,1024,747.203
32,256,16,2048,1459.57
32,256,16,4096,2888
32,256,16,8192,5740.85
32,256,32,16,140.799
32,256,32,32,150.719
32,256,32,64,160.841
32,256,32,128,179.177
32,256,32,256,216.958
32,256,32,512,396.327
32,256,32,1024,755.318
32,256,32,2048,1474.55
32,256,32,4096,2910.68
32,256,32,8192,5785.26
32,256,64,16,230.142
32,256,64,32,226.035
32,256,64,64,257.565
32,256,64,128,308.349
32,256,64,256,425.617
32,256,64,512,783.437
32,256,64,1024,1497.92
32,256,64,2048,2924.27
32,256,64,4096,5773.32
32,256,64,8192,11470.9
32,256,128,16,241.918
32,256,128,32,268.69
32,256,128,64,338.791
32,256,128,128,562.095
32,256,128,256,987.243
32,256,128,512,1812.79
32,256,128,1024,3468
32,256,128,2048,6963.89
32,256,128,4096,13801.3
32,256,128,8192,27490.5
32,512,0,0,262.344
32,512,1,16,259.731
32,512,1,32,259.634
32,512,1,64,259.602
32,512,1,128,259.38
32,512,1,256,259.549
32,512,1,512,259.41
32,512,1,1024,491.451
32,512,1,2048,961.279
32,512,1,4096,1900.97
32,512,1,8192,3780.13
32,512,2,16,258.717
32,512,2,32,258.845
32,512,2,64,258.738
32,512,2,128,258.941
32,512,2,256,258.867
32,512,2,512,258.792
32,512,2,1024,494.256
32,512,2,2048,967.999
32,512,2,4096,1919.8
32,512,2,8192,3812.43
32,512,4,16,258.824
32,512,4,32,258.728
32,512,4,64,258.931
32,512,4,128,258.59
32,512,4,256,259.08
32,512,4,512,259.187
32,512,4,1024,496.016
32,512,4,2048,970.362
32,512,4,4096,1918.84
32,512,4,8192,3815.81
32,512,8,16,262.014
32,512,8,32,259.774
32,512,8,64,260.083
32,512,8,128,263.122
32,512,8,256,259.986
32,512,8,512,259.923
32,512,8,1024,494.448
32,512,8,2048,965.291
32,512,8,4096,1904.85
32,512,8,8192,3783.23
32,512,16,16,422.598
32,512,16,32,422.459
32,512,16,64,423.302
32,512,16,128,426.203
32,512,16,256,423.761
32,512,16,512,429.712
32,512,16,1024,816.674
32,512,16,2048,1594
32,512,16,4096,3149.49
32,512,16,8192,6260.65
32,512,32,16,269.181
32,512,32,32,281.384
32,512,32,64,292.307
32,512,32,128,311.175
32,512,32,256,350.236
32,512,32,512,430.076
32,512,32,1024,823.82
32,512,32,2048,1609.55
32,512,32,4096,3181.16
32,512,32,8192,6312.71
32,512,64,16,434.011
32,512,64,32,471.333
32,512,64,64,472.475
32,512,64,128,514.874
32,512,64,256,632.89
32,512,64,512,941.611
32,512,64,1024,1796.44
32,512,64,2048,3511.88
32,512,64,4096,6935.24
32,512,64,8192,13781.6
32,512,128,16,460.294
32,512,128,32,525.872
32,512,128,64,564.847
32,512,128,128,669.495
32,512,128,256,933.899
32,512,128,512,1748.91
32,512,128,1024,3265.33
32,512,128,2048,6602.33
32,512,128,4096,12699.4
32,512,128,8192,26061.6
32,1024,0,0,468.848
32,1024,1,16,465.798
32,1024,1,32,466.608
32,1024,1,64,466.246
32,1024,1,128,465.958
32,1024,1,256,466.31
32,1024,1,512,466.129
32,1024,1,1024,466.011
32,1024,1,2048,908.865
32,1024,1,4096,1796.67
32,1024,1,8192,3572.13
32,1024,2,16,465.637
32,1024,2,32,465.755
32,1024,2,64,465.819
32,1024,2,128,465.712
32,1024,2,256,465.595
32,1024,2,512,465.732
32,1024,2,1024,465.872
32,1024,2,2048,913.664
32,1024,2,4096,1810.99
32,1024,2,8192,3604.21
32,1024,4,16,465.765
32,1024,4,32,465.562
32,1024,4,64,466.021
32,1024,4,128,465.712
32,1024,4,256,465.765
32,1024,4,512,465.616
32,1024,4,1024,466.758
32,1024,4,2048,913.238
32,1024,4,4096,1810.47
32,1024,4,8192,3602.81
32,1024,8,16,466.672
32,1024,8,32,466.843
32,1024,8,64,466.907
32,1024,8,128,466.874
32,1024,8,256,467.099
32,1024,8,512,466.886
32,1024,8,1024,468.432
32,1024,8,2048,913.249
32,1024,8,4096,1801.79
32,1024,8,8192,3578.44
32,1024,16,16,765.24
32,1024,16,32,768.675
32,1024,16,64,769.975
32,1024,16,128,765.495
32,1024,16,256,766.808
32,1024,16,512,766.192
32,1024,16,1024,776.994
32,1024,16,2048,1506.76
32,1024,16,4096,2978.23
32,1024,16,8192,5923.63
32,1024,32,16,476.731
32,1024,32,32,486.352
32,1024,32,64,496.602
32,1024,32,128,515.696
32,1024,32,256,553.552
32,1024,32,512,628.122
32,1024,32,1024,780.684
32,1024,32,2048,1520.44
32,1024,32,4096,3494.86
32,1024,32,8192,6940.49
32,1024,64,16,912.011
32,1024,64,32,921.216
32,1024,64,64,937.163
32,1024,64,128,949.77
32,1024,64,256,1030.37
32,1024,64,512,1356.58
32,1024,64,1024,1799.19
32,1024,64,2048,3512.71
32,1024,64,4096,6937
32,1024,64,8192,13779
32,1024,128,16,938.794
32,1024,128,32,971.296
32,1024,128,64,1008.8
32,1024,128,128,1123.29
32,1024,128,256,1234.37
32,1024,128,512,1846.82
32,1024,128,1024,3552.71
32,1024,128,2048,6966.68
32,1024,128,4096,13798.2
32,1024,128,8192,25132.9
32,2048,0,0,856.908
32,2048,1,16,854.242
32,2048,1,32,854.251
32,2048,1,64,854.658
32,2048,1,128,854.113
32,2048,1,256,857.602
32,2048,1,512,854.487
32,2048,1,1024,854.625
32,2048,1,2048,855.776
32,2048,1,4096,1691.84
32,2048,1,8192,3362.96
32,2048,2,16,853.953
32,2048,2,32,854.103
32,2048,2,64,854.038
32,2048,2,128,854.07
32,2048,2,256,854.86
32,2048,2,512,854.039
32,2048,2,1024,854.167
32,2048,2,2048,856.332
32,2048,2,4096,1697.26
32,2048,2,8192,3389.7
32,2048,4,16,854.049
32,2048,4,32,854.466
32,2048,4,64,854.37
32,2048,4,128,854.231
32,2048,4,256,854.21
32,2048,4,512,854.39
32,2048,4,1024,854.059
32,2048,4,2048,857.932
32,2048,4,4096,1697.75
32,2048,4,8192,3383.96
32,2048,8,16,855.372
32,2048,8,32,855.457
32,2048,8,64,855.703
32,2048,8,128,855.944
32,2048,8,256,855.703
32,2048,8,512,855.756
32,2048,8,1024,856.15
32,2048,8,2048,860.097
32,2048,8,4096,1697.07
32,2048,8,8192,3370.12
32,2048,16,16,1408.84
32,2048,16,32,1412.31
32,2048,16,64,1408.59
32,2048,16,128,1744.42
32,2048,16,256,1747.92
32,2048,16,512,1744.83
32,2048,16,1024,1746.02
32,2048,16,2048,1765.22
32,2048,16,4096,3467.1
32,2048,16,8192,6891.78
32,2048,32,16,1070.57
32,2048,32,32,1080.72
32,2048,32,64,1094.96
32,2048,32,128,1117.99
32,2048,32,256,1163.75
32,2048,32,512,1246.96
32,2048,32,1024,1418.5
32,2048,32,2048,1766.75
32,2048,32,4096,3494.06
32,2048,32,8192,6943.44
32,2048,64,16,1760.17
32,2048,64,32,1774.67
32,2048,64,64,1799.79
32,2048,64,128,1830.11
32,2048,64,256,1841.36
32,2048,64,512,2064.82
32,2048,64,1024,2289.06
32,2048,64,2048,3519.57
32,2048,64,4096,6942.98
32,2048,64,8192,13787.4
32,2048,128,16,1772.72
32,2048,128,32,1762.27
32,2048,128,64,1914.85
32,2048,128,128,2014.37
32,2048,128,256,2115.46
32,2048,128,512,2546.8
32,2048,128,1024,3556.56
32,2048,128,2048,6979.23
32,2048,128,4096,13802.4
32,2048,128,8192,27487.5
32,4096,0,0,2091.75
32,4096,1,16,2089.28
32,4096,1,32,2088.96
32,4096,1,64,2089.5
32,4096,1,128,2088.79
32,4096,1,256,2089.19
32,4096,1,512,2088.79
32,4096,1,1024,2089.01
32,4096,1,2048,2088.94
32,4096,1,4096,2090.91
32,4096,1,8192,4156.66
32,4096,2,16,2089.26
32,4096,2,32,2089.21
32,4096,2,64,2088.98
32,4096,2,128,2088.77
32,4096,2,256,2089.16
32,4096,2,512,2088.84
32,4096,2,1024,2089.28
32,4096,2,2048,2089.26
32,4096,2,4096,2091.16
32,4096,2,8192,4171.53
32,4096,4,16,2088.67
32,4096,4,32,2088.17
32,4096,4,64,2087.81
32,4096,4,128,2087.87
32,4096,4,256,2088.21
32,4096,4,512,2088.45
32,4096,4,1024,2088.91
32,4096,4,2048,2088.38
32,4096,4,4096,2092.55
32,4096,4,8192,4176.68
32,4096,8,16,2090.65
32,4096,8,32,2090.92
32,4096,8,64,2091.01
32,4096,8,128,2091.3
32,4096,8,256,2091.49
32,4096,8,512,2091.13
32,4096,8,1024,2091.3
32,4096,8,2048,2090.8
32,4096,8,4096,2095.76
32,4096,8,8192,4162.36
32,4096,16,16,3455.73
32,4096,16,32,3452.98
32,4096,16,64,3455.89
32,4096,16,128,3450.82
32,4096,16,256,3458.44
32,4096,16,512,3450.59
32,4096,16,1024,3455.48
32,4096,16,2048,3457.08
32,4096,16,4096,3493.58
32,4096,16,8192,6890.27
32,4096,32,16,2100.91
32,4096,32,32,2112.49
32,4096,32,64,2123.98
32,4096,32,128,2144.95
32,4096,32,256,2192.3
32,4096,32,512,2280.65
32,4096,32,1024,2449.53
32,4096,32,2048,2794.89
32,4096,32,4096,3500.35
32,4096,32,8192,6945.4
32,4096,64,16,3475.05
32,4096,64,32,3486.32
32,4096,64,64,3524.71
32,4096,64,128,3532.63
32,4096,64,256,3523.73
32,4096,64,512,3561.89
32,4096,64,1024,3647.14
32,4096,64,2048,5202.45
32,4096,64,4096,6956.7
32,4096,64,8192,13776.9
32,4096,128,16,3485.02
32,4096,128,32,3496.96
32,4096,128,64,3579.09
32,4096,128,128,3592.92
32,4096,128,256,3769.46
32,4096,128,512,4195.24
32,4096,128,1024,4561.95
32,4096,128,2048,6986.32
32,4096,128,4096,13819.3
32,4096,128,8192,26643.1
32,8192,0,0,3769.47
32,8192,1,16,3766.57
32,8192,1,32,3766.51
32,8192,1,64,4151.61
32,8192,1,128,4151.77
32,8192,1,256,4151.63
32,8192,1,512,4151.42
32,8192,1,1024,4151.45
32,8192,1,2048,4150.9
32,8192,1,4096,4150.99
32,8192,1,8192,4155.85
32,8192,2,16,4151.95
32,8192,2,32,4151.97
32,8192,2,64,4151.94
32,8192,2,128,4152
32,8192,2,256,4151.9
32,8192,2,512,4151.71
32,8192,2,1024,4151.9
32,8192,2,2048,4152.06
32,8192,2,4096,4152.08
32,8192,2,8192,4156.73
32,8192,4,16,4150.72
32,8192,4,32,4150.47
32,8192,4,64,4150.42
32,8192,4,128,4150.23
32,8192,4,256,4150.8
32,8192,4,512,4150.63
32,8192,4,1024,4150.55
32,8192,4,2048,4150.47
32,8192,4,4096,4150.73
32,8192,4,8192,4157.43
32,8192,8,16,4153.16
32,8192,8,32,4154.12
32,8192,8,64,4154.6
32,8192,8,128,4154.75
32,8192,8,256,4155.05
32,8192,8,512,4154.6
32,8192,8,1024,4154.56
32,8192,8,2048,4154.12
32,8192,8,4096,4154.29
32,8192,8,8192,4162.65
32,8192,16,16,6875.96
32,8192,16,32,6868.81
32,8192,16,64,6875.77
32,8192,16,128,6871.73
32,8192,16,256,6877.11
32,8192,16,512,6876.02
32,8192,16,1024,6877.74
32,8192,16,2048,6871.87
32,8192,16,4096,6878.02
32,8192,16,8192,6949.63
32,8192,32,16,4161.91
32,8192,32,32,4175.21
32,8192,32,64,4187.3
32,8192,32,128,4207.45
32,8192,32,256,4252.54
32,8192,32,512,4337.05
32,8192,32,1024,4513.19
32,8192,32,2048,4856.23
32,8192,32,4096,5551.41
32,8192,32,8192,6953.59
32,8192,64,16,6933.1
32,8192,64,32,6925.67
32,8192,64,64,6956.38
32,8192,64,128,6997.27
32,8192,64,256,7071.18
32,8192,64,512,7099.22
32,8192,64,1024,7492.42
32,8192,64,2048,7830.12
32,8192,64,4096,9385.29
32,8192,64,8192,13792.1
32,8192,128,16,6922.33
32,8192,128,32,6983.26
32,8192,128,64,7033.41
32,8192,128,128,7082.02
32,8192,128,256,7229.24
32,8192,128,512,7567.72
32,8192,128,1024,8183.61
32,8192,128,2048,10129.7
32,8192,128,4096,13826.3
32,8192,128,8192,26662.3
64,0,0,0,43.8397
64,0,1,16,40.5753
64,0,1,32,43.2637
64,0,1,64,52.6927
64,0,1,128,89.482
64,0,1,256,152.509
64,0,1,512,279.08
64,0,1,1024,531.045
64,0,1,2048,1037.07
64,0,1,4096,2048.02
64,0,1,8192,4069.26
64,0,2,16,43.4453
64,0,2,32,43.2847
64,0,2,64,58.7723
64,0,2,128,90.5483
64,0,2,256,154.611
64,0,2,512,283.911
64,0,2,1024,534.778
64,0,2,2048,1043.39
64,0,2,4096,2057.76
64,0,2,8192,4088.95
64,0,4,16,53.845
64,0,4,32,54.613
64,0,4,64,70.847
64,0,4,128,103.251
64,0,4,256,168.115
64,0,4,512,298.407
64,0,4,1024,559.951
64,0,4,2048,1081.6
64,0,4,4096,2124.57
64,0,4,8192,4211.41
64,0,8,16,66.367
64,0,8,32,67.3917
64,0,8,64,93.332
64,0,8,128,146.089
64,0,8,256,255.624
64,0,8,512,469.093
64,0,8,1024,898.678
64,0,8,2048,1756.34
64,0,8,4096,3467.7
64,0,8,8192,6892.82
64,0,16,16,67.5083
64,0,16,32,67.6363
64,0,16,64,95.0067
64,0,16,128,147.999
64,0,16,256,255.88
64,0,16,512,469.467
64,0,16,1024,899.873
64,0,16,2048,1754.65
64,0,16,4096,3468.75
64,0,16,8192,6891.77
64,0,32,16,72.906
64,0,32,32,88.2763
64,0,32,64,125.386
64,0,32,128,182.932
64,0,32,256,278.856
64,0,32,512,502.064
64,0,32,1024,929.771
64,0,32,2048,1789.02
64,0,32,4096,3521.16
64,0,32,8192,6965.6
64,0,64,16,94.3777
64,0,64,32,129.204
64,0,64,64,185.022
64,0,64,128,290.386
64,0,64,256,508.687
64,0,64,512,939.286
64,0,64,1024,1799.18
64,0,64,2048,3519.35
64,0,64,4096,6952.3
64,0,64,8192,13786.9
64,0,128,16,139.806
64,0,128,32,240.979
64,0,128,64,340.742
64,0,128,128,539.855
64,0,128,256,916.086
64,0,128,512,1838.32
64,0,128,1024,3337.9
64,0,128,2048,6963.43
64,0,128,4096,13795.5
64,0,128,8192,27495.7
64,16,0,0,57.4393
64,16,1,16,60.0847
64,16,1,32,60.031
64,16,1,64,60.0953
64,16,1,128,89.9837
64,16,1,256,152.798
64,16,1,512,281.97
64,16,1,1024,531.002
64,16,1,2048,1036.33
64,16,1,4096,2047.26
64,16,1,8192,4069.04
64,16,2,16,59.221
64,16,2,32,59.4553
64,16,2,64,59.4763
64,16,2,128,91.2527
64,16,2,256,154.825
64,16,2,512,281.319
64,16,2,1024,537.423
64,16,2,2048,1042.56
64,16,2,4096,2057.08
64,16,2,8192,4088.6
64,16,4,16,68.97
64,16,4,32,70.0153
64,16,4,64,82.0257
64,16,4,128,113.418
64,16,4,256,181.577
64,16,4,512,307.549
64,16,4,1024,570.159
64,16,4,2048,1092.14
64,16,4,4096,2135.34
64,16,4,8192,4221.13
64,16,8,16,93.6627
64,16,8,32,93.9297
64,16,8,64,94.335
64,16,8,128,146.974
64,16,8,256,254.801
64,16,8,512,468.603
64,16,8,1024,898.379
64,16,8,2048,1755.97
64,16,8,4096,3466.72
64,16,8,8192,6894.92
64,16,16,16,82.111
64,16,16,32,82.1537
64,16,16,64,95.7967
64,16,16,128,147.893
64,16,16,256,256.541
64,16,16,512,469.19
64,16,16,1024,899.297
64,16,16,2048,1757.5
64,16,16,4096,3470.09
64,16,16,8192,6891.69
64,16,32,16,84.426
64,16,32,32,113.738
64,16,32,64,138.494
64,16,32,128,193.545
64,16,32,256,302.024
64,16,32,512,516.25
64,16,32,1024,951.885
64,16,32,2048,1804.9
64,16,32,4096,3533.68
64,16,32,8192,6979.78
64,16,64,16,118.762
64,16,64,32,142.996
64,16,64,64,194.333
64,16,64,128,293.64
64,16,64,256,506.97
64,16,64,512,940.192
64,16,64,1024,1803.4
64,16,64,2048,3514.12
64,16,64,4096,6947.14
64,16,64,8192,13804.6
64,16,128,16,156.233
64,16,128,32,244.946
64,16,128,64,342.482
64,16,128,128,543.002
64,16,128,256,924.491
64,16,128,512,1841.04
64,16,128,1024,3438.91
64,16,128,2048,6759.06
64,16,128,4096,13803.3
64,16,128,8192,26660.8
64,32,0,0,58.175
64,32,1,16,55.3813
64,32,1,32,55.6267
64,32,1,64,61.2787
64,32,1,128,90.4627
64,32,1,256,152.926
64,32,1,512,279.527
64,32,1,1024,532.068
64,32,1,2048,1037.45
64,32,1,4096,2048.5
64,32,1,8192,4072.11
64,32,2,16,59.839
64,32,2,32,60.2237
64,32,2,64,60.3083
64,32,2,128,90.911
64,32,2,256,154.058
64,32,2,512,280.819
64,32,2,1024,534.501
64,32,2,2048,1041.96
64,32,2,4096,2058.01
64,32,2,8192,4087.87
64,32,4,16,82.1963
64,32,4,32,81.3967
64,32,4,64,81.6843
64,32,4,128,114.111
64,32,4,256,179.016
64,32,4,512,309.042
64,32,4,1024,570.202
64,32,4,2048,1092.39
64,32,4,4096,2134.47
64,32,4,8192,4221.87
64,32,8,16,94.1217
64,32,8,32,94.2607
64,32,8,64,95.1457
64,32,8,128,146.645
64,32,8,256,255.26
64,32,8,512,469.595
64,32,8,1024,897.506
64,32,8,2048,1753.34
64,32,8,4096,3468.15
64,32,8,8192,6894.35
64,32,16,16,94.2817
64,32,16,32,94.2817
64,32,16,64,94.815
64,32,16,128,147.807
64,32,16,256,255.101
64,32,16,512,469.744
64,32,16,1024,897.643
64,32,16,2048,1756.15
64,32,16,4096,3468.4
64,32,16,8192,6894.14
64,32,32,16,90.1107
64,32,32,32,113.908
64,32,32,64,159.219
64,32,32,128,200.915
64,32,32,256,314.694
64,32,32,512,524.091
64,32,32,1024,950.517
64,32,32,2048,1807.23
64,32,32,4096,3534.36
64,32,32,8192,6990.01
64,32,64,16,122.526
64,32,64,32,154.868
64,32,64,64,191.433
64,32,64,128,290.247
64,32,64,256,509.498
64,32,64,512,940.086
64,32,64,1024,1801.63
64,32,64,2048,3518.47
64,32,64,4096,6952.92
64,32,64,8192,13822.5
64,32,128,16,167.679
64,32,128,32,248.061
64,32,128,64,350.002
64,32,128,128,552.389
64,32,128,256,926.731
64,32,128,512,1796.12
64,32,128,1024,3451.41
64,32,128,2048,6964.19
64,32,128,4096,13807.4
64,32,128,8192,25621.9
64,64,0,0,64.277
64,64,1,16,61.6203
64,64,1,32,61.8767
64,64,1,64,65.2583
64,64,1,128,90.5057
64,64,1,256,153.108
64,64,1,512,279.389
64,64,1,1024,531.802
64,64,1,2048,1036.49
64,64,1,4096,2048.08
64,64,1,8192,4070.14
64,64,2,16,76.1377
64,64,2,32,76.276
64,64,2,64,76.2233
64,64,2,128,90.6443
64,64,2,256,154.099
64,64,2,512,280.69
64,64,2,1024,534.981
64,64,2,2048,1042.4
64,64,2,4096,2057.35
64,64,2,8192,4088.45
64,64,4,16,106.175
64,64,4,32,107.284
64,64,4,64,107.06
64,64,4,128,124.083
64,64,4,256,190.12
64,64,4,512,321.362
64,64,4,1024,580.921
64,64,4,2048,1102.86
64,64,4,4096,2146.71
64,64,4,8192,4231.88
64,64,8,16,121.183
64,64,8,32,120.788
64,64,8,64,122.56
64,64,8,128,147.06
64,64,8,256,255.133
64,64,8,512,468.709
64,64,8,1024,898.219
64,64,8,2048,1754.77
64,64,8,4096,3468.82
64,64,8,8192,6894.34
64,64,16,16,120.606
64,64,16,32,120.916
64,64,16,64,121.502
64,64,16,128,147.081
64,64,16,256,255.965
64,64,16,512,468.859
64,64,16,1024,902.07
64,64,16,2048,1756.58
64,64,16,4096,3469.16
64,64,16,8192,6898.34
64,64,32,16,119.977
64,64,32,32,126.761
64,64,32,64,156.436
64,64,32,128,232.488
64,64,32,256,355.025
64,64,32,512,567.513
64,64,32,1024,972.255
64,64,32,2048,1844.02
64,64,32,4096,3570.79
64,64,32,8192,7012.84
64,64,64,16,145.183
64,64,64,32,177.192
64,64,64,64,215.997
64,64,64,128,303.666
64,64,64,256,510.266
64,64,64,512,938.742
64,64,64,1024,1801.12
64,64,64,2048,3522.86
64,64,64,4096,6957.19
64,64,64,8192,13815.3
64,64,128,16,169.875
64,64,128,32,228.765
64,64,128,64,315.868
64,64,128,128,496.432
64,64,128,256,836.289
64,64,128,512,1592.44
64,64,128,1024,3351.51
64,64,128,2048,6969.31
64,64,128,4096,13815.4
64,64,128,8192,23606.2
64,128,0,0,96.233
64,128,1,16,94.026
64,128,1,32,94.2717
64,128,1,64,94.3563
64,128,1,128,94.2287
64,128,1,256,131.7
64,128,1,512,239.955
64,128,1,1024,460.689
64,128,1,2048,891.141
64,128,1,4096,1760.28
64,128,1,8192,3497.63
64,128,2,16,93.1083
64,128,2,32,93.3423
64,128,2,64,93.2353
64,128,2,128,93.7157
64,128,2,256,132.329
64,128,2,512,241.406
64,128,2,1024,459.057
64,128,2,2048,895.073
64,128,2,4096,1765.46
64,128,2,8192,3509.12
64,128,4,16,137.46
64,128,4,32,137.811
64,128,4,64,137.918
64,128,4,128,138.483
64,128,4,256,180.904
64,128,4,512,293.149
64,128,4,1024,517.637
64,128,4,2048,965.856
64,128,4,4096,1862.83
64,128,4,8192,3656.47
64,128,8,16,149.47
64,128,8,32,148.744
64,128,8,64,149.023
64,128,8,128,149.758
64,128,8,256,219.763
64,128,8,512,401.905
64,128,8,1024,772.461
64,128,8,2048,1504.08
64,128,8,4096,2977.09
64,128,8,8192,5916.1
64,128,16,16,149.439
64,128,16,32,148.959
64,128,16,64,149.086
64,128,16,128,149.299
64,128,16,256,220.307
64,128,16,512,403.899
64,128,16,1024,773.144
64,128,16,2048,1507.31
64,128,16,4096,2979.94
64,128,16,8192,5920.6
64,128,32,16,150.207
64,128,32,32,144.992
64,128,32,64,156.724
64,128,32,128,209.299
64,128,32,256,332.253
64,128,32,512,514.021
64,128,32,1024,877.42
64,128,32,2048,1623.03
64,128,32,4096,3103.5
64,128,32,8192,6048.17
64,128,64,16,170.622
64,128,64,32,192.596
64,128,64,64,228.19
64,128,64,128,273.043
64,128,64,256,448.667
64,128,64,512,806.477
64,128,64,1024,1548.33
64,128,64,2048,3021.45
64,128,64,4096,5968.4
64,128,64,8192,11870
64,128,128,16,239.016
64,128,128,32,305.105
64,128,128,64,375.057
64,128,128,128,570.916
64,128,128,256,968.757
64,128,128,512,1847.96
64,128,128,1024,3549.03
64,128,128,2048,6976.52
64,128,128,4096,13813.7
64,128,128,8192,25253.7
64,256,0,0,140.233
64,256,1,16,137.951
64,256,1,32,138.27
64,256,1,64,138.185
64,256,1,128,138.292
64,256,1,256,138.025
64,256,1,512,223.208
64,256,1,1024,424.305
64,256,1,2048,826.37
64,256,1,4096,1632.75
64,256,1,8192,3243.9
64,256,2,16,137.513
64,256,2,32,137.385
64,256,2,64,137.641
64,256,2,128,137.514
64,256,2,256,137.385
64,256,2,512,223.474
64,256,2,1024,424.965
64,256,2,2048,829.783
64,256,2,4096,1637.95
64,256,2,8192,3255.72
64,256,4,16,214.451
64,256,4,32,215.24
64,256,4,64,212.37
64,256,4,128,214.12
64,256,4,256,214.419
64,256,4,512,306.717
64,256,4,1024,514.746
64,256,4,2048,932.289
64,256,4,4096,1764.36
64,256,4,8192,3425.94
64,256,8,16,224.446
64,256,8,32,224.595
64,256,8,64,225.202
64,256,8,128,223.827
64,256,8,256,224.648
64,256,8,512,373.223
64,256,8,1024,714.489
64,256,8,2048,1396.05
64,256,8,4096,2762.48
64,256,8,8192,5482.9
64,256,16,16,224.456
64,256,16,32,225.267
64,256,16,64,224.968
64,256,16,128,225.128
64,256,16,256,225.128
64,256,16,512,374.374
64,256,16,1024,716.632
64,256,16,2048,1399.19
64,256,16,4096,2761.31
64,256,16,8192,5485.49
64,256,32,16,219.688
64,256,32,32,223.88
64,256,32,64,221.224
64,256,32,128,288.786
64,256,32,256,412.955
64,256,32,512,692.912
64,256,32,1024,1125.09
64,256,32,2048,2009.47
64,256,32,4096,3734.52
64,256,32,8192,7139.58
64,256,64,16,306.567
64,256,64,32,329.095
64,256,64,64,353.404
64,256,64,128,421.745
64,256,64,256,531.087
64,256,64,512,950.251
64,256,64,1024,1799.45
64,256,64,2048,3519.36
64,256,64,4096,6956.68
64,256,64,8192,13816.2
64,256,128,16,353.755
64,256,128,32,382.726
64,256,128,64,521.892
64,256,128,128,573.348
64,256,128,256,997.856
64,256,128,512,1819.45
64,256,128,1024,3549.84
64,256,128,2048,6971.34
64,256,128,4096,13809
64,256,128,8192,24355.6
64,512,0,0,269.011
64,512,1,16,266.386
64,512,1,32,266.867
64,512,1,64,266.333
64,512,1,128,266.876
64,512,1,256,266.333
64,512,1,512,266.536
64,512,1,1024,470.896
64,512,1,2048,917.514
64,512,1,4096,1813.25
64,512,1,8192,3605.4
64,512,2,16,265.607
64,512,2,32,265.81
64,512,2,64,265.768
64,512,2,128,265.694
64,512,2,256,265.725
64,512,2,512,265.768
64,512,2,1024,471.92
64,512,2,2048,921.771
64,512,2,4096,1821.82
64,512,2,8192,3621.3
64,512,4,16,428.614
64,512,4,32,428.976
64,512,4,64,428.635
64,512,4,128,429.191
64,512,4,256,428.261
64,512,4,512,428.209
64,512,4,1024,646.393
64,512,4,2048,1110.14
64,512,4,4096,2035.25
64,512,4,8192,3885.17
64,512,8,16,438.075
64,512,8,32,438.222
64,512,8,64,438.545
64,512,8,128,439.43
64,512,8,256,439.089
64,512,8,512,439.323
64,512,8,1024,796.568
64,512,8,2048,1553.47
64,512,8,4096,3071.99
64,512,8,8192,6895.37
64,512,16,16,495.206
64,512,16,32,496.08
64,512,16,64,498.235
64,512,16,128,495.248
64,512,16,256,495.877
64,512,16,512,494.565
64,512,16,1024,899.99
64,512,16,2048,1757.04
64,512,16,4096,3466.29
64,512,16,8192,6893.23
64,512,32,16,492.454
64,512,32,32,491.792
64,512,32,64,493.008
64,512,32,128,491.173
64,512,32,256,503.589
64,512,32,512,870.103
64,512,32,1024,1249.95
64,512,32,2048,2221.26
64,512,32,4096,3944.56
64,512,32,8192,7269.24
64,512,64,16,518.393
64,512,64,32,554.277
64,512,64,64,574.341
64,512,64,128,611.428
64,512,64,256,742.819
64,512,64,512,963.595
64,512,64,1024,1809.95
64,512,64,2048,3519.63
64,512,64,4096,6955.64
64,512,64,8192,13793.9
64,512,128,16,487.194
64,512,128,32,543.674
64,512,128,64,570.682
64,512,128,128,803.671
64,512,128,256,896.747
64,512,128,512,1648.56
64,512,128,1024,3100.39
64,512,128,2048,6177.95
64,512,128,4096,12230.9
64,512,128,8192,24358.7
64,1024,0,0,409.606
64,1024,1,16,407.847
64,1024,1,32,408.081
64,1024,1,64,408.22
64,1024,1,128,407.804
64,1024,1,256,408.177
64,1024,1,512,408.006
64,1024,1,1024,407.878
64,1024,1,2048,759.575
64,1024,1,4096,1499.16
64,1024,1,8192,2980.4
64,1024,2,16,407.046
64,1024,2,32,407.27
64,1024,2,64,407.483
64,1024,2,128,407.131
64,1024,2,256,406.876
64,1024,2,512,407.089
64,1024,2,1024,407.324
64,1024,2,2048,763.085
64,1024,2,4096,2052.18
64,1024,2,8192,4081.18
64,1024,4,16,912.917
64,1024,4,32,913.606
64,1024,4,64,913.846
64,1024,4,128,911.756
64,1024,4,256,913.068
64,1024,4,512,912.843
64,1024,4,1024,911.979
64,1024,4,2048,1421.68
64,1024,4,4096,2464.95
64,1024,4,8192,4554.01
64,1024,8,16,921.995
64,1024,8,32,924.16
64,1024,8,64,924.011
64,1024,8,128,924.843
64,1024,8,256,925.248
64,1024,8,512,923.531
64,1024,8,1024,923.692
64,1024,8,2048,1754.95
64,1024,8,4096,3467.96
64,1024,8,8192,6891.51
64,1024,16,16,924.399
64,1024,16,32,923.915
64,1024,16,64,924.875
64,1024,16,128,926.443
64,1024,16,256,926.134
64,1024,16,512,924.63
64,1024,16,1024,924.15
64,1024,16,2048,1755.42
64,1024,16,4096,3469.83
64,1024,16,8192,6890.72
64,1024,32,16,919.744
64,1024,32,32,917.589
64,1024,32,64,918.742
64,1024,32,128,922.656
64,1024,32,256,918.945
64,1024,32,512,937.13
64,1024,32,1024,1555
64,1024,32,2048,2531.22
64,1024,32,4096,4372.19
64,1024,32,8192,7784.24
64,1024,64,16,945.088
64,1024,64,32,975.723
64,1024,64,64,984.491
64,1024,64,128,1059.31
64,1024,64,256,1162.16
64,1024,64,512,1386.1
64,1024,64,1024,1818.26
64,1024,64,2048,3523.52
64,1024,64,4096,6953.52
64,1024,64,8192,13823.4
64,1024,128,16,1006.07
64,1024,128,32,1036.79
64,1024,128,64,1137.72
64,1024,128,128,1331.81
64,1024,128,256,1644.17
64,1024,128,512,1867.35
64,1024,128,1024,3572
64,1024,128,2048,6968.1
64,1024,128,4096,13812.1
64,1024,128,8192,27494.7
64,2048,0,0,1072.82
64,2048,1,16,1071.25
64,2048,1,32,1071.21
64,2048,1,64,1071.14
64,2048,1,128,1071.12
64,2048,1,256,1071.17
64,2048,1,512,1070.89
64,2048,1,1024,1070.97
64,2048,1,2048,1071
64,2048,1,4096,2041.66
64,2048,1,8192,4057.39
64,2048,2,16,1065.96
64,2048,2,32,1065.7
64,2048,2,64,1065.8
64,2048,2,128,1065.77
64,2048,2,256,1065.97
64,2048,2,512,1066.23
64,2048,2,1024,1065.95
64,2048,2,2048,1066.38
64,2048,2,4096,2052.22
64,2048,2,8192,4080.11
64,2048,4,16,1771.04
64,2048,4,32,1772.74
64,2048,4,64,1772.92
64,2048,4,128,1778.5
64,2048,4,256,1772.39
64,2048,4,512,1770.36
64,2048,4,1024,1772.81
64,2048,4,2048,1771.82
64,2048,4,4096,2803.52
64,2048,4,8192,4899.47
64,2048,8,16,1780.32
64,2048,8,32,1779.72
64,2048,8,64,1780.25
64,2048,8,128,1777.25
64,2048,8,256,1777.87
64,2048,8,512,1778.55
64,2048,8,1024,1780.16
64,2048,8,2048,1778.48
64,2048,8,4096,3467.08
64,2048,8,8192,6890.54
64,2048,16,16,1781.55
64,2048,16,32,1781.8
64,2048,16,64,1782.16
64,2048,16,128,1780.62
64,2048,16,256,1783.17
64,2048,16,512,1779.3
64,2048,16,1024,1780.46
64,2048,16,2048,1779.3
64,2048,16,4096,3471.42
64,2048,16,8192,6892.74
64,2048,32,16,1776.97
64,2048,32,32,1782.23
64,2048,32,64,1779.37
64,2048,32,128,1781.7
64,2048,32,256,1780.47
64,2048,32,512,1782.72
64,2048,32,1024,1786.41
64,2048,32,2048,3485.81
64,2048,32,4096,4999.61
64,2048,32,8192,8426.92
64,2048,64,16,1801.44
64,2048,64,32,1804.44
64,2048,64,64,1856.54
64,2048,64,128,1911.71
64,2048,64,256,2015.59
64,2048,64,512,2236.46
64,2048,64,1024,2662.66
64,2048,64,2048,3533.59
64,2048,64,4096,6974.55
64,2048,64,8192,13832.4
64,2048,128,16,1826.18
64,2048,128,32,1880.54
64,2048,128,64,1957.9
64,2048,128,128,2127.62
64,2048,128,256,2309.4
64,2048,128,512,3147.38
64,2048,128,1024,3592.2
64,2048,128,2048,6991.2
64,2048,128,4096,13820.7
64,2048,128,8192,25734.3
64,4096,0,0,1700.86
64,4096,1,16,1701.81
64,4096,1,32,1698.79
64,4096,1,64,2101.86
64,4096,1,128,2101.77
64,4096,1,256,2101.59
64,4096,1,512,2101.73
64,4096,1,1024,2101.64
64,4096,1,2048,2101.56
64,4096,1,4096,2101.75
64,4096,1,8192,4055.27
64,4096,2,16,2090.62
64,4096,2,32,2091.08
64,4096,2,64,2090.65
64,4096,2,128,2090.83
64,4096,2,256,2090.86
64,4096,2,512,2090.85
64,4096,2,1024,2091.56
64,4096,2,2048,2091.18
64,4096,2,4096,2091.33
64,4096,2,8192,4079.97
64,4096,4,16,3495.57
64,4096,4,32,3489.82
64,4096,4,64,3492.34
64,4096,4,128,3484.37
64,4096,4,256,3493.41
64,4096,4,512,3488.25
64,4096,4,1024,3491.93
64,4096,4,2048,3486.86
64,4096,4,4096,3497.11
64,4096,4,8192,5576.53
64,4096,8,16,3492.18
64,4096,8,32,3491.66
64,4096,8,64,3493.8
64,4096,8,128,3491.27
64,4096,8,256,3493.97
64,4096,8,512,3492.51
64,4096,8,1024,3492.9
64,4096,8,2048,3494.4
64,4096,8,4096,3491.49
64,4096,8,8192,6891.13
64,4096,16,16,3497.23
64,4096,16,32,3500.25
64,4096,16,64,3495.81
64,4096,16,128,3492.94
64,4096,16,256,3497.56
64,4096,16,512,3496.06
64,4096,16,1024,3499.15
64,4096,16,2048,3499.94
64,4096,16,4096,3502.09
64,4096,16,8192,6897.29
64,4096,32,16,3487.76
64,4096,32,32,3491.46
64,4096,32,64,3492.14
64,4096,32,128,3488.34
64,4096,32,256,3494.05
64,4096,32,512,3492.11
64,4096,32,1024,3494.48
64,4096,32,2048,3501.21
64,4096,32,4096,6915.26
64,4096,32,8192,9473.18
64,4096,64,16,3519.64
64,4096,64,32,3526.59
64,4096,64,64,3566.24
64,4096,64,128,3618.45
64,4096,64,256,3660.01
64,4096,64,512,3829.02
64,4096,64,1024,4372.91
64,4096,64,2048,5239.31
64,4096,64,4096,6976.42
64,4096,64,8192,13840.6
64,4096,128,16,3527.92
64,4096,128,32,3647.63
64,4096,128,64,3667.65
64,4096,128,128,3894.3
64,4096,128,256,3990.4
64,4096,128,512,4857.59
64,4096,128,1024,6143.52
64,4096,128,2048,7039.81
64,4096,128,4096,13837.1
64,4096,128,8192,27486.6
64,8192,0,0,4165.22
64,8192,1,16,4161.7
64,8192,1,32,4162.39
64,8192,1,64,4161.81
64,8192,1,128,4162
64,8192,1,256,4162.02
64,8192,1,512,4162.18
64,8192,1,1024,4161.86
64,8192,1,2048,4165.02
64,8192,1,4096,4162.2
64,8192,1,8192,4161.92
64,8192,2,16,4154.47
64,8192,2,32,4154.54
64,8192,2,64,4154.62
64,8192,2,128,4154.56
64,8192,2,256,4154.49
64,8192,2,512,4154.68
64,8192,2,1024,4154.87
64,8192,2,2048,4154.63
64,8192,2,4096,4155.23
64,8192,2,8192,4155.12
64,8192,4,16,6926.44
64,8192,4,32,6919.75
64,8192,4,64,6930.34
64,8192,4,128,6921.45
64,8192,4,256,6928.63
64,8192,4,512,6919.45
64,8192,4,1024,6918.7
64,8192,4,2048,6919.07
64,8192,4,4096,6930.91
64,8192,4,8192,6942.84
64,8192,8,16,6914.56
64,8192,8,32,6913.92
64,8192,8,64,6914.11
64,8192,8,128,6911.21
64,8192,8,256,6914.61
64,8192,8,512,6914.55
64,8192,8,1024,6916.86
64,8192,8,2048,6913.7
64,8192,8,4096,6918.34
64,8192,8,8192,6914.51
64,8192,16,16,6935.56
64,8192,16,32,6933.37
64,8192,16,64,6926.1
64,8192,16,128,6933.56
64,8192,16,256,6929.01
64,8192,16,512,6925.29
64,8192,16,1024,6932.7
64,8192,16,2048,6925.57
64,8192,16,4096,6922.5
64,8192,16,8192,6928.02
64,8192,32,16,6920.34
64,8192,32,32,6925.72
64,8192,32,64,6925.67
64,8192,32,128,6930.86
64,8192,32,256,6923.82
64,8192,32,512,6921.51
64,8192,32,1024,6918.58
64,8192,32,2048,6920.09
64,8192,32,4096,6929.47
64,8192,32,8192,13751.8
64,8192,64,16,6755.82
64,8192,64,32,6776.94
64,8192,64,64,6796.14
64,8192,64,128,7036.02
64,8192,64,256,7165.69
64,8192,64,512,7369.28
64,8192,64,1024,7791.24
64,8192,64,2048,8659.25
64,8192,64,4096,10382.4
64,8192,64,8192,13889.7
64,8192,128,16,6952.8
64,8192,128,32,7016.71
64,8192,128,64,7118.68
64,8192,128,128,7316.95
64,8192,128,256,7400.12
64,8192,128,512,8286.32
64,8192,128,1024,9205.35
64,8192,128,2048,12134.2
64,8192,128,4096,13209.8
64,8192,128,8192,26092.7
128,0,0,0,103.914
128,0,1,16,102.58
128,0,1,32,103.167
128,0,1,64,103.082
128,0,1,128,115.082
128,0,1,256,175.305
128,0,1,512,295.826
128,0,1,1024,537.456
128,0,1,2048,1021.09
128,0,1,4096,1981.42
128,0,1,8192,3900.99
128,0,2,16,103.903
128,0,2,32,102.9
128,0,2,64,102.602
128,0,2,128,126.121
128,0,2,256,184.99
128,0,2,512,304.253
128,0,2,1024,540.602
128,0,2,2048,1017.14
128,0,2,4096,1977.3
128,0,2,8192,3897.83
128,0,4,16,114.527
128,0,4,32,114.505
128,0,4,64,114.58
128,0,4,128,127.551
128,0,4,256,185.822
128,0,4,512,304.071
128,0,4,1024,540.816
128,0,4,2048,1012.94
128,0,4,4096,1960.84
128,0,4,8192,3856.54
128,0,8,16,116.895
128,0,8,32,117.887
128,0,8,64,117.023
128,0,8,128,143.604
128,0,8,256,245.767
128,0,8,512,451.195
128,0,8,1024,857.74
128,0,8,2048,1675.94
128,0,8,4096,3312.39
128,0,8,8192,6581.66
128,0,16,16,132.319
128,0,16,32,131.316
128,0,16,64,131.315
128,0,16,128,159.604
128,0,16,256,242.238
128,0,16,512,461.05
128,0,16,1024,773.464
128,0,16,2048,1678.28
128,0,16,4096,2891.56
128,0,16,8192,5701.92
128,0,32,16,141.236
128,0,32,32,151.273
128,0,32,64,182.1
128,0,32,128,248.338
128,0,32,256,357.564
128,0,32,512,569.007
128,0,32,1024,1001.54
128,0,32,2048,1854.5
128,0,32,4096,3571.59
128,0,32,8192,7010.87
128,0,64,16,180.862
128,0,64,32,202.269
128,0,64,64,247.901
128,0,64,128,351.174
128,0,64,256,550.308
128,0,64,512,976.65
128,0,64,1024,1833.62
128,0,64,2048,3557.94
128,0,64,4096,6994.72
128,0,64,8192,13893.2
128,0,128,16,188.191
128,0,128,32,241.256
128,0,128,64,311.548
128,0,128,128,484.39
128,0,128,256,831.596
128,0,128,512,1519.22
128,0,128,1024,2968.46
128,0,128,2048,5979.41
128,0,128,4096,11852.2
128,0,128,8192,23598.9
128,16,0,0,108.244
128,16,1,16,106.388
128,16,1,32,107.881
128,16,1,64,106.047
128,16,1,128,114.602
128,16,1,256,169.406
128,16,1,512,276.146
128,16,1,1024,495.194
128,16,1,2048,931.244
128,16,1,4096,1802.71
128,16,1,8192,3544.89
128,16,2,16,114.857
128,16,2,32,116.074
128,16,2,64,115.55
128,16,2,128,117.972
128,16,2,256,169.439
128,16,2,512,279.283
128,16,2,1024,496.058
128,16,2,2048,932.736
128,16,2,4096,1802.57
128,16,2,8192,3544.76
128,16,4,16,115.923
128,16,4,32,115.934
128,16,4,64,115.86
128,16,4,128,126.868
128,16,4,256,177.919
128,16,4,512,284.498
128,16,4,1024,499.515
128,16,4,2048,928.843
128,16,4,4096,1786.8
128,16,4,8192,3501.1
128,16,8,16,118.911
128,16,8,32,122.057
128,16,8,64,120.532
128,16,8,128,134.079
128,16,8,256,223.102
128,16,8,512,410.128
128,16,8,1024,908.917
128,16,8,2048,1768.14
128,16,8,4096,3501.1
128,16,8,8192,6950.81
128,16,16,16,155.273
128,16,16,32,166.377
128,16,16,64,163.774
128,16,16,128,207.518
128,16,16,256,305.703
128,16,16,512,505.637
128,16,16,1024,946.486
128,16,16,2048,1813.92
128,16,16,4096,3511.66
128,16,16,8192,6965.59
128,16,32,16,171.775
128,16,32,32,178.676
128,16,32,64,207.72
128,16,32,128,275.026
128,16,32,256,381.67
128,16,32,512,595.737
128,16,32,1024,1023.88
128,16,32,2048,1880.27
128,16,32,4096,3592.46
128,16,32,8192,7018.02
128,16,64,16,180.788
128,16,64,32,229.565
128,16,64,64,260.424
128,16,64,128,372.433
128,16,64,256,567.439
128,16,64,512,988.459
128,16,64,1024,1847.78
128,16,64,2048,3566.71
128,16,64,4096,7003.59
128,16,64,8192,13888.3
128,16,128,16,233.735
128,16,128,32,309.778
128,16,128,64,386.46
128,16,128,128,567.578
128,16,128,256,971.914
128,16,128,512,1757.9
128,16,128,1024,3460.69
128,16,128,2048,6965.24
128,16,128,4096,13799.3
128,16,128,8192,22916.2
128,32,0,0,107.529
128,32,1,16,105.62
128,32,1,32,106.708
128,32,1,64,105.844
128,32,1,128,107.252
128,32,1,256,157.972
128,32,1,512,254.888
128,32,1,1024,453.04
128,32,1,2048,852.61
128,32,1,4096,1647.74
128,32,1,8192,3240.66
128,32,2,16,106.794
128,32,2,32,106.249
128,32,2,64,106.634
128,32,2,128,115.146
128,32,2,256,162.9
128,32,2,512,261.234
128,32,2,1024,457.53
128,32,2,2048,852.396
128,32,2,4096,1648.71
128,32,2,8192,3240.21
128,32,4,16,116.777
128,32,4,32,147.529
128,32,4,64,147.625
128,32,4,128,147.081
128,32,4,256,206.003
128,32,4,512,331.324
128,32,4,1024,582.873
128,32,4,2048,1083.17
128,32,4,4096,2077.88
128,32,4,8192,4077.3
128,32,8,16,151.07
128,32,8,32,152.276
128,32,8,64,151.86
128,32,8,128,152.062
128,32,8,256,261.223
128,32,8,512,476.251
128,32,8,1024,906.465
128,32,8,2048,1769.68
128,32,8,4096,3502.72
128,32,8,8192,6951.65
128,32,16,16,161.139
128,32,16,32,179.156
128,32,16,64,183.049
128,32,16,128,207.773
128,32,16,256,303.431
128,32,16,512,536.346
128,32,16,1024,957.366
128,32,16,2048,1822.29
128,32,16,4096,3526.77
128,32,16,8192,6941.71
128,32,32,16,171.678
128,32,32,32,183.23
128,32,32,64,216.073
128,32,32,128,273.896
128,32,32,256,397.105
128,32,32,512,608.932
128,32,32,1024,1040.64
128,32,32,2048,1894.18
128,32,32,4096,3612.57
128,32,32,8192,7040.74
128,32,64,16,194.825
128,32,64,32,229.288
128,32,64,64,274.632
128,32,64,128,381.585
128,32,64,256,583.481
128,32,64,512,1005.73
128,32,64,1024,1861.55
128,32,64,2048,3576.73
128,32,64,4096,7012.57
128,32,64,8192,13906.5
128,32,128,16,251.88
128,32,128,32,304.711
128,32,128,64,375.324
128,32,128,128,536.943
128,32,128,256,932.886
128,32,128,512,1684.22
128,32,128,1024,3294.84
128,32,128,2048,6602.38
128,32,128,4096,13089.1
128,32,128,8192,26049.7
128,64,0,0,154.175
128,64,1,16,153.791
128,64,1,32,152.543
128,64,1,64,152.159
128,64,1,128,162.003
128,64,1,256,207.699
128,64,1,512,333.895
128,64,1,1024,588.335
128,64,1,2048,1095.01
128,64,1,4096,2109.45
128,64,1,8192,4134.91
128,64,2,16,161.587
128,64,2,32,161.523
128,64,2,64,161.353
128,64,2,128,162.771
128,64,2,256,219.038
128,64,2,512,344.232
128,64,2,1024,594.703
128,64,2,2048,1095.16
128,64,2,4096,2111.78
128,64,2,8192,4139.65
128,64,4,16,173.395
128,64,4,32,174.473
128,64,4,64,174.365
128,64,4,128,175.187
128,64,4,256,218.739
128,64,4,512,343.089
128,64,4,1024,592.676
128,64,4,2048,1092.27
128,64,4,4096,2091.8
128,64,4,8192,4090.07
128,64,8,16,177.033
128,64,8,32,177.843
128,64,8,64,179.251
128,64,8,128,177.161
128,64,8,256,259.485
128,64,8,512,476.176
128,64,8,1024,908.225
128,64,8,2048,1767.48
128,64,8,4096,3494.69
128,64,8,8192,6962.71
128,64,16,16,190.75
128,64,16,32,203.955
128,64,16,64,218.536
128,64,16,128,236.286
128,64,16,256,327.164
128,64,16,512,566.352
128,64,16,1024,967.008
128,64,16,2048,1839.97
128,64,16,4096,3550.14
128,64,16,8192,6992.83
128,64,32,16,191.252
128,64,32,32,243.08
128,64,32,64,232.285
128,64,32,128,289.384
128,64,32,256,421.35
128,64,32,512,633.765
128,64,32,1024,1063.01
128,64,32,2048,1919.97
128,64,32,4096,3630.44
128,64,32,8192,7050.05
128,64,64,16,227.966
128,64,64,32,265.48
128,64,64,64,313.97
128,64,64,128,404.145
128,64,64,256,606.959
128,64,64,512,1028.35
128,64,64,1024,1885.19
128,64,64,2048,3603.68
128,64,64,4096,7040.82
128,64,64,8192,13911.8
128,64,128,16,257.384
128,64,128,32,295.826
128,64,128,64,361.212
128,64,128,128,495.92
128,64,128,256,847.543
128,64,128,512,1562.75
128,64,128,1024,3553.86
128,64,128,2048,6969.02
128,64,128,4096,13809.4
128,64,128,8192,27493.1
128,128,0,0,181.075
128,128,1,16,180.733
128,128,1,32,179.593
128,128,1,64,180.862
128,128,1,128,180.936
128,128,1,256,192.702
128,128,1,512,298.632
128,128,1,1024,508.624
128,128,1,2048,929.643
128,128,1,4096,1776.2
128,128,1,8192,3464.25
128,128,2,16,181.47
128,128,2,32,182.825
128,128,2,64,179.764
128,128,2,128,180.372
128,128,2,256,201.363
128,128,2,512,306.024
128,128,2,1024,513.947
128,128,2,2048,932.726
128,128,2,4096,1774.55
128,128,2,8192,3464.63
128,128,4,16,191.038
128,128,4,32,191.006
128,128,4,64,191.07
128,128,4,128,190.803
128,128,4,256,202.856
128,128,4,512,306.941
128,128,4,1024,514.127
128,128,4,2048,932.998
128,128,4,4096,1761.77
128,128,4,8192,3427.91
128,128,8,16,193.075
128,128,8,32,192.937
128,128,8,64,193.725
128,128,8,128,193.363
128,128,8,256,220.318
128,128,8,512,398.364
128,128,8,1024,758.435
128,128,8,2048,1476.86
128,128,8,4096,2910.97
128,128,8,8192,5784.08
128,128,16,16,204.67
128,128,16,32,218.878
128,128,16,64,218.76
128,128,16,128,252.978
128,128,16,256,338.087
128,128,16,512,499.227
128,128,16,1024,845.963
128,128,16,2048,1583.64
128,128,16,4096,3008.82
128,128,16,8192,5846.36
128,128,32,16,205.608
128,128,32,32,224.318
128,128,32,64,258.76
128,128,32,128,293.159
128,128,32,256,406.065
128,128,32,512,580.805
128,128,32,1024,929.191
128,128,32,2048,1640.27
128,128,32,4096,3065.72
128,128,32,8192,5911.45
128,128,64,16,224.264
128,128,64,32,286.354
128,128,64,64,321.543
128,128,64,128,379.537
128,128,64,256,560.88
128,128,64,512,900.374
128,128,64,1024,1594.55
128,128,64,2048,3042.75
128,128,64,4096,5883.14
128,128,64,8192,11604.2
128,128,128,16,307.036
128,128,128,32,417.51
128,128,128,64,509.574
128,128,128,128,674.264
128,128,128,256,1005.69
128,128,128,512,1837.25
128,128,128,1024,3423.75
128,128,128,2048,6977.9
128,128,128,4096,13807.9
128,128,128,8192,26645.3
128,256,0,0,293.191
128,256,1,16,292.039
128,256,1,32,293.106
128,256,1,64,292.68
128,256,1,128,295.252
128,256,1,256,292.797
128,256,1,512,364.148
128,256,1,1024,596.729
128,256,1,2048,1053.81
128,256,1,4096,1979.11
128,256,1,8192,3817.22
128,256,2,16,292.274
128,256,2,32,292.359
128,256,2,64,292.573
128,256,2,128,293.043
128,256,2,256,292.413
128,256,2,512,376.7
128,256,2,1024,600.047
128,256,2,2048,1055.83
128,256,2,4096,1979.07
128,256,2,8192,3815.8
128,256,4,16,304.082
128,256,4,32,304.232
128,256,4,64,303.261
128,256,4,128,304.434
128,256,4,256,304.529
128,256,4,512,373.351
128,256,4,1024,600.385
128,256,4,2048,1053.76
128,256,4,4096,1961.07
128,256,4,8192,3779.03
128,256,8,16,306.46
128,256,8,32,307.239
128,256,8,64,308.092
128,256,8,128,307.826
128,256,8,256,308.231
128,256,8,512,433.883
128,256,8,1024,824.12
128,256,8,2048,1606.98
128,256,8,4096,3172.79
128,256,8,8192,6303.71
128,256,16,16,318.097
128,256,16,32,328.465
128,256,16,64,338.962
128,256,16,128,369.287
128,256,16,256,442.513
128,256,16,512,630.051
128,256,16,1024,1022.85
128,256,16,2048,1767.02
128,256,16,4096,3381.31
128,256,16,8192,6490.14
128,256,32,16,322.429
128,256,32,32,333.618
128,256,32,64,347.089
128,256,32,128,414.556
128,256,32,256,510.618
128,256,32,512,723.214
128,256,32,1024,1111.79
128,256,32,2048,1891.29
128,256,32,4096,3445.21
128,256,32,8192,6548.93
128,256,64,16,340.871
128,256,64,32,373.478
128,256,64,64,492.944
128,256,64,128,540.986
128,256,64,256,690.979
128,256,64,512,1202.51
128,256,64,1024,2052.68
128,256,64,2048,3736.56
128,256,64,4096,7176.58
128,256,64,8192,14027.4
128,256,128,16,451.878
128,256,128,32,570.863
128,256,128,64,665.444
128,256,128,128,756.888
128,256,128,256,1079.07
128,256,128,512,1851.51
128,256,128,1024,3550.23
128,256,128,2048,6969.4
128,256,128,4096,13811.3
128,256,128,8192,27276.8
128,512,0,0,523.056
128,512,1,16,523.055
128,512,1,32,524.122
128,512,1,64,522.191
128,512,1,128,522.035
128,512,1,256,524.389
128,512,1,512,523.771
128,512,1,1024,721.357
128,512,1,2048,1214.39
128,512,1,4096,2201.6
128,512,1,8192,4172.01
128,512,2,16,522.65
128,512,2,32,522.468
128,512,2,64,522.778
128,512,2,128,523.152
128,512,2,256,522.682
128,512,2,512,523.077
128,512,2,1024,731.735
128,512,2,2048,1218.31
128,512,2,4096,2200.88
128,512,2,8192,4173.46
128,512,4,16,534.97
128,512,4,32,536.133
128,512,4,64,533.829
128,512,4,128,535.535
128,512,4,256,534.907
128,512,4,512,535.162
128,512,4,1024,729.229
128,512,4,2048,1216.69
128,512,4,4096,2184.54
128,512,4,8192,4136.49
128,512,8,16,537.925
128,512,8,32,538.65
128,512,8,64,538.501
128,512,8,128,540.57
128,512,8,256,537.967
128,512,8,512,538.287
128,512,8,1024,883.36
128,512,8,2048,1723.77
128,512,8,4096,3401.99
128,512,8,8192,6758.79
128,512,16,16,550.394
128,512,16,32,561.146
128,512,16,64,571.226
128,512,16,128,598.458
128,512,16,256,666.926
128,512,16,512,787.106
128,512,16,1024,1270.41
128,512,16,2048,2097.16
128,512,16,4096,3828.87
128,512,16,8192,7151.1
128,512,32,16,552.74
128,512,32,32,565.999
128,512,32,64,585.508
128,512,32,128,616.282
128,512,32,256,777.752
128,512,32,512,1008.26
128,512,32,1024,1436.29
128,512,32,2048,2290.49
128,512,32,4096,4007.1
128,512,32,8192,7428.39
128,512,64,16,587.098
128,512,64,32,635.631
128,512,64,64,689.955
128,512,64,128,759.223
128,512,64,256,1040.2
128,512,64,512,1401.45
128,512,64,1024,2267.31
128,512,64,2048,3984.6
128,512,64,4096,7409.99
128,512,64,8192,14240.6
128,512,128,16,558.106
128,512,128,32,667.246
128,512,128,64,753.923
128,512,128,128,943.541
128,512,128,256,1119.46
128,512,128,512,1649.75
128,512,128,1024,3026.38
128,512,128,2048,5905.57
128,512,128,4096,11700.6
128,512,128,8192,23271
128,1024,0,0,698.424
128,1024,1,16,696.611
128,1024,1,32,698.35
128,1024,1,64,699.139
128,1024,1,128,696.28
128,1024,1,256,696.344
128,1024,1,512,696.942
128,1024,1,1024,698.286
128,1024,1,2048,1029.43
128,1024,1,4096,1765.5
128,1024,1,8192,3230.34
128,1024,2,16,697.657
128,1024,2,32,697.57
128,1024,2,64,697.881
128,1024,2,128,697.965
128,1024,2,256,696.269
128,1024,2,512,698.083
128,1024,2,1024,698.2
128,1024,2,2048,1031.89
128,1024,2,4096,1764.01
128,1024,2,8192,3231.73
128,1024,4,16,705.529
128,1024,4,32,706.35
128,1024,4,64,706.018
128,1024,4,128,706.254
128,1024,4,256,707.171
128,1024,4,512,708.483
128,1024,4,1024,706.489
128,1024,4,2048,1031.09
128,1024,4,4096,1756.8
128,1024,4,8192,3199.32
128,1024,8,16,709.485
128,1024,8,32,710.232
128,1024,8,64,709.944
128,1024,8,128,709.954
128,1024,8,256,710.594
128,1024,8,512,713.422
128,1024,8,1024,710.713
128,1024,8,2048,1281.17
128,1024,8,4096,2525.35
128,1024,8,8192,5025.41
128,1024,16,16,710.798
128,1024,16,32,727.309
128,1024,16,64,735.757
128,1024,16,128,757.464
128,1024,16,256,797.591
128,1024,16,512,1237.29
128,1024,16,1024,1595.46
128,1024,16,2048,2651.57
128,1024,16,4096,4365.1
128,1024,16,8192,7693.9
128,1024,32,16,994.186
128,1024,32,32,1009.49
128,1024,32,64,1030.16
128,1024,32,128,1061.41
128,1024,32,256,1126.35
128,1024,32,512,1404.25
128,1024,32,1024,1857.66
128,1024,32,2048,2715.72
128,1024,32,4096,4437.84
128,1024,32,8192,7873.99
128,1024,64,16,1012.85
128,1024,64,32,1088.36
128,1024,64,64,1153.53
128,1024,64,128,1174.71
128,1024,64,256,1366.44
128,1024,64,512,1900.12
128,1024,64,1024,2692.73
128,1024,64,2048,4400.55
128,1024,64,4096,7817.5
128,1024,64,8192,14671.1
128,1024,128,16,1079.74
128,1024,128,32,1207.61
128,1024,128,64,1352.77
128,1024,128,128,1396.53
128,1024,128,256,1928.14
128,1024,128,512,2372.58
128,1024,128,1024,3645.83
128,1024,128,2048,6986.72
128,1024,128,4096,13813.8
128,1024,128,8192,23320.4
128,2048,0,0,1458.92
128,2048,1,16,1820.93
128,2048,1,32,1819.38
128,2048,1,64,1822.65
128,2048,1,128,1820.92
128,2048,1,256,1822.51
128,2048,1,512,1818.37
128,2048,1,1024,1820.42
128,2048,1,2048,1822.09
128,2048,1,4096,2787.04
128,2048,1,8192,4811.28
128,2048,2,16,1822.36
128,2048,2,32,1821.85
128,2048,2,64,1820.04
128,2048,2,128,1820.59
128,2048,2,256,1821.55
128,2048,2,512,1821.53
128,2048,2,1024,1820.99
128,2048,2,2048,1819.62
128,2048,2,4096,2785.4
128,2048,2,8192,4817.58
128,2048,4,16,1835.15
128,2048,4,32,1833.19
128,2048,4,64,1831.76
128,2048,4,128,1834.4
128,2048,4,256,1832.92
128,2048,4,512,1833.31
128,2048,4,1024,1834.11
128,2048,4,2048,1834.12
128,2048,4,4096,2780.37
128,2048,4,8192,4776.29
128,2048,8,16,1837.74
128,2048,8,32,1834.18
128,2048,8,64,1844.38
128,2048,8,128,1837.75
128,2048,8,256,1836.48
128,2048,8,512,1837.23
128,2048,8,1024,1838.12
128,2048,8,2048,1841.85
128,2048,8,4096,3495.34
128,2048,8,8192,6951.6
128,2048,16,16,1849.13
128,2048,16,32,1863.56
128,2048,16,64,1874.7
128,2048,16,128,1907.51
128,2048,16,256,1969.65
128,2048,16,512,2086.38
128,2048,16,1024,2335.5
128,2048,16,2048,3513.93
128,2048,16,4096,4971.17
128,2048,16,8192,8399.89
128,2048,32,16,1848.16
128,2048,32,32,1866.68
128,2048,32,64,1888.67
128,2048,32,128,1917.27
128,2048,32,256,1971.25
128,2048,32,512,2146.63
128,2048,32,1024,2693.03
128,2048,32,2048,3570.98
128,2048,32,4096,5289.21
128,2048,32,8192,8716.77
128,2048,64,16,1865.98
128,2048,64,32,1915.87
128,2048,64,64,1983.02
128,2048,64,128,1998.2
128,2048,64,256,2169.17
128,2048,64,512,2569.9
128,2048,64,1024,3589.6
128,2048,64,2048,5270.48
128,2048,64,4096,8696.36
128,2048,64,8192,15530.2
128,2048,128,16,1974.51
128,2048,128,32,2103.3
128,2048,128,64,2175.99
128,2048,128,128,2307.45
128,2048,128,256,2640.66
128,2048,128,512,3666.06
128,2048,128,1024,4504.07
128,2048,128,2048,7075.01
128,2048,128,4096,13834.9
128,2048,128,8192,27487.8
128,4096,0,0,3535.55
128,4096,1,16,3532.89
128,4096,1,32,3532.63
128,4096,1,64,3530.43
128,4096,1,128,3531.96
128,4096,1,256,3533.59
128,4096,1,512,3531.01
128,4096,1,1024,3531.3
128,4096,1,2048,3531.72
128,4096,1,4096,3531.27
128,4096,1,8192,5507.88
128,4096,2,16,3530.09
128,4096,2,32,3532.27
128,4096,2,64,3529.52
128,4096,2,128,3531.9
128,4096,2,256,3529.87
128,4096,2,512,3531.88
128,4096,2,1024,3530.67
128,4096,2,2048,3530.17
128,4096,2,4096,3531.95
128,4096,2,8192,5514.95
128,4096,4,16,3546.84
128,4096,4,32,3542.18
128,4096,4,64,3542.23
128,4096,4,128,3540.78
128,4096,4,256,3546.55
128,4096,4,512,3542.3
128,4096,4,1024,3544.48
128,4096,4,2048,3545.95
128,4096,4,4096,3543.44
128,4096,4,8192,5486.34
128,4096,8,16,3549.3
128,4096,8,32,3549.66
128,4096,8,64,3547.59
128,4096,8,128,3553.62
128,4096,8,256,3548.15
128,4096,8,512,3549.73
128,4096,8,1024,3549.93
128,4096,8,2048,3549.49
128,4096,8,4096,3552.33
128,4096,8,8192,6942.43
128,4096,16,16,3550.79
128,4096,16,32,3565.89
128,4096,16,64,3579.96
128,4096,16,128,3612.12
128,4096,16,256,3672.84
128,4096,16,512,3798.84
128,4096,16,1024,4050.34
128,4096,16,2048,4550.88
128,4096,16,4096,6481.4
128,4096,16,8192,10347.2
128,4096,32,16,3565.59
128,4096,32,32,3583.67
128,4096,32,64,3602.39
128,4096,32,128,3635.68
128,4096,32,256,3705.82
128,4096,32,512,3929.39
128,4096,32,1024,4271.48
128,4096,32,2048,5261.73
128,4096,32,4096,6998.05
128,4096,32,8192,10429.9
128,4096,64,16,3580.4
128,4096,64,32,3632.1
128,4096,64,64,3680.44
128,4096,64,128,3731.3
128,4096,64,256,3870.81
128,4096,64,512,4213.12
128,4096,64,1024,4969.15
128,4096,64,2048,6994.85
128,4096,64,4096,10384.3
128,4096,64,8192,17237.7
128,4096,128,16,3325.5
128,4096,128,32,3399.84
128,4096,128,64,3800.6
128,4096,128,128,3986.13
128,4096,128,256,4262.61
128,4096,128,512,5374.37
128,4096,128,1024,7069.67
128,4096,128,2048,8789.09
128,4096,128,4096,13973.2
128,4096,128,8192,27522.3
128,8192,0,0,6322.66
128,8192,1,16,6315.82
128,8192,1,32,6325.36
128,8192,1,64,6312.34
128,8192,1,128,6321.07
128,8192,1,256,6321.94
128,8192,1,512,6315.1
128,8192,1,1024,6317.09
128,8192,1,2048,6320.36
128,8192,1,4096,6327.93
128,8192,1,8192,6315.16
128,8192,2,16,6315.06
128,8192,2,32,6319.19
128,8192,2,64,6320.85
128,8192,2,128,6317.41
128,8192,2,256,6316.09
128,8192,2,512,6313.62
128,8192,2,1024,6314.66
128,8192,2,2048,6315.52
128,8192,2,4096,6318.06
128,8192,2,8192,6315.27
128,8192,4,16,6324.69
128,8192,4,32,6326.75
128,8192,4,64,6324.16
128,8192,4,128,6330.55
128,8192,4,256,6325.6
128,8192,4,512,6327.79
128,8192,4,1024,6326.08
128,8192,4,2048,6329.54
128,8192,4,4096,6328.8
128,8192,4,8192,6324.95
128,8192,8,16,6331.8
128,8192,8,32,6330.61
128,8192,8,64,6332.08
128,8192,8,128,6333.06
128,8192,8,256,6330.97
128,8192,8,512,6332.87
128,8192,8,1024,6334.37
128,8192,8,2048,6332.14
128,8192,8,4096,6334.81
128,8192,8,8192,6331.63
128,8192,16,16,6344.64
128,8192,16,32,6351.71
128,8192,16,64,6370.77
128,8192,16,128,6385.66
128,8192,16,256,6444.36
128,8192,16,512,6563.32
128,8192,16,1024,6790.88
128,8192,16,2048,7235.73
128,8192,16,4096,8164.99
128,8192,16,8192,12534.7
128,8192,32,16,6341.7
128,8192,32,32,6356.59
128,8192,32,64,6375.22
128,8192,32,128,6409.73
128,8192,32,256,6469.15
128,8192,32,512,6604.31
128,8192,32,1024,6894.47
128,8192,32,2048,7695.92
128,8192,32,4096,9465.22
128,8192,32,8192,12581.5
128,8192,64,16,6359.16
128,8192,64,32,6392.16
128,8192,64,64,6450.18
128,8192,64,128,6495.69
128,8192,64,256,6654.11
128,8192,64,512,6933.58
128,8192,64,1024,8211.55
128,8192,64,2048,9786.8
128,8192,64,4096,13840.8
128,8192,64,8192,20664.5
128,8192,128,16,7062.46
128,8192,128,32,7195.84
128,8192,128,64,7265.1
128,8192,128,128,7437.16
128,8192,128,256,7737.31
128,8192,128,512,8636.81
128,8192,128,1024,10072.9
128,8192,128,2048,13944.8
128,8192,128,4096,17344.3
128,8192,128,8192,25237
256,0,0,0,257.618
256,0,1,16,263.965
256,0,1,32,270.163
256,0,1,64,281.33
256,0,1,128,275.208
256,0,1,256,273.181
256,0,1,512,354.226
256,0,1,1024,558.074
256,0,1,2048,969.131
256,0,1,4096,1816.47
256,0,1,8192,3492.37
256,0,2,16,269.662
256,0,2,32,277.458
256,0,2,64,271.624
256,0,2,128,275.549
256,0,2,256,280.456
256,0,2,512,383.815
256,0,2,1024,589.817
256,0,2,2048,1149.4
256,0,2,4096,2172.81
256,0,2,8192,3496.29
256,0,4,16,270.408
256,0,4,32,262.632
256,0,4,64,292.605
256,0,4,128,285.917
256,0,4,256,293.821
256,0,4,512,447.867
256,0,4,1024,678.467
256,0,4,2048,1343.46
256,0,4,4096,1865.8
256,0,4,8192,4293.23
256,0,8,16,292.945
256,0,8,32,286.952
256,0,8,64,297.181
256,0,8,128,303.794
256,0,8,256,324.998
256,0,8,512,468.677
256,0,8,1024,869.239
256,0,8,2048,1545.64
256,0,8,4096,2931.4
256,0,8,8192,5692.49
256,0,16,16,273.896
256,0,16,32,273.352
256,0,16,64,296.775
256,0,16,128,309.895
256,0,16,256,376.828
256,0,16,512,549.381
256,0,16,1024,899.115
256,0,16,2048,1602.17
256,0,16,4096,3011.74
256,0,16,8192,5811.28
256,0,32,16,274.706
256,0,32,32,307.805
256,0,32,64,374.224
256,0,32,128,421.052
256,0,32,256,525.339
256,0,32,512,813.805
256,0,32,1024,1242.46
256,0,32,2048,2111.37
256,0,32,4096,3814.81
256,0,32,8192,7261.73
256,0,64,16,361.905
256,0,64,32,393.926
256,0,64,64,430.193
256,0,64,128,505.946
256,0,64,256,726.286
256,0,64,512,1112.34
256,0,64,1024,1965.5
256,0,64,2048,3686.31
256,0,64,4096,7133.02
256,0,64,8192,14019.8
256,0,128,16,417.574
256,0,128,32,487.888
256,0,128,64,563.61
256,0,128,128,723.448
256,0,128,256,1080.18
256,0,128,512,1841.24
256,0,128,1024,3403.56
256,0,128,2048,6803.2
256,0,128,4096,13418.7
256,0,128,8192,27501.7
256,16,0,0,300.497
256,16,1,16,328.326
256,16,1,32,333.362
256,16,1,64,324.082
256,16,1,128,317.596
256,16,1,256,326.429
256,16,1,512,418.941
256,16,1,1024,609.86
256,16,1,2048,1080.96
256,16,1,4096,1976.12
256,16,1,8192,4676.27
256,16,2,16,332.594
256,16,2,32,324.722
256,16,2,64,326.642
256,16,2,128,322.215
256,16,2,256,355.399
256,16,2,512,466.043
256,16,2,1024,641.86
256,16,2,2048,1112.15
256,16,2,4096,2418.84
256,16,2,8192,3887.46
256,16,4,16,330.684
256,16,4,32,339.196
256,16,4,64,320.625
256,16,4,128,341.745
256,16,4,256,372.894
256,16,4,512,483.269
256,16,4,1024,785.955
256,16,4,2048,1337.13
256,16,4,4096,2451
256,16,4,8192,4780.16
256,16,8,16,327.431
256,16,8,32,347.857
256,16,8,64,339.516
256,16,8,128,364.924
256,16,8,256,374.204
256,16,8,512,539.685
256,16,8,1024,879.244
256,16,8,2048,1687.64
256,16,8,4096,3600.78
256,16,8,8192,7016.2
256,16,16,16,371.388
256,16,16,32,381.852
256,16,16,64,361.767
256,16,16,128,410.502
256,16,16,256,476.432
256,16,16,512,690.893
256,16,16,1024,1122.41
256,16,16,2048,1964.19
256,16,16,4096,3686.02
256,16,16,8192,7109.48
256,16,32,16,365.052
256,16,32,32,416.774
256,16,32,64,422.491
256,16,32,128,455.793
256,16,32,256,556.453
256,16,32,512,876.748
256,16,32,1024,1286.94
256,16,32,2048,2141.79
256,16,32,4096,3842.7
256,16,32,8192,7294.53
256,16,64,16,412.327
256,16,64,32,460.208
256,16,64,64,483.461
256,16,64,128,544.25
256,16,64,256,748.258
256,16,64,512,1142.22
256,16,64,1024,1993.55
256,16,64,2048,3703.05
256,16,64,4096,7136.7
256,16,64,8192,13997.7
256,16,128,16,410.79
256,16,128,32,476.048
256,16,128,64,549.018
256,16,128,128,676.142
256,16,128,256,1021.39
256,16,128,512,1709.63
256,16,128,1024,3207.4
256,16,128,2048,6433.83
256,16,128,4096,12752.6
256,16,128,8192,25397.7
256,32,0,0,321.394
256,32,1,16,320.764
256,32,1,32,320.562
256,32,1,64,310.396
256,32,1,128,312.359
256,32,1,256,322.002
256,32,1,512,392.901
256,32,1,1024,592.484
256,32,1,2048,1013.79
256,32,1,4096,1873.29
256,32,1,8192,3522.49
256,32,2,16,310.226
256,32,2,32,314.141
256,32,2,64,318.994
256,32,2,128,305.959
256,32,2,256,339.409
256,32,2,512,428.774
256,32,2,1024,672.195
256,32,2,2048,1051.52
256,32,2,4096,1892.09
256,32,2,8192,3561.84
256,32,4,16,394.3
256,32,4,32,410.117
256,32,4,64,401.958
256,32,4,128,399.259
256,32,4,256,425.286
256,32,4,512,532.944
256,32,4,1024,960.373
256,32,4,2048,1494.27
256,32,4,4096,2344
256,32,4,8192,4342.27
256,32,8,16,410.96
256,32,8,32,409.68
256,32,8,64,426.086
256,32,8,128,420.017
256,32,8,256,455.419
256,32,8,512,671.32
256,32,8,1024,1066.25
256,32,8,2048,1932.25
256,32,8,4096,3687.2
256,32,8,8192,7095.46
256,32,16,16,380.188
256,32,16,32,406.395
256,32,16,64,437.542
256,32,16,128,451.558
256,32,16,256,491.269
256,32,16,512,708.191
256,32,16,1024,1136.32
256,32,16,2048,1953.82
256,32,16,4096,3700.26
256,32,16,8192,7088.44
256,32,32,16,389.33
256,32,32,32,407.75
256,32,32,64,448.859
256,32,32,128,467.749
256,32,32,256,566.287
256,32,32,512,890.177
256,32,32,1024,1324.21
256,32,32,2048,2171.64
256,32,32,4096,3905.28
256,32,32,8192,7352.24
256,32,64,16,434.705
256,32,64,32,462.726
256,32,64,64,499.738
256,32,64,128,574.916
256,32,64,256,752.984
256,32,64,512,1182.26
256,32,64,1024,2015.5
256,32,64,2048,3717.89
256,32,64,4096,7159.75
256,32,64,8192,14057.9
256,32,128,16,425.724
256,32,128,32,461.904
256,32,128,64,544.719
256,32,128,128,687.886
256,32,128,256,1006.28
256,32,128,512,1642.46
256,32,128,1024,3043.97
256,32,128,2048,6037.2
256,32,128,4096,12231.6
256,32,128,8192,22866.8
256,64,0,0,404.71
256,64,1,16,408.539
256,64,1,32,401.147
256,64,1,64,422.075
256,64,1,128,407.814
256,64,1,256,405.883
256,64,1,512,516.037
256,64,1,1024,742.286
256,64,1,2048,1250.19
256,64,1,4096,2309.73
256,64,1,8192,4290.42
256,64,2,16,448.571
256,64,2,32,459.441
256,64,2,64,444.392
256,64,2,128,459.867
256,64,2,256,446.032
256,64,2,512,538.778
256,64,2,1024,791.565
256,64,2,2048,1285.21
256,64,2,4096,2256.98
256,64,2,8192,4272.78
256,64,4,16,448.39
256,64,4,32,448.784
256,64,4,64,443.6
256,64,4,128,441.862
256,64,4,256,470.352
256,64,4,512,641.155
256,64,4,1024,936.246
256,64,4,2048,1323.79
256,64,4,4096,3234.07
256,64,4,8192,4367.93
256,64,8,16,458.192
256,64,8,32,478.725
256,64,8,64,480.411
256,64,8,128,477.573
256,64,8,256,499.024
256,64,8,512,710.648
256,64,8,1024,1137.51
256,64,8,2048,2003.35
256,64,8,4096,3704.58
256,64,8,8192,7176.1
256,64,16,16,473.723
256,64,16,32,469.776
256,64,16,64,482.981
256,64,16,128,487.898
256,64,16,256,522.277
256,64,16,512,744.621
256,64,16,1024,1178.44
256,64,16,2048,2026.98
256,64,16,4096,3742.29
256,64,16,8192,7161.54
256,64,32,16,475.408
256,64,32,32,469.798
256,64,32,64,497.072
256,64,32,128,539.354
256,64,32,256,604.003
256,64,32,512,896.076
256,64,32,1024,1387.71
256,64,32,2048,2246.1
256,64,32,4096,3953.9
256,64,32,8192,7448.59
256,64,64,16,474.075
256,64,64,32,532.751
256,64,64,64,562.991
256,64,64,128,641.796
256,64,64,256,805.143
256,64,64,512,1230.4
256,64,64,1024,2049.55
256,64,64,2048,3764.73
256,64,64,4096,7199.8
256,64,64,8192,14089.1
256,64,128,16,436.102
256,64,128,32,488.304
256,64,128,64,558.597
256,64,128,128,685.401
256,64,128,256,982.186
256,64,128,512,1876.27
256,64,128,1024,3525.03
256,64,128,2048,6686.85
256,64,128,4096,13810.8
256,64,128,8192,24615.3
256,128,0,0,446.758
256,128,1,16,465.243
256,128,1,32,473.328
256,128,1,64,469.19
256,128,1,128,459.493
256,128,1,256,462.576
256,128,1,512,489.136
256,128,1,1024,715.128
256,128,1,2048,1145.63
256,128,1,4096,1947.44
256,128,1,8192,4369.59
256,128,2,16,474.8
256,128,2,32,476.977
256,128,2,64,472.049
256,128,2,128,467.216
256,128,2,256,461.83
256,128,2,512,515.568
256,128,2,1024,772.28
256,128,2,2048,1267.88
256,128,2,4096,1966.74
256,128,2,8192,3671.46
256,128,4,16,471.035
256,128,4,32,474.321
256,128,4,64,465.093
256,128,4,128,471.803
256,128,4,256,485.456
256,128,4,512,579.033
256,128,4,1024,759.042
256,128,4,2048,1309.32
256,128,4,4096,2696.36
256,128,4,8192,4467.91
256,128,8,16,473.114
256,128,8,32,483.024
256,128,8,64,496.931
256,128,8,128,499.13
256,128,8,256,496.56
256,128,8,512,619.555
256,128,8,1024,943.135
256,128,8,2048,1606.78
256,128,8,4096,3117.53
256,128,8,8192,5954.29
256,128,16,16,456.197
256,128,16,32,488.998
256,128,16,64,472.474
256,128,16,128,479.451
256,128,16,256,510.886
256,128,16,512,708.206
256,128,16,1024,1058.59
256,128,16,2048,1773.48
256,128,16,4096,3204.16
256,128,16,8192,6058.44
256,128,32,16,477.168
256,128,32,32,497.359
256,128,32,64,502.706
256,128,32,128,534.757
256,128,32,256,591.599
256,128,32,512,837.73
256,128,32,1024,1232.34
256,128,32,2048,1968.68
256,128,32,4096,3430.45
256,128,32,8192,6232.95
256,128,64,16,506.566
256,128,64,32,533.498
256,128,64,64,544.431
256,128,64,128,622.585
256,128,64,256,750.115
256,128,64,512,1129.72
256,128,64,1024,1764.89
256,128,64,2048,3155.55
256,128,64,4096,6033.93
256,128,64,8192,11773.5
256,128,128,16,624.218
256,128,128,32,705.09
256,128,128,64,777.314
256,128,128,128,913.611
256,128,128,256,1263.08
256,128,128,512,1992.47
256,128,128,1024,3557.23
256,128,128,2048,6971.15
256,128,128,4096,13817
256,128,128,8192,26983.7
256,256,0,0,683.096
256,256,1,16,699.427
256,256,1,32,703.341
256,256,1,64,710.221
256,256,1,128,716.057
256,256,1,256,694.968
256,256,1,512,716.963
256,256,1,1024,925.654
256,256,1,2048,1390.63
256,256,1,4096,2327.92
256,256,1,8192,4195.5
256,256,2,16,702.168
256,256,2,32,708.707
256,256,2,64,720.109
256,256,2,128,714.2
256,256,2,256,722.055
256,256,2,512,707.586
256,256,2,1024,906.198
256,256,2,2048,1324.3
256,256,2,4096,2330.82
256,256,2,8192,4244.61
256,256,4,16,719.458
256,256,4,32,719.65
256,256,4,64,715.853
256,256,4,128,706.808
256,256,4,256,714.328
256,256,4,512,753.58
256,256,4,1024,1024.02
256,256,4,2048,1420.76
256,256,4,4096,2744.42
256,256,4,8192,5830.45
256,256,8,16,725.837
256,256,8,32,730.979
256,256,8,64,729.272
256,256,8,128,746.477
256,256,8,256,751.865
256,256,8,512,821.984
256,256,8,1024,1219.56
256,256,8,2048,2006.55
256,256,8,4096,3587.27
256,256,8,8192,6623.8
256,256,16,16,720.728
256,256,16,32,734.157
256,256,16,64,728.248
256,256,16,128,763.191
256,256,16,256,777.314
256,256,16,512,859.052
256,256,16,1024,1373.49
256,256,16,2048,2171.88
256,256,16,4096,3742.58
256,256,16,8192,6901.45
256,256,32,16,713.166
256,256,32,32,740.888
256,256,32,64,768.215
256,256,32,128,789.666
256,256,32,256,849.964
256,256,32,512,1097.33
256,256,32,1024,1636.25
256,256,32,2048,2470.29
256,256,32,4096,4045.68
256,256,32,8192,7183.71
256,256,64,16,752.92
256,256,64,32,796.972
256,256,64,64,826.274
256,256,64,128,908.353
256,256,64,256,1006.83
256,256,64,512,1548.07
256,256,64,1024,2410.11
256,256,64,2048,3895.95
256,256,64,4096,7345.33
256,256,64,8192,14252.4
256,256,128,16,699.448
256,256,128,32,737.848
256,256,128,64,788.92
256,256,128,128,908.299
256,256,128,256,1196.23
256,256,128,512,1759.23
256,256,128,1024,2913.62
256,256,128,2048,5631.39
256,256,128,4096,11152.5
256,256,128,8192,22203.1
256,512,0,0,945.226
256,512,1,16,960.682
256,512,1,32,960.501
256,512,1,64,965.003
256,512,1,128,976.075
256,512,1,256,960.864
256,512,1,512,963.413
256,512,1,1024,1029.76
256,512,1,2048,1531.57
256,512,1,4096,2209.9
256,512,1,8192,4612.43
256,512,2,16,976.22
256,512,2,32,977.684
256,512,2,64,977.515
256,512,2,128,975.21
256,512,2,256,967.334
256,512,2,512,973.95
256,512,2,1024,1044.88
256,512,2,2048,1452.96
256,512,2,4096,2279.95
256,512,2,8192,4550.36
256,512,4,16,977.601
256,512,4,32,972.864
256,512,4,64,966.07
256,512,4,128,990.101
256,512,4,256,982.559
256,512,4,512,991.275
256,512,4,1024,1110.67
256,512,4,2048,1680.1
256,512,4,4096,2859.73
256,512,4,8192,5335.87
256,512,8,16,972.832
256,512,8,32,989.099
256,512,8,64,998.666
256,512,8,128,1005.59
256,512,8,256,1003.6
256,512,8,512,996.383
256,512,8,1024,1185.34
256,512,8,2048,1928.91
256,512,8,4096,3318.94
256,512,8,8192,6007.28
256,512,16,16,981.782
256,512,16,32,978.912
256,512,16,64,989.783
256,512,16,128,987.348
256,512,16,256,1029.62
256,512,16,512,1022.87
256,512,16,1024,1453.24
256,512,16,2048,2248.55
256,512,16,4096,3624
256,512,16,8192,6399.04
256,512,32,16,976.129
256,512,32,32,1235.72
256,512,32,64,1272.34
256,512,32,128,1282.83
256,512,32,256,1245.71
256,512,32,512,1586.08
256,512,32,1024,1999.58
256,512,32,2048,2995.78
256,512,32,4096,4701.83
256,512,32,8192,8158.39
256,512,64,16,1242.42
256,512,64,32,1289.69
256,512,64,64,1320.39
256,512,64,128,1376.82
256,512,64,256,1521.58
256,512,64,512,1861.5
256,512,64,1024,2828.39
256,512,64,2048,4434.45
256,512,64,4096,7558.64
256,512,64,8192,14471.1
256,512,128,16,1021.63
256,512,128,32,1071.79
256,512,128,64,1136.29
256,512,128,128,1285.06
256,512,128,256,1489.82
256,512,128,512,2086
256,512,128,1024,3276
256,512,128,2048,5639.69
256,512,128,4096,11154.6
256,512,128,8192,22204.4
256,1024,0,0,1648.93
256,1024,1,16,1634.95
256,1024,1,32,1638.83
256,1024,1,64,1652.38
256,1024,1,128,1639.42
256,1024,1,256,1646.02
256,1024,1,512,1639.75
256,1024,1,1024,1639.39
256,1024,1,2048,1932.07
256,1024,1,4096,2769.23
256,1024,1,8192,4399.88
256,1024,2,16,1666.22
256,1024,2,32,1658.61
256,1024,2,64,1652.71
256,1024,2,128,1666.55
256,1024,2,256,1665.68
256,1024,2,512,1652.43
256,1024,2,1024,1661.14
256,1024,2,2048,1940.07
256,1024,2,4096,2744.61
256,1024,2,8192,4364.76
256,1024,4,16,1662.32
256,1024,4,32,1669.2
256,1024,4,64,1656.54
256,1024,4,128,1664.66
256,1024,4,256,1653.89
256,1024,4,512,1655.29
256,1024,4,1024,1649.72
256,1024,4,2048,2046.01
256,1024,4,4096,3544.23
256,1024,4,8192,5067.16
256,1024,8,16,1675.09
256,1024,8,32,1681.58
256,1024,8,64,1683.66
256,1024,8,128,1698.62
256,1024,8,256,1700.76
256,1024,8,512,1696.93
256,1024,8,1024,1699.82
256,1024,8,2048,2276.19
256,1024,8,4096,3655.94
256,1024,8,8192,6429.61
256,1024,16,16,1680.13
256,1024,16,32,2071.52
256,1024,16,64,2098.43
256,1024,16,128,2087.19
256,1024,16,256,2127.14
256,1024,16,512,2128.16
256,1024,16,1024,2125.36
256,1024,16,2048,3407.21
256,1024,16,4096,5349.32
256,1024,16,8192,8756.77
256,1024,32,16,2080.81
256,1024,32,32,2076.51
256,1024,32,64,2104.95
256,1024,32,128,2142.48
256,1024,32,256,2116.03
256,1024,32,512,2108.05
256,1024,32,1024,2868.35
256,1024,32,2048,3616.06
256,1024,32,4096,5621.18
256,1024,32,8192,9058.45
256,1024,64,16,2090.75
256,1024,64,32,2139.85
256,1024,64,64,2183.46
256,1024,64,128,2250.78
256,1024,64,256,2331.13
256,1024,64,512,2603.47
256,1024,64,1024,3583.29
256,1024,64,2048,5394.16
256,1024,64,4096,8457.14
256,1024,64,8192,14890.1
256,1024,128,16,1939.34
256,1024,128,32,1997.6
256,1024,128,64,2042.95
256,1024,128,128,2160.66
256,1024,128,256,2322.6
256,1024,128,512,3056.22
256,1024,128,1024,4246.95
256,1024,128,2048,7221.53
256,1024,128,4096,12544.4
256,1024,128,8192,24968.1
256,2048,0,0,3415.64
256,2048,1,16,3392.76
256,2048,1,32,3424.23
256,2048,1,64,3415.07
256,2048,1,128,3417.07
256,2048,1,256,3397.21
256,2048,1,512,3407.82
256,2048,1,1024,3408.54
256,2048,1,2048,3397.19
256,2048,1,4096,4213.37
256,2048,1,8192,6029.2
256,2048,2,16,3413.32
256,2048,2,32,3413.36
256,2048,2,64,3420.97
256,2048,2,128,3412.25
256,2048,2,256,3422.61
256,2048,2,512,3423.27
256,2048,2,1024,3403.37
256,2048,2,2048,3416.95
256,2048,2,4096,4214.66
256,2048,2,8192,6027.92
256,2048,4,16,3422.79
256,2048,4,32,3419.76
256,2048,4,64,3425.02
256,2048,4,128,3427.55
256,2048,4,256,3423.39
256,2048,4,512,3449.14
256,2048,4,1024,3430.88
256,2048,4,2048,3429.43
256,2048,4,4096,4823.87
256,2048,4,8192,8074.46
256,2048,8,16,3778.69
256,2048,8,32,3782.22
256,2048,8,64,3788.11
256,2048,8,128,3806.42
256,2048,8,256,3800.29
256,2048,8,512,3805.67
256,2048,8,1024,3809.98
256,2048,8,2048,3806.57
256,2048,8,4096,5385.84
256,2048,8,8192,8829.61
256,2048,16,16,3785.49
256,2048,16,32,3781.53
256,2048,16,64,3800.62
256,2048,16,128,3818.35
256,2048,16,256,3828.13
256,2048,16,512,3826.7
256,2048,16,1024,3848.03
256,2048,16,2048,3836.22
256,2048,16,4096,6927.57
256,2048,16,8192,10466.4
256,2048,32,16,3786.43
256,2048,32,32,3800.65
256,2048,32,64,3811.6
256,2048,32,128,3856.27
256,2048,32,256,3831.06
256,2048,32,512,3829.45
256,2048,32,1024,3827.52
256,2048,32,2048,5406.22
256,2048,32,4096,6595.28
256,2048,32,8192,10977.4
256,2048,64,16,3799.34
256,2048,64,32,3839.33
256,2048,64,64,3856.67
256,2048,64,128,3912.38
256,2048,64,256,4019.98
256,2048,64,512,4259.57
256,2048,64,1024,4727.4
256,2048,64,2048,7008.17
256,2048,64,4096,10515.2
256,2048,64,8192,16083.9
256,2048,128,16,3500.52
256,2048,128,32,3517.15
256,2048,128,64,3610.03
256,2048,128,128,3726.14
256,2048,128,256,3875.8
256,2048,128,512,4297.13
256,2048,128,1024,5738.23
256,2048,128,2048,8168.42
256,2048,128,4096,14209
256,2048,128,8192,21262.6
256,4096,0,0,5546.02
256,4096,1,16,5531.86
256,4096,1,32,5528.57
256,4096,1,64,5549.15
256,4096,1,128,5542.27
256,4096,1,256,5542.57
256,4096,1,512,5539.95
256,4096,1,1024,5543.04
256,4096,1,2048,5550.9
256,4096,1,4096,5540.38
256,4096,1,8192,6963.98
256,4096,2,16,5534.52
256,4096,2,32,5540.35
256,4096,2,64,7181.07
256,4096,2,128,7175
256,4096,2,256,7166.33
256,4096,2,512,7170.97
256,4096,2,1024,7181.99
256,4096,2,2048,7168.42
256,4096,2,4096,7176.24
256,4096,2,8192,9050.4
256,4096,4,16,7174.94
256,4096,4,32,7180.21
256,4096,4,64,7184.52
256,4096,4,128,7177.1
256,4096,4,256,7186.7
256,4096,4,512,7185.55
256,4096,4,1024,7183.6
256,4096,4,2048,7182.19
256,4096,4,4096,7176.8
256,4096,4,8192,9553.93
256,4096,8,16,7201.5
256,4096,8,32,7206.13
256,4096,8,64,7203.17
256,4096,8,128,7227.3
256,4096,8,256,7228.94
256,4096,8,512,7225.13
256,4096,8,1024,7226.92
256,4096,8,2048,7223.24
256,4096,8,4096,7222.38
256,4096,8,8192,10513
256,4096,16,16,7200.87
256,4096,16,32,7201.9
256,4096,16,64,7214.31
256,4096,16,128,7241.57
256,4096,16,256,7261.15
256,4096,16,512,7252.11
256,4096,16,1024,7254.06
256,4096,16,2048,7264.89
256,4096,16,4096,7265.68
256,4096,16,8192,13778.1
256,4096,32,16,7209.83
256,4096,32,32,7217.54
256,4096,32,64,7250.18
256,4096,32,128,7258.94
256,4096,32,256,7231.77
256,4096,32,512,7233.65
256,4096,32,1024,7237.61
256,4096,32,2048,7244.7
256,4096,32,4096,10540.1
256,4096,32,8192,13641
256,4096,64,16,6565.77
256,4096,64,32,6600.55
256,4096,64,64,6622.79
256,4096,64,128,6673.63
256,4096,64,256,6791.87
256,4096,64,512,6970.44
256,4096,64,1024,7371.07
256,4096,64,2048,8192.2
256,4096,64,4096,12570.9
256,4096,64,8192,16981.7
256,4096,128,16,4879.47
256,4096,128,32,4909.43
256,4096,128,64,4943.04
256,4096,128,128,5036.4
256,4096,128,256,5173.8
256,4096,128,512,5457.47
256,4096,128,1024,6034.87
256,4096,128,2048,8261.51
256,4096,128,4096,11806.6
256,4096,128,8192,20818.2
256,8192,0,0,11480.9
256,8192,1,16,11468.3
256,8192,1,32,11488
256,8192,1,64,11491.4
256,8192,1,128,11500
256,8192,1,256,11482.7
256,8192,1,512,11483.8
256,8192,1,1024,11477.8
256,8192,1,2048,11477.5
256,8192,1,4096,11475.5
256,8192,1,8192,11487.7
256,8192,2,16,11468.7
256,8192,2,32,11471.2
256,8192,2,64,11475.8
256,8192,2,128,11471.3
256,8192,2,256,11489.7
256,8192,2,512,11470
256,8192,2,1024,11480.5
256,8192,2,2048,11494.1
256,8192,2,4096,11474.5
256,8192,2,8192,11483.7
256,8192,4,16,11491.7
256,8192,4,32,11499.2
256,8192,4,64,11508.2
256,8192,4,128,11512.8
256,8192,4,256,11513.5
256,8192,4,512,11511.7
256,8192,4,1024,11510.8
256,8192,4,2048,11513.9
256,8192,4,4096,11517.4
256,8192,4,8192,11515.9
256,8192,8,16,11494.3
256,8192,8,32,11497.6
256,8192,8,64,11518
256,8192,8,128,11531.1
256,8192,8,256,11529.5
256,8192,8,512,11526.4
256,8192,8,1024,11533
256,8192,8,2048,11531
256,8192,8,4096,11533.7
256,8192,8,8192,11528.3
256,8192,16,16,11498.6
256,8192,16,32,11508.3
256,8192,16,64,11524.8
256,8192,16,128,11546.1
256,8192,16,256,11565.8
256,8192,16,512,11548.8
256,8192,16,1024,11557.5
256,8192,16,2048,11558.9
256,8192,16,4096,11553.8
256,8192,16,8192,11549.7
256,8192,32,16,11493.6
256,8192,32,32,11529.1
256,8192,32,64,11541.9
256,8192,32,128,11570.5
256,8192,32,256,11541.2
256,8192,32,512,11553
256,8192,32,1024,11537.3
256,8192,32,2048,11543.1
256,8192,32,4096,11544.5
256,8192,32,8192,17079.5
256,8192,64,16,11524.4
256,8192,64,32,11542.8
256,8192,64,64,11578.9
256,8192,64,128,11632.6
256,8192,64,256,11720.7
256,8192,64,512,11899.6
256,8192,64,1024,14548.4
256,8192,64,2048,12395.9
256,8192,64,4096,13215.4
256,8192,64,8192,20714.2
256,8192,128,16,8405.66
256,8192,128,32,8434.46
256,8192,128,64,8492.13
256,8192,128,128,8554.14
256,8192,128,256,8686.27
256,8192,128,512,8937.06
256,8192,128,1024,9458.61
256,8192,128,2048,10500.7
256,8192,128,4096,14486.9
256,8192,128,8192,19633
512,0,0,0,560.644
512,0,1,16,555.45
512,0,1,32,569.711
512,0,1,64,556.635
512,0,1,128,563.415
512,0,1,256,562.64
512,0,1,512,565.914
512,0,1,1024,664.195
512,0,1,2048,977.995
512,0,1,4096,1536.6
512,0,1,8192,3118.37
512,0,2,16,564.666
512,0,2,32,553.401
512,0,2,64,560.944
512,0,2,128,557.434
512,0,2,256,562.862
512,0,2,512,572.335
512,0,2,1024,695.843
512,0,2,2048,1004.33
512,0,2,4096,1589.12
512,0,2,8192,3189.52
512,0,4,16,559.023
512,0,4,32,561.861
512,0,4,64,556.592
512,0,4,128,568.421
512,0,4,256,550.5
512,0,4,512,573.488
512,0,4,1024,751.107
512,0,4,2048,1071.54
512,0,4,4096,2265.1
512,0,4,8192,4242.37
512,0,8,16,562.778
512,0,8,32,561.861
512,0,8,64,563.045
512,0,8,128,569.263
512,0,8,256,586.127
512,0,8,512,616.526
512,0,8,1024,831.479
512,0,8,2048,1328.21
512,0,8,4096,2194.04
512,0,8,8192,4218.31
512,0,16,16,566.341
512,0,16,32,555.749
512,0,16,64,566.618
512,0,16,128,572.954
512,0,16,256,596.335
512,0,16,512,671.299
512,0,16,1024,955.627
512,0,16,2048,1444.03
512,0,16,4096,2410.58
512,0,16,8192,4324.5
512,0,32,16,562.362
512,0,32,32,578.308
512,0,32,64,593.498
512,0,32,128,601.999
512,0,32,256,651.215
512,0,32,512,757.251
512,0,32,1024,1121.98
512,0,32,2048,1717.44
512,0,32,4096,2699.19
512,0,32,8192,4662.56
512,0,64,16,588.591
512,0,64,32,608.015
512,0,64,64,618.18
512,0,64,128,676.58
512,0,64,256,1307.61
512,0,64,512,1704.04
512,0,64,1024,2616.92
512,0,64,2048,4230.44
512,0,64,4096,7638
512,0,64,8192,14491.1
512,0,128,16,1057.98
512,0,128,32,1096.58
512,0,128,64,1190.06
512,0,128,128,1327.71
512,0,128,256,1674.27
512,0,128,512,2426.06
512,0,128,1024,3818.23
512,0,128,2048,6839.85
512,0,128,4096,13020.8
512,0,128,8192,24252.3
512,16,0,0,869.9
512,16,1,16,883.009
512,16,1,32,891.532
512,16,1,64,898.7
512,16,1,128,891.201
512,16,1,256,900.097
512,16,1,512,904.171
512,16,1,1024,1020.81
512,16,1,2048,1521.82
512,16,1,4096,2332.28
512,16,1,8192,4109.81
512,16,2,16,893.783
512,16,2,32,890.044
512,16,2,64,877.421
512,16,2,128,899.414
512,16,2,256,893.1
512,16,2,512,926.348
512,16,2,1024,1068.17
512,16,2,2048,1616.42
512,16,2,4096,2677.34
512,16,2,8192,4745.14
512,16,4,16,903.371
512,16,4,32,905.271
512,16,4,64,913.922
512,16,4,128,900.897
512,16,4,256,896.512
512,16,4,512,933.964
512,16,4,1024,1174.79
512,16,4,2048,1805.41
512,16,4,4096,3005.98
512,16,4,8192,6278.72
512,16,8,16,900.492
512,16,8,32,898.796
512,16,8,64,904.204
512,16,8,128,911.627
512,16,8,256,918.283
512,16,8,512,984.907
512,16,8,1024,1312.4
512,16,8,2048,1948.52
512,16,8,4096,3572.26
512,16,8,8192,6451.41
512,16,16,16,901.568
512,16,16,32,907.66
512,16,16,64,909.248
512,16,16,128,914.604
512,16,16,256,957.59
512,16,16,512,1048.71
512,16,16,1024,1393.57
512,16,16,2048,2193.98
512,16,16,4096,3635.45
512,16,16,8192,6591.77
512,16,32,16,902.742
512,16,32,32,936.011
512,16,32,64,1110.83
512,16,32,128,1130.3
512,16,32,256,1208.48
512,16,32,512,1384.99
512,16,32,1024,2006.3
512,16,32,2048,3120.64
512,16,32,4096,4855.68
512,16,32,8192,8313.89
512,16,64,16,1082.02
512,16,64,32,1095.25
512,16,64,64,1106.68
512,16,64,128,1214.57
512,16,64,256,1351.44
512,16,64,512,1750.95
512,16,64,1024,2706.46
512,16,64,2048,4238.88
512,16,64,4096,7685.29
512,16,64,8192,14560.6
512,16,128,16,1114.6
512,16,128,32,1151.4
512,16,128,64,1205.47
512,16,128,128,1391.6
512,16,128,256,1706.48
512,16,128,512,2450.42
512,16,128,1024,3859.05
512,16,128,2048,6874.02
512,16,128,4096,13020.6
512,16,128,8192,25356.4
512,32,0,0,1095.44
512,32,1,16,1077.88
512,32,1,32,1089.03
512,32,1,64,1094.04
512,32,1,128,1073.92
512,32,1,256,1099.24
512,32,1,512,1089.98
512,32,1,1024,1230.73
512,32,1,2048,1830.35
512,32,1,4096,2757.23
512,32,1,8192,4861.28
512,32,2,16,1081.47
512,32,2,32,1085.98
512,32,2,64,1095.87
512,32,2,128,1101.93
512,32,2,256,1092.78
512,32,2,512,1118.09
512,32,2,1024,1273.48
512,32,2,2048,1826.97
512,32,2,4096,2794.04
512,32,2,8192,4814.27
512,32,4,16,1074.67
512,32,4,32,1092.84
512,32,4,64,1078.98
512,32,4,128,1082.4
512,32,4,256,1120.07
512,32,4,512,1134.27
512,32,4,1024,1587.09
512,32,4,2048,2165.19
512,32,4,4096,3307.45
512,32,4,8192,7516.55
512,32,8,16,1080.83
512,32,8,32,1092.69
512,32,8,64,1089.62
512,32,8,128,1120.66
512,32,8,256,1145.1
512,32,8,512,1177.87
512,32,8,1024,1573.39
512,32,8,2048,2259.6
512,32,8,4096,3889.16
512,32,8,8192,7621.91
512,32,16,16,1090.67
512,32,16,32,1117.81
512,32,16,64,1130.05
512,32,16,128,1131.92
512,32,16,256,1172.2
512,32,16,512,1252.88
512,32,16,1024,1770.39
512,32,16,2048,2531.11
512,32,16,4096,4363.78
512,32,16,8192,7797.69
512,32,32,16,1115.16
512,32,32,32,1111.75
512,32,32,64,1135.96
512,32,32,128,1173.95
512,32,32,256,1261.01
512,32,32,512,1429.15
512,32,32,1024,2060.38
512,32,32,2048,3136.03
512,32,32,4096,4880.82
512,32,32,8192,8360.21
512,32,64,16,1134.04
512,32,64,32,1163.24
512,32,64,64,1160.79
512,32,64,128,1256.16
512,32,64,256,1393.14
512,32,64,512,1800.35
512,32,64,1024,2704.25
512,32,64,2048,4340.35
512,32,64,4096,7718.24
512,32,64,8192,14565.6
512,32,128,16,1147.31
512,32,128,32,1202.13
512,32,128,64,1290.79
512,32,128,128,1416.15
512,32,128,256,1752
512,32,128,512,2488.06
512,32,128,1024,3894.86
512,32,128,2048,6910.14
512,32,128,4096,13087.5
512,32,128,8192,25373.7
512,64,0,0,1194.3
512,64,1,16,1191.71
512,64,1,32,1178.79
512,64,1,64,1187.86
512,64,1,128,1191.51
512,64,1,256,1195.55
512,64,1,512,1210.5
512,64,1,1024,1338.66
512,64,1,2048,1865.76
512,64,1,4096,2876.88
512,64,1,8192,4872.55
512,64,2,16,1181.69
512,64,2,32,1178.17
512,64,2,64,1183.41
512,64,2,128,1169.84
512,64,2,256,1201.19
512,64,2,512,1211.73
512,64,2,1024,1352.71
512,64,2,2048,2054.69
512,64,2,4096,2940.76
512,64,2,8192,5916.54
512,64,4,16,1140.41
512,64,4,32,1176.89
512,64,4,64,1183.54
512,64,4,128,1202.3
512,64,4,256,1201.21
512,64,4,512,1227.81
512,64,4,1024,1562.12
512,64,4,2048,2167.75
512,64,4,4096,4106.69
512,64,4,8192,5914.74
512,64,8,16,1180.8
512,64,8,32,1203.91
512,64,8,64,1189.22
512,64,8,128,1208.94
512,64,8,256,1224.12
512,64,8,512,1260.77
512,64,8,1024,1601.71
512,64,8,2048,2456.87
512,64,8,4096,4179.02
512,64,8,8192,7683.58
512,64,16,16,1159.15
512,64,16,32,1209.36
512,64,16,64,1212.34
512,64,16,128,1224.82
512,64,16,256,1261.49
512,64,16,512,1333.85
512,64,16,1024,1767.53
512,64,16,2048,2685.23
512,64,16,4096,4449.38
512,64,16,8192,7742.88
512,64,32,16,1203.66
512,64,32,32,1222.15
512,64,32,64,1238.83
512,64,32,128,1274.8
512,64,32,256,1336.52
512,64,32,512,1521.54
512,64,32,1024,2141.87
512,64,32,2048,3350.62
512,64,32,4096,5022.1
512,64,32,8192,8486.08
512,64,64,16,1217.38
512,64,64,32,1239.12
512,64,64,64,1300.43
512,64,64,128,1352.75
512,64,64,256,1478.71
512,64,64,512,1852.88
512,64,64,1024,2814.41
512,64,64,2048,4400.09
512,64,64,4096,7770.4
512,64,64,8192,14663.2
512,64,128,16,1012.56
512,64,128,32,1051.05
512,64,128,64,1360.77
512,64,128,128,1527.29
512,64,128,256,1831.1
512,64,128,512,2600.85
512,64,128,1024,4026.38
512,64,128,2048,6957.31
512,64,128,4096,13117.8
512,64,128,8192,23691.7
512,128,0,0,1112.57
512,128,1,16,1095.3
512,128,1,32,1085.38
512,128,1,64,1093.48
512,128,1,128,1089.43
512,128,1,256,1096.66
512,128,1,512,1099.18
512,128,1,1024,1186.07
512,128,1,2048,1596.73
512,128,1,4096,2385.52
512,128,1,8192,4023.6
512,128,2,16,1083.52
512,128,2,32,1098.02
512,128,2,64,1080.39
512,128,2,128,1100.51
512,128,2,256,1106.89
512,128,2,512,1108.83
512,128,2,1024,1268.09
512,128,2,2048,1603.3
512,128,2,4096,2434.46
512,128,2,8192,3980.96
512,128,4,16,1100.69
512,128,4,32,1098.75
512,128,4,64,1103.48
512,128,4,128,1111.62
512,128,4,256,1078.79
512,128,4,512,1104.63
512,128,4,1024,1287.7
512,128,4,2048,1776.61
512,128,4,4096,2755.41
512,128,4,8192,4131.2
512,128,8,16,1089.34
512,128,8,32,1084.49
512,128,8,64,1109.67
512,128,8,128,1120.73
512,128,8,256,1118.81
512,128,8,512,1148.71
512,128,8,1024,1379.64
512,128,8,2048,1962.01
512,128,8,4096,3420.97
512,128,8,8192,6127.41
512,128,16,16,1096.94
512,128,16,32,1107.45
512,128,16,64,1113.47
512,128,16,128,1135.56
512,128,16,256,1139.73
512,128,16,512,1203.92
512,128,16,1024,1571.69
512,128,16,2048,2294.19
512,128,16,4096,3575.9
512,128,16,8192,6425.64
512,128,32,16,1120.53
512,128,32,32,1139.92
512,128,32,64,1116.1
512,128,32,128,1173.69
512,128,32,256,1215.16
512,128,32,512,1343.59
512,128,32,1024,1817.52
512,128,32,2048,2800.41
512,128,32,4096,4255.42
512,128,32,8192,6969.8
512,128,64,16,1108.89
512,128,64,32,1148.08
512,128,64,64,1167.99
512,128,64,128,1241.02
512,128,64,256,1341.93
512,128,64,512,1582.05
512,128,64,1024,2977.26
512,128,64,2048,4618.35
512,128,64,4096,7903.32
512,128,64,8192,14770.9
512,128,128,16,1457.52
512,128,128,32,1511.41
512,128,128,64,1579.95
512,128,128,128,1715.86
512,128,128,256,2009.06
512,128,128,512,2774.07
512,128,128,1024,4263.37
512,128,128,2048,7151.79
512,128,128,4096,13239.2
512,128,128,8192,21081.4
512,256,0,0,1423.82
512,256,1,16,1380.27
512,256,1,32,1410.04
512,256,1,64,1410.37
512,256,1,128,1405.61
512,256,1,256,1421.11
512,256,1,512,1404.59
512,256,1,1024,1453.24
512,256,1,2048,1832.86
512,256,1,4096,2596.15
512,256,1,8192,4263.72
512,256,2,16,1423.6
512,256,2,32,1409.88
512,256,2,64,1419
512,256,2,128,1424.07
512,256,2,256,1416.81
512,256,2,512,1412.29
512,256,2,1024,1548.15
512,256,2,2048,1976.84
512,256,2,4096,2727.76
512,256,2,8192,4380.82
512,256,4,16,1402.49
512,256,4,32,1401.71
512,256,4,64,1399.93
512,256,4,128,1415.07
512,256,4,256,1406.9
512,256,4,512,1448.62
512,256,4,1024,1578.43
512,256,4,2048,2090.8
512,256,4,4096,2776.71
512,256,4,8192,4380.04
512,256,8,16,1421.04
512,256,8,32,1403.03
512,256,8,64,1415.7
512,256,8,128,1420.56
512,256,8,256,1427.15
512,256,8,512,1450.12
512,256,8,1024,1683.37
512,256,8,2048,2224.36
512,256,8,4096,3499.82
512,256,8,8192,6409.99
512,256,16,16,1439.29
512,256,16,32,1417.71
512,256,16,64,1445.52
512,256,16,128,1464.02
512,256,16,256,1447.3
512,256,16,512,1544.21
512,256,16,1024,1762.27
512,256,16,2048,2465.6
512,256,16,4096,3871.11
512,256,16,8192,6637.66
512,256,32,16,1422.52
512,256,32,32,1425.58
512,256,32,64,1442.82
512,256,32,128,1498.18
512,256,32,256,1522.65
512,256,32,512,1685.53
512,256,32,1024,2119.86
512,256,32,2048,3145.45
512,256,32,4096,4809.26
512,256,32,8192,9394.74
512,256,64,16,1836.43
512,256,64,32,1861.4
512,256,64,64,1883.62
512,256,64,128,1910.29
512,256,64,256,2036.49
512,256,64,512,2333.97
512,256,64,1024,3337.72
512,256,64,2048,5017.39
512,256,64,4096,8343.31
512,256,64,8192,15203.2
512,256,128,16,1905.9
512,256,128,32,1895.44
512,256,128,64,1936.86
512,256,128,128,2108.07
512,256,128,256,2370.25
512,256,128,512,3154.7
512,256,128,1024,4563.25
512,256,128,2048,7387.73
512,256,128,4096,13455.4
512,256,128,8192,25871.6
512,512,0,0,2583.56
512,512,1,16,2585.83
512,512,1,32,2587.64
512,512,1,64,2581.51
512,512,1,128,2561.84
512,512,1,256,2583.56
512,512,1,512,2580.31
512,512,1,1024,2640.01
512,512,1,2048,2957.72
512,512,1,4096,4002.56
512,512,1,8192,6110.05
512,512,2,16,2592.78
512,512,2,32,2590.88
512,512,2,64,2578.79
512,512,2,128,2568.59
512,512,2,256,2531.13
512,512,2,512,2574.66
512,512,2,1024,2662.12
512,512,2,2048,2984.1
512,512,2,4096,3961.86
512,512,2,8192,6009.36
512,512,4,16,2603.83
512,512,4,32,2561.02
512,512,4,64,2576.97
512,512,4,128,2599.58
512,512,4,256,2479.88
512,512,4,512,2606.12
512,512,4,1024,2679.08
512,512,4,2048,3239.49
512,512,4,4096,4615.38
512,512,4,8192,6206.12
512,512,8,16,2594.29
512,512,8,32,2562.76
512,512,8,64,2553.56
512,512,8,128,2505.93
512,512,8,256,2550.18
512,512,8,512,2639.03
512,512,8,1024,2786.28
512,512,8,2048,3395.6
512,512,8,4096,5006.08
512,512,8,8192,8280.58
512,512,16,16,2604.96
512,512,16,32,2606.92
512,512,16,64,2687.92
512,512,16,128,2565.57
512,512,16,256,2630.18
512,512,16,512,2701.23
512,512,16,1024,2960.84
512,512,16,2048,3882.63
512,512,16,4096,5414.47
512,512,16,8192,8759.37
512,512,32,16,2630.79
512,512,32,32,2699.87
512,512,32,64,2650.62
512,512,32,128,2677.24
512,512,32,256,2774.28
512,512,32,512,2853.9
512,512,32,1024,3269.2
512,512,32,2048,4540.24
512,512,32,4096,6893.14
512,512,32,8192,10509.2
512,512,64,16,2690.61
512,512,64,32,2740.01
512,512,64,64,2753.6
512,512,64,128,2608.89
512,512,64,256,2783.61
512,512,64,512,3078.96
512,512,64,1024,3875.32
512,512,64,2048,5826.27
512,512,64,4096,8966.08
512,512,64,8192,15820.9
512,512,128,16,2654.22
512,512,128,32,2575.1
512,512,128,64,2622.72
512,512,128,128,2829.04
512,512,128,256,3105.73
512,512,128,512,3822.35
512,512,128,1024,5403.76
512,512,128,2048,8356.4
512,512,128,4096,14025.9
512,512,128,8192,25703.3
512,1024,0,0,3923.97
512,1024,1,16,3899.24
512,1024,1,32,3878.19
512,1024,1,64,3887.95
512,1024,1,128,4313.12
512,1024,1,256,4315.28
512,1024,1,512,4302.29
512,1024,1,1024,4282.71
512,1024,1,2048,4272.54
512,1024,1,4096,5188.43
512,1024,1,8192,7336.46
512,1024,2,16,4207.76
512,1024,2,32,4309.69
512,1024,2,64,4279.96
512,1024,2,128,4313.16
512,1024,2,256,4301.73
512,1024,2,512,4305.26
512,1024,2,1024,4287.45
512,1024,2,2048,4407.49
512,1024,2,4096,5670.06
512,1024,2,8192,7199.39
512,1024,4,16,4311.8
512,1024,4,32,4286.5
512,1024,4,64,4283.59
512,1024,4,128,4272.41
512,1024,4,256,4272.74
512,1024,4,512,4307
512,1024,4,1024,4306.65
512,1024,4,2048,4619.36
512,1024,4,4096,5975.27
512,1024,4,8192,8628.78
512,1024,8,16,4296.02
512,1024,8,32,4317.66
512,1024,8,64,4160.93
512,1024,8,128,4320.84
512,1024,8,256,4336.91
512,1024,8,512,4309.18
512,1024,8,1024,4342.05
512,1024,8,2048,4745.29
512,1024,8,4096,6083.54
512,1024,8,8192,9131.63
512,1024,16,16,4313.04
512,1024,16,32,4191.22
512,1024,16,64,4286.75
512,1024,16,128,4119.43
512,1024,16,256,4065.47
512,1024,16,512,4402.78
512,1024,16,1024,4434.95
512,1024,16,2048,5184.44
512,1024,16,4096,7162.57
512,1024,16,8192,10243.8
512,1024,32,16,4349.37
512,1024,32,32,4374.72
512,1024,32,64,4389.63
512,1024,32,128,4389.23
512,1024,32,256,4120.44
512,1024,32,512,4324.64
512,1024,32,1024,4512.77
512,1024,32,2048,5733.94
512,1024,32,4096,7314.14
512,1024,32,8192,11060.6
512,1024,64,16,4410.02
512,1024,64,32,4412.01
512,1024,64,64,4450.43
512,1024,64,128,4156.37
512,1024,64,256,4252.26
512,1024,64,512,4496.66
512,1024,64,1024,5225.9
512,1024,64,2048,7171.13
512,1024,64,4096,10294.3
512,1024,64,8192,17089.5
512,1024,128,16,4312.76
512,1024,128,32,4119.79
512,1024,128,64,4143.3
512,1024,128,128,4273.42
512,1024,128,256,4576.87
512,1024,128,512,5154.46
512,1024,128,1024,6768.17
512,1024,128,2048,9609.31
512,1024,128,4096,15431.8
512,1024,128,8192,24655.8
512,2048,0,0,6351.91
512,2048,1,16,6358.68
512,2048,1,32,7762.05
512,2048,1,64,7710.57
512,2048,1,128,7750.33
512,2048,1,256,7708.45
512,2048,1,512,7744.63
512,2048,1,1024,7736.51
512,2048,1,2048,7665.92
512,2048,1,4096,8056.01
512,2048,1,8192,10032.8
512,2048,2,16,7746.41
512,2048,2,32,7731.68
512,2048,2,64,7759.66
512,2048,2,128,7748.41
512,2048,2,256,7766.98
512,2048,2,512,7704.29
512,2048,2,1024,7739
512,2048,2,2048,7699.12
512,2048,2,4096,8559.52
512,2048,2,8192,9819.18
512,2048,4,16,7763.01
512,2048,4,32,7761.46
512,2048,4,64,7761
512,2048,4,128,7724.22
512,2048,4,256,7735.78
512,2048,4,512,7736.06
512,2048,4,1024,7512.69
512,2048,4,2048,7713.56
512,2048,4,4096,8281.99
512,2048,4,8192,10596.8
512,2048,8,16,7744.91
512,2048,8,32,7706.37
512,2048,8,64,7752.38
512,2048,8,128,7504.02
512,2048,8,256,7335.95
512,2048,8,512,7367.79
512,2048,8,1024,7734.98
512,2048,8,2048,7746.67
512,2048,8,4096,8790.74
512,2048,8,8192,11937.8
512,2048,16,16,7695.87
512,2048,16,32,7777.39
512,2048,16,64,7796.92
512,2048,16,128,7760.36
512,2048,16,256,7576.14
512,2048,16,512,7420.52
512,2048,16,1024,7553.43
512,2048,16,2048,7851.49
512,2048,16,4096,9486.93
512,2048,16,8192,12912.5
512,2048,32,16,7773.65
512,2048,32,32,7785.95
512,2048,32,64,7845.92
512,2048,32,128,7622.23
512,2048,32,256,7431.48
512,2048,32,512,7454.85
512,2048,32,1024,7527.01
512,2048,32,2048,8065.87
512,2048,32,4096,10270.2
512,2048,32,8192,14465.1
512,2048,64,16,6497.39
512,2048,64,32,6541.12
512,2048,64,64,6155.13
512,2048,64,128,5969.46
512,2048,64,256,6084.73
512,2048,64,512,6237.64
512,2048,64,1024,6680.17
512,2048,64,2048,7916.1
512,2048,64,4096,10435.1
512,2048,64,8192,16415.2
512,2048,128,16,6565.28
512,2048,128,32,5956.22
512,2048,128,64,6002.94
512,2048,128,128,6076.61
512,2048,128,256,6249.02
512,2048,128,512,6713.32
512,2048,128,1024,9416.27
512,2048,128,2048,12758.6
512,2048,128,4096,15475.9
512,2048,128,8192,25167.8
512,4096,0,0,12377.2
512,4096,1,16,12368.5
512,4096,1,32,12355.3
512,4096,1,64,12328.8
512,4096,1,128,12338.2
512,4096,1,256,12335.8
512,4096,1,512,12351.4
512,4096,1,1024,12328.8
512,4096,1,2048,12376.6
512,4096,1,4096,12351.2
512,4096,1,8192,12990.3
512,4096,2,16,12346
512,4096,2,32,12379.1
512,4096,2,64,12369.6
512,4096,2,128,12349.1
512,4096,2,256,12370.4
512,4096,2,512,11994.2
512,4096,2,1024,12385.7
512,4096,2,2048,12362.8
512,4096,2,4096,12312.5
512,4096,2,8192,13122.3
512,4096,4,16,12384.5
512,4096,4,32,12379.2
512,4096,4,64,12360.9
512,4096,4,128,11974.7
512,4096,4,256,12396.8
512,4096,4,512,12380.4
512,4096,4,1024,12384.9
512,4096,4,2048,12367.8
512,4096,4,4096,12401.3
512,4096,4,8192,13512
512,4096,8,16,11931
512,4096,8,32,11939.4
512,4096,8,64,11938.9
512,4096,8,128,11544
512,4096,8,256,11221.2
512,4096,8,512,11950.7
512,4096,8,1024,11916.4
512,4096,8,2048,11925
512,4096,8,4096,11961.1
512,4096,8,8192,13888.1
512,4096,16,16,11659.8
512,4096,16,32,11669.6
512,4096,16,64,11655.8
512,4096,16,128,11644.6
512,4096,16,256,10956.1
512,4096,16,512,11683.1
512,4096,16,1024,11654.3
512,4096,16,2048,11478.3
512,4096,16,4096,11705.9
512,4096,16,8192,13667.5
512,4096,32,16,11656.5
512,4096,32,32,11642
512,4096,32,64,11691.6
512,4096,32,128,11703.1
512,4096,32,256,11384.4
512,4096,32,512,11066.3
512,4096,32,1024,10960.3
512,4096,32,2048,11216.4
512,4096,32,4096,11863.5
512,4096,32,8192,15892.7
512,4096,64,16,9573.07
512,4096,64,32,9578.08
512,4096,64,64,9588.72
512,4096,64,128,8690.62
512,4096,64,256,8764.11
512,4096,64,512,8890.7
512,4096,64,1024,9178.16
512,4096,64,2048,9706.29
512,4096,64,4096,11785.3
512,4096,64,8192,16243.4
512,4096,128,16,9602.68
512,4096,128,32,8676.3
512,4096,128,64,10331.4
512,4096,128,128,10518.3
512,4096,128,256,12168.2
512,4096,128,512,12527.5
512,4096,128,1024,13324
512,4096,128,2048,13910.1
512,4096,128,4096,17414.9
512,4096,128,8192,24023.4
512,8192,0,0,18441.6
512,8192,1,16,16653.9
512,8192,1,32,15938.4
512,8192,1,64,15972.1
512,8192,1,128,15435.2
512,8192,1,256,15959.9
512,8192,1,512,15943.8
512,8192,1,1024,15955.5
512,8192,1,2048,15961.7
512,8192,1,4096,15955.9
512,8192,1,8192,15974
512,8192,2,16,15937.8
512,8192,2,32,15977.4
512,8192,2,64,15965.2
512,8192,2,128,15974.3
512,8192,2,256,15437
512,8192,2,512,15962.3
512,8192,2,1024,15442.7
512,8192,2,2048,15945.4
512,8192,2,4096,15954.1
512,8192,2,8192,15970.5
512,8192,4,16,15960.4
512,8192,4,32,15951.2
512,8192,4,64,15951.7
512,8192,4,128,15957.9
512,8192,4,256,15408.7
512,8192,4,512,15436.2
512,8192,4,1024,15982.6
512,8192,4,2048,15955.5
512,8192,4,4096,15670.4
512,8192,4,8192,15978.2
512,8192,8,16,15973.9
512,8192,8,32,15968.8
512,8192,8,64,15962.7
512,8192,8,128,15444
512,8192,8,256,15438.9
512,8192,8,512,15938.4
512,8192,8,1024,15961.3
512,8192,8,2048,15134.3
512,8192,8,4096,15969
512,8192,8,8192,15973.3
512,8192,16,16,15972.9
512,8192,16,32,15977.9
512,8192,16,64,15965.9
512,8192,16,128,15983.9
512,8192,16,256,15993.8
512,8192,16,512,15994.6
512,8192,16,1024,15991.8
512,8192,16,2048,15221.4
512,8192,16,4096,15476.3
512,8192,16,8192,16028.3
512,8192,32,16,15994.9
512,8192,32,32,15469.6
512,8192,32,64,16009.2
512,8192,32,128,16020.2
512,8192,32,256,15526.3
512,8192,32,512,14524.7
512,8192,32,1024,14691.5
512,8192,32,2048,14883
512,8192,32,4096,15369.3
512,8192,32,8192,16522.9
512,8192,64,16,16005
512,8192,64,32,16102.6
512,8192,64,64,15995.9
512,8192,64,128,15523.1
512,8192,64,256,15066.4
512,8192,64,512,14757.1
512,8192,64,1024,14897.7
512,8192,64,2048,15292.1
512,8192,64,4096,16170.8
512,8192,64,8192,19880.3
512,8192,128,16,15508.5
512,8192,128,32,14483
512,8192,128,64,14724.8
512,8192,128,128,14692.3
512,8192,128,256,14845
512,8192,128,512,15361.4
512,8192,128,1024,15307.8
512,8192,128,2048,16276.2
512,8192,128,4096,20055.7
512,8192,128,8192,27758.7
1024,0,0,0,1889.86
1024,0,1,16,2024.82
1024,0,1,32,2008.5
1024,0,1,64,2003.84
1024,0,1,128,2009.94
1024,0,1,256,2036.17
1024,0,1,512,2048.16
1024,0,1,1024,2036.08
1024,0,1,2048,2449.87
1024,0,1,4096,3024.3
1024,0,1,8192,4274.93
1024,0,2,16,2091.67
1024,0,2,32,2100.45
1024,0,2,64,2078.25
1024,0,2,128,2084.01
1024,0,2,256,3280.97
1024,0,2,512,3298.52
1024,0,2,1024,3356.27
1024,0,2,2048,3789.68
1024,0,2,4096,4785.67
1024,0,2,8192,7099.86
1024,0,4,16,3251.21
1024,0,4,32,3275.91
1024,0,4,64,3301.63
1024,0,4,128,3315.33
1024,0,4,256,3319.37
1024,0,4,512,3337.17
1024,0,4,1024,3417.04
1024,0,4,2048,4109.79
1024,0,4,4096,5445.38
1024,0,4,8192,6871.15
1024,0,8,16,3291.88
1024,0,8,32,3278.62
1024,0,8,64,3282.18
1024,0,8,128,3323.96
1024,0,8,256,3323.44
1024,0,8,512,3366.75
1024,0,8,1024,3498.95
1024,0,8,2048,4083.15
1024,0,8,4096,5972.34
1024,0,8,8192,9244.11
1024,0,16,16,3301.07
1024,0,16,32,3317.8
1024,0,16,64,3314.57
1024,0,16,128,3359.96
1024,0,16,256,3367.76
1024,0,16,512,3416.05
1024,0,16,1024,3658.61
1024,0,16,2048,4696.43
1024,0,16,4096,6541.33
1024,0,16,8192,9644.56
1024,0,32,16,3330.11
1024,0,32,32,3343.39
1024,0,32,64,3353.31
1024,0,32,128,3410.74
1024,0,32,256,3437.69
1024,0,32,512,3569.07
1024,0,32,1024,3953.59
1024,0,32,2048,5357.97
1024,0,32,4096,7876.77
1024,0,32,8192,11664.5
1024,0,64,16,2860.88
1024,0,64,32,2902.53
1024,0,64,64,2934.58
1024,0,64,128,2979.21
1024,0,64,256,3089.2
1024,0,64,512,3268.8
1024,0,64,1024,3995.98
1024,0,64,2048,5691.59
1024,0,64,4096,8468.94
1024,0,64,8192,14063.7
1024,0,128,16,2763.86
1024,0,128,32,2808.42
1024,0,128,64,2848.08
1024,0,128,128,2966.91
1024,0,128,256,3191
1024,0,128,512,3736.4
1024,0,128,1024,5041.03
1024,0,128,2048,7370.69
1024,0,128,4096,12055.4
1024,0,128,8192,19470.5
1024,16,0,0,2267.77
1024,16,1,16,2260.11
1024,16,1,32,2229.13
1024,16,1,64,2247.51
1024,16,1,128,3384.76
1024,16,1,256,3398.29
1024,16,1,512,3417.25
1024,16,1,1024,3402.61
1024,16,1,2048,3738.02
1024,16,1,4096,4810.09
1024,16,1,8192,6844.55
1024,16,2,16,3407.45
1024,16,2,32,3362.73
1024,16,2,64,3399.42
1024,16,2,128,3398.18
1024,16,2,256,3412.47
1024,16,2,512,3416.75
1024,16,2,1024,3430.81
1024,16,2,2048,3784.38
1024,16,2,4096,4938.44
1024,16,2,8192,7344.91
1024,16,4,16,3395.36
1024,16,4,32,3390.6
1024,16,4,64,3416.68
1024,16,4,128,3408.01
1024,16,4,256,3420.5
1024,16,4,512,3399.99
1024,16,4,1024,3467.08
1024,16,4,2048,3990.78
1024,16,4,4096,5313.04
1024,16,4,8192,8179.31
1024,16,8,16,3418.91
1024,16,8,32,3393.9
1024,16,8,64,3394.78
1024,16,8,128,3403.51
1024,16,8,256,3422.95
1024,16,8,512,3438.86
1024,16,8,1024,3555.97
1024,16,8,2048,4282.57
1024,16,8,4096,5586.68
1024,16,8,8192,9308.71
1024,16,16,16,3392.09
1024,16,16,32,3392.92
1024,16,16,64,3418.9
1024,16,16,128,3416.62
1024,16,16,256,3468.12
1024,16,16,512,3527.96
1024,16,16,1024,3738.37
1024,16,16,2048,4765.43
1024,16,16,4096,6651.93
1024,16,16,8192,10108.3
1024,16,32,16,3415.29
1024,16,32,32,3423.31
1024,16,32,64,3423.16
1024,16,32,128,3479.44
1024,16,32,256,3526.43
1024,16,32,512,3658.57
1024,16,32,1024,4014.51
1024,16,32,2048,5391.72
1024,16,32,4096,7918.88
1024,16,32,8192,11870.1
1024,16,64,16,3437.57
1024,16,64,32,3471.42
1024,16,64,64,3507.36
1024,16,64,128,3530.79
1024,16,64,256,3666.05
1024,16,64,512,3918.59
1024,16,64,1024,4751.85
1024,16,64,2048,6690.45
1024,16,64,4096,9978.84
1024,16,64,8192,16529.3
1024,16,128,16,3152.85
1024,16,128,32,3199.68
1024,16,128,64,3272.55
1024,16,128,128,3341.95
1024,16,128,256,3949.71
1024,16,128,512,4636.43
1024,16,128,1024,6203.37
1024,16,128,2048,9074.8
1024,16,128,4096,14789.1
1024,16,128,8192,24530.9
1024,32,0,0,2495.34
1024,32,1,16,2502.76
1024,32,1,32,2500.3
1024,32,1,64,2518.96
1024,32,1,128,2513.84
1024,32,1,256,2487.31
1024,32,1,512,2502.12
1024,32,1,1024,2508.1
1024,32,1,2048,2792.69
1024,32,1,4096,3555.15
1024,32,1,8192,5039.35
1024,32,2,16,2497.32
1024,32,2,32,2508.46
1024,32,2,64,2513.37
1024,32,2,128,2519.65
1024,32,2,256,2506.28
1024,32,2,512,2512.59
1024,32,2,1024,2536.56
1024,32,2,2048,2874.22
1024,32,2,4096,3593.06
1024,32,2,8192,5291.81
1024,32,4,16,2523.26
1024,32,4,32,2507.23
1024,32,4,64,2531.98
1024,32,4,128,2534.3
1024,32,4,256,2503.46
1024,32,4,512,2539.52
1024,32,4,1024,2570.51
1024,32,4,2048,2843.64
1024,32,4,4096,4230.57
1024,32,4,8192,5499.06
1024,32,8,16,2516.92
1024,32,8,32,2514.03
1024,32,8,64,2524.93
1024,32,8,128,2537.74
1024,32,8,256,2542.64
1024,32,8,512,2547.18
1024,32,8,1024,2624.53
1024,32,8,2048,3134.25
1024,32,8,4096,4034.28
1024,32,8,8192,6924
1024,32,16,16,2508.36
1024,32,16,32,2521.05
1024,32,16,64,2509.76
1024,32,16,128,2514.71
1024,32,16,256,2547.7
1024,32,16,512,2607.94
1024,32,16,1024,2769.62
1024,32,16,2048,3412.9
1024,32,16,4096,4989.86
1024,32,16,8192,7420.11
1024,32,32,16,2518.37
1024,32,32,32,2521.86
1024,32,32,64,2562.83
1024,32,32,128,2564.31
1024,32,32,256,2619.81
1024,32,32,512,2704.86
1024,32,32,1024,2959.44
1024,32,32,2048,3987.16
1024,32,32,4096,5757.4
1024,32,32,8192,8603.69
1024,32,64,16,2500.67
1024,32,64,32,2542
1024,32,64,64,2600.15
1024,32,64,128,2634.29
1024,32,64,256,2723.53
1024,32,64,512,3999.2
1024,32,64,1024,4830.09
1024,32,64,2048,6797.53
1024,32,64,4096,10110.8
1024,32,64,8192,14299.8
1024,32,128,16,2773.95
1024,32,128,32,2828.49
1024,32,128,64,2877.85
1024,32,128,128,2976.43
1024,32,128,256,3170.58
1024,32,128,512,3705.52
1024,32,128,1024,4928.53
1024,32,128,2048,7194.02
1024,32,128,4096,11718.5
1024,32,128,8192,18237.8
1024,64,0,0,2301.58
1024,64,1,16,2303.64
1024,64,1,32,2278.52
1024,64,1,64,2314.48
1024,64,1,128,2303.86
1024,64,1,256,2310.96
1024,64,1,512,2321.97
1024,64,1,1024,2341.21
1024,64,1,2048,2481.76
1024,64,1,4096,3140.67
1024,64,1,8192,4677.85
1024,64,2,16,2320.32
1024,64,2,32,2346.47
1024,64,2,64,2326.63
1024,64,2,128,2330
1024,64,2,256,2331.3
1024,64,2,512,2335.39
1024,64,2,1024,2363.77
1024,64,2,2048,2606.61
1024,64,2,4096,3346.38
1024,64,2,8192,4731.13
1024,64,4,16,2330.43
1024,64,4,32,2353.14
1024,64,4,64,2386.75
1024,64,4,128,2401.23
1024,64,4,256,2411.13
1024,64,4,512,2428.05
1024,64,4,1024,2440.28
1024,64,4,2048,2754.3
1024,64,4,4096,3725.67
1024,64,4,8192,5560.06
1024,64,8,16,2400.18
1024,64,8,32,2397.74
1024,64,8,64,2417.24
1024,64,8,128,2417.64
1024,64,8,256,2413.36
1024,64,8,512,2441.69
1024,64,8,1024,2495.99
1024,64,8,2048,2955.8
1024,64,8,4096,4052.42
1024,64,8,8192,6188.01
1024,64,16,16,2397.97
1024,64,16,32,2410.17
1024,64,16,64,2417.73
1024,64,16,128,2422.59
1024,64,16,256,2444.94
1024,64,16,512,2460.13
1024,64,16,1024,2592.8
1024,64,16,2048,3203.78
1024,64,16,4096,4613.12
1024,64,16,8192,6750.73
1024,64,32,16,2411.79
1024,64,32,32,2473.82
1024,64,32,64,2490.93
1024,64,32,128,2492.29
1024,64,32,256,2548.38
1024,64,32,512,3936
1024,64,32,1024,4273
1024,64,32,2048,5657.99
1024,64,32,4096,8137.61
1024,64,32,8192,12272.7
1024,64,64,16,3076.56
1024,64,64,32,3113.23
1024,64,64,64,3142.57
1024,64,64,128,3194.15
1024,64,64,256,3268.08
1024,64,64,512,3475.02
1024,64,64,1024,4185.14
1024,64,64,2048,5777.19
1024,64,64,4096,8604.47
1024,64,64,8192,13933.3
1024,64,128,16,3133.04
1024,64,128,32,3165.15
1024,64,128,64,3218.09
1024,64,128,128,3298.72
1024,64,128,256,3523.74
1024,64,128,512,4060.75
1024,64,128,1024,5388.19
1024,64,128,2048,7806.33
1024,64,128,4096,12605.8
1024,64,128,8192,18696.3
1024,128,0,0,2741.27
1024,128,1,16,2729.73
1024,128,1,32,2743.77
1024,128,1,64,2755.81
1024,128,1,128,2744.65
1024,128,1,256,2768.21
1024,128,1,512,2767.48
1024,128,1,1024,2788.06
1024,128,1,2048,3075.11
1024,128,1,4096,3690.28
1024,128,1,8192,4957.16
1024,128,2,16,2770.01
1024,128,2,32,2732.62
1024,128,2,64,2766.86
1024,128,2,128,2764.44
1024,128,2,256,2769.14
1024,128,2,512,2774.33
1024,128,2,1024,2797.8
1024,128,2,2048,3053.51
1024,128,2,4096,3750.77
1024,128,2,8192,5753.75
1024,128,4,16,2770.4
1024,128,4,32,2770.99
1024,128,4,64,2766.13
1024,128,4,128,2773.31
1024,128,4,256,2784.27
1024,128,4,512,2783.3
1024,128,4,1024,2821.86
1024,128,4,2048,3214.65
1024,128,4,4096,4141.98
1024,128,4,8192,5999.73
1024,128,8,16,2779.07
1024,128,8,32,2762.61
1024,128,8,64,2760.77
1024,128,8,128,2780.2
1024,128,8,256,2780.62
1024,128,8,512,2825.52
1024,128,8,1024,2830.24
1024,128,8,2048,3475.84
1024,128,8,4096,4517.73
1024,128,8,8192,10345.3
1024,128,16,16,4044.12
1024,128,16,32,4039.1
1024,128,16,64,4069.54
1024,128,16,128,4052.75
1024,128,16,256,4095.4
1024,128,16,512,4174.23
1024,128,16,1024,4248.26
1024,128,16,2048,5391.44
1024,128,16,4096,7382.75
1024,128,16,8192,10924.1
1024,128,32,16,3838.54
1024,128,32,32,3818.29
1024,128,32,64,3861.57
1024,128,32,128,3884.66
1024,128,32,256,3936.49
1024,128,32,512,4053.53
1024,128,32,1024,4392.24
1024,128,32,2048,5708.3
1024,128,32,4096,8097.68
1024,128,32,8192,12131.7
1024,128,64,16,3300.38
1024,128,64,32,3360.16
1024,128,64,64,3389.12
1024,128,64,128,3444.21
1024,128,64,256,3515.48
1024,128,64,512,3758.32
1024,128,64,1024,4370.87
1024,128,64,2048,5973.11
1024,128,64,4096,8795.14
1024,128,64,8192,14050.1
1024,128,128,16,3340.28
1024,128,128,32,3414.1
1024,128,128,64,3460.06
1024,128,128,128,3543.75
1024,128,128,256,3795.02
1024,128,128,512,4277.11
1024,128,128,1024,5587.95
1024,128,128,2048,7964.44
1024,128,128,4096,12811.2
1024,128,128,8192,18646.1
1024,256,0,0,3216.57
1024,256,1,16,3210.84
1024,256,1,32,3209.46
1024,256,1,64,3214.92
1024,256,1,128,3219.22
1024,256,1,256,3217.38
1024,256,1,512,3204.96
1024,256,1,1024,3215.62
1024,256,1,2048,3327.13
1024,256,1,4096,4042.7
1024,256,1,8192,5527.67
1024,256,2,16,3214.57
1024,256,2,32,3193.11
1024,256,2,64,3221.37
1024,256,2,128,3209.39
1024,256,2,256,3224.67
1024,256,2,512,3235.72
1024,256,2,1024,3228.46
1024,256,2,2048,5093.16
1024,256,2,4096,6084.52
1024,256,2,8192,8993.01
1024,256,4,16,4739.34
1024,256,4,32,4719.57
1024,256,4,64,4751.65
1024,256,4,128,4730.19
1024,256,4,256,4744.99
1024,256,4,512,4753.71
1024,256,4,1024,4800.04
1024,256,4,2048,5242.74
1024,256,4,4096,6673.02
1024,256,4,8192,8666.88
1024,256,8,16,4718.76
1024,256,8,32,4722.39
1024,256,8,64,4743.34
1024,256,8,128,4745.29
1024,256,8,256,4778.21
1024,256,8,512,4771.74
1024,256,8,1024,4844.45
1024,256,8,2048,5362.65
1024,256,8,4096,6929.94
1024,256,8,8192,9982.55
1024,256,16,16,4759.01
1024,256,16,32,4747.62
1024,256,16,64,4744.6
1024,256,16,128,4774.28
1024,256,16,256,4792.44
1024,256,16,512,4843.17
1024,256,16,1024,4955.21
1024,256,16,2048,6033.31
1024,256,16,4096,7933.78
1024,256,16,8192,11693.7
1024,256,32,16,4743.03
1024,256,32,32,4727.45
1024,256,32,64,4755.13
1024,256,32,128,4823.05
1024,256,32,256,4861.49
1024,256,32,512,4990.17
1024,256,32,1024,5307.81
1024,256,32,2048,6718.54
1024,256,32,4096,9103.45
1024,256,32,8192,14016.5
1024,256,64,16,4322.91
1024,256,64,32,4363.39
1024,256,64,64,4359.94
1024,256,64,128,4430.21
1024,256,64,256,4545.26
1024,256,64,512,4822.21
1024,256,64,1024,5474.02
1024,256,64,2048,7057.37
1024,256,64,4096,10480.6
1024,256,64,8192,14552.2
1024,256,128,16,3892.69
1024,256,128,32,3944.95
1024,256,128,64,3996.82
1024,256,128,128,4080.11
1024,256,128,256,4332.24
1024,256,128,512,4762.16
1024,256,128,1024,6066.21
1024,256,128,2048,8490.83
1024,256,128,4096,13113.7
1024,256,128,8192,22544
1024,512,0,0,4970.55
1024,512,1,16,6162.29
1024,512,1,32,6188.68
1024,512,1,64,6199.19
1024,512,1,128,6168.72
1024,512,1,256,6189.52
1024,512,1,512,6180.97
1024,512,1,1024,6186.18
1024,512,1,2048,6451.79
1024,512,1,4096,7162.11
1024,512,1,8192,9180.41
1024,512,2,16,6160.47
1024,512,2,32,6158.27
1024,512,2,64,6177.2
1024,512,2,128,6208.54
1024,512,2,256,6202.59
1024,512,2,512,6198.61
1024,512,2,1024,6232.17
1024,512,2,2048,6302.55
1024,512,2,4096,7812.84
1024,512,2,8192,9488.16
1024,512,4,16,6160.4
1024,512,4,32,6172.99
1024,512,4,64,6200.44
1024,512,4,128,6200.14
1024,512,4,256,6213.78
1024,512,4,512,6245.56
1024,512,4,1024,6246.99
1024,512,4,2048,6527.94
1024,512,4,4096,7639.66
1024,512,4,8192,9655
1024,512,8,16,6200.68
1024,512,8,32,6189.05
1024,512,8,64,6199.27
1024,512,8,128,6225.55
1024,512,8,256,6185.48
1024,512,8,512,6269.43
1024,512,8,1024,6290.36
1024,512,8,2048,7041.92
1024,512,8,4096,8709.41
1024,512,8,8192,11694.7
1024,512,16,16,5712.49
1024,512,16,32,5729.79
1024,512,16,64,5746.02
1024,512,16,128,5689.64
1024,512,16,256,5792.89
1024,512,16,512,5848.42
1024,512,16,1024,5993.29
1024,512,16,2048,6603.03
1024,512,16,4096,8463.27
1024,512,16,8192,12249.3
1024,512,32,16,5191.58
1024,512,32,32,5193.86
1024,512,32,64,5224.4
1024,512,32,128,5279.99
1024,512,32,256,5282.65
1024,512,32,512,5406.87
1024,512,32,1024,5597.69
1024,512,32,2048,6588.87
1024,512,32,4096,8805.44
1024,512,32,8192,12499.8
1024,512,64,16,5219.44
1024,512,64,32,5216.25
1024,512,64,64,5223.12
1024,512,64,128,5288.11
1024,512,64,256,5424.78
1024,512,64,512,5655.87
1024,512,64,1024,6118.2
1024,512,64,2048,7702.85
1024,512,64,4096,10866.8
1024,512,64,8192,16330.4
1024,512,128,16,6098.93
1024,512,128,32,6103.07
1024,512,128,64,6234.04
1024,512,128,128,6294.01
1024,512,128,256,6766.43
1024,512,128,512,7360.65
1024,512,128,1024,8857.81
1024,512,128,2048,11211.2
1024,512,128,4096,16710.5
1024,512,128,8192,24960.1
1024,1024,0,0,7845.56
1024,1024,1,16,7906.38
1024,1024,1,32,7891.69
1024,1024,1,64,7837.66
1024,1024,1,128,7853.12
1024,1024,1,256,7855.73
1024,1024,1,512,7894.1
1024,1024,1,1024,7897.48
1024,1024,1,2048,7895.14
1024,1024,1,4096,8511.15
1024,1024,1,8192,10455.1
1024,1024,2,16,7833.24
1024,1024,2,32,7836.04
1024,1024,2,64,7862.38
1024,1024,2,128,7856.34
1024,1024,2,256,7882.96
1024,1024,2,512,7871.5
1024,1024,2,1024,7900.05
1024,1024,2,2048,7999.72
1024,1024,2,4096,8841.13
1024,1024,2,8192,10543.7
1024,1024,4,16,7906.34
1024,1024,4,32,7883.23
1024,1024,4,64,7849.79
1024,1024,4,128,7935.89
1024,1024,4,256,7927.22
1024,1024,4,512,7913.97
1024,1024,4,1024,7950.41
1024,1024,4,2048,8051.57
1024,1024,4,4096,8924.75
1024,1024,4,8192,12222.1
1024,1024,8,16,7884.33
1024,1024,8,32,7938.57
1024,1024,8,64,7921.79
1024,1024,8,128,7938.94
1024,1024,8,256,7955.71
1024,1024,8,512,7970.57
1024,1024,8,1024,8031.02
1024,1024,8,2048,8222.23
1024,1024,8,4096,9438.26
1024,1024,8,8192,11952.8
1024,1024,16,16,7471.17
1024,1024,16,32,7415.12
1024,1024,16,64,7293.14
1024,1024,16,128,7421.5
1024,1024,16,256,7502.03
1024,1024,16,512,7599.52
1024,1024,16,1024,7637.31
1024,1024,16,2048,8010.42
1024,1024,16,4096,9753.03
1024,1024,16,8192,13073.9
1024,1024,32,16,7453.57
1024,1024,32,32,7347.43
1024,1024,32,64,7436.25
1024,1024,32,128,7418.05
1024,1024,32,256,7578.22
1024,1024,32,512,7582.08
1024,1024,32,1024,7779.64
1024,1024,32,2048,8499.68
1024,1024,32,4096,10734
1024,1024,32,8192,14667.1
1024,1024,64,16,7173.56
1024,1024,64,32,7267.14
1024,1024,64,64,7193.27
1024,1024,64,128,7311.76
1024,1024,64,256,7432.57
1024,1024,64,512,7539.82
1024,1024,64,1024,8039.27
1024,1024,64,2048,11947.5
1024,1024,64,4096,14035.8
1024,1024,64,8192,20475.2
1024,1024,128,16,7512.04
1024,1024,128,32,7677.52
1024,1024,128,64,7657.56
1024,1024,128,128,7797.81
1024,1024,128,256,7922.74
1024,1024,128,512,8391.44
1024,1024,128,1024,9500.79
1024,1024,128,2048,12009.2
1024,1024,128,4096,16911
1024,1024,128,8192,23740.3
1024,2048,0,0,9234.75
1024,2048,1,16,9232.56
1024,2048,1,32,9245.64
1024,2048,1,64,9233.95
1024,2048,1,128,9234.79
1024,2048,1,256,9263.45
1024,2048,1,512,9241.41
1024,2048,1,1024,9235.18
1024,2048,1,2048,9214.86
1024,2048,1,4096,9518.07
1024,2048,1,8192,10635.3
1024,2048,2,16,9245.5
1024,2048,2,32,9234.52
1024,2048,2,64,9230.35
1024,2048,2,128,9239.35
1024,2048,2,256,9219.19
1024,2048,2,512,9255
1024,2048,2,1024,9238.37
1024,2048,2,2048,9287.82
1024,2048,2,4096,9511.1
1024,2048,2,8192,10808.8
1024,2048,4,16,9264.78
1024,2048,4,32,9258.12
1024,2048,4,64,9273.59
1024,2048,4,128,9252.94
1024,2048,4,256,9243.67
1024,2048,4,512,9287.21
1024,2048,4,1024,9411.45
1024,2048,4,2048,9407.84
1024,2048,4,4096,9706.97
1024,2048,4,8192,11573.2
1024,2048,8,16,9377.4
1024,2048,8,32,9382.55
1024,2048,8,64,9369.88
1024,2048,8,128,9369.43
1024,2048,8,256,9382.92
1024,2048,8,512,9403.3
1024,2048,8,1024,9442.6
1024,2048,8,2048,9453.36
1024,2048,8,4096,10048.8
1024,2048,8,8192,11590.6
1024,2048,16,16,9375.47
1024,2048,16,32,9367.01
1024,2048,16,64,9345.36
1024,2048,16,128,9377.55
1024,2048,16,256,9438.04
1024,2048,16,512,9440.33
1024,2048,16,1024,9463.39
1024,2048,16,2048,9575.23
1024,2048,16,4096,10274.8
1024,2048,16,8192,13007.3
1024,2048,32,16,9326.12
1024,2048,32,32,9376.28
1024,2048,32,64,9336.2
1024,2048,32,128,9296.47
1024,2048,32,256,9577.04
1024,2048,32,512,9698.56
1024,2048,32,1024,9763.23
1024,2048,32,2048,10065.6
1024,2048,32,4096,11531.1
1024,2048,32,8192,13631.4
1024,2048,64,16,9502.35
1024,2048,64,32,9572.81
1024,2048,64,64,9593.91
1024,2048,64,128,9715.92
1024,2048,64,256,10120
1024,2048,64,512,10202.3
1024,2048,64,1024,10508.7
1024,2048,64,2048,11184.8
1024,2048,64,4096,13832.7
1024,2048,64,8192,18639.8
1024,2048,128,16,9035.81
1024,2048,128,32,9395.12
1024,2048,128,64,9762.64
1024,2048,128,128,9910.56
1024,2048,128,256,9958.98
1024,2048,128,512,10297.3
1024,2048,128,1024,15667.5
1024,2048,128,2048,14780.7
1024,2048,128,4096,16736.6
1024,2048,128,8192,23349.9
1024,4096,0,0,15462.9
1024,4096,1,16,15362.1
1024,4096,1,32,15641.7
1024,4096,1,64,15307.1
1024,4096,1,128,15592
1024,4096,1,256,16182.5
1024,4096,1,512,15581.3
1024,4096,1,1024,15866.7
1024,4096,1,2048,15713.1
1024,4096,1,4096,15844.6
1024,4096,1,8192,16408
1024,4096,2,16,15478.2
1024,4096,2,32,15738.3
1024,4096,2,64,16160.6
1024,4096,2,128,15963.9
1024,4096,2,256,15589.1
1024,4096,2,512,15435.6
1024,4096,2,1024,15514.6
1024,4096,2,2048,15352.1
1024,4096,2,4096,15353.1
1024,4096,2,8192,16136.2
1024,4096,4,16,15652.7
1024,4096,4,32,16197.3
1024,4096,4,64,15490.5
1024,4096,4,128,15315.5
1024,4096,4,256,15349.5
1024,4096,4,512,15504.6
1024,4096,4,1024,15517.1
1024,4096,4,2048,15511.7
1024,4096,4,4096,15367.2
1024,4096,4,8192,16395
1024,4096,8,16,15579.9
1024,4096,8,32,15851.6
1024,4096,8,64,15547.2
1024,4096,8,128,15626.5
1024,4096,8,256,16023.9
1024,4096,8,512,15589.5
1024,4096,8,1024,15624.5
1024,4096,8,2048,15749.3
1024,4096,8,4096,15572.1
1024,4096,8,8192,17058.9
1024,4096,16,16,15360.2
1024,4096,16,32,15345.5
1024,4096,16,64,15583.8
1024,4096,16,128,16028.5
1024,4096,16,256,16061.3
1024,4096,16,512,15935.6
1024,4096,16,1024,15759.2
1024,4096,16,2048,16282.7
1024,4096,16,4096,16386.4
1024,4096,16,8192,18971.8
1024,4096,32,16,15608
1024,4096,32,32,15855.2
1024,4096,32,64,16538
1024,4096,32,128,15545.4
1024,4096,32,256,15442.8
1024,4096,32,512,15980.9
1024,4096,32,1024,16521.5
1024,4096,32,2048,16383.9
1024,4096,32,4096,17094.6
1024,4096,32,8192,19208.3
1024,4096,64,16,15707.7
1024,4096,64,32,15480.6
1024,4096,64,64,15612.5
1024,4096,64,128,16440.1
1024,4096,64,256,16882.5
1024,4096,64,512,15853.8
1024,4096,64,1024,16276.2
1024,4096,64,2048,17280.5
1024,4096,64,4096,17565.7
1024,4096,64,8192,22814.6
1024,4096,128,16,15573.8
1024,4096,128,32,15890.3
1024,4096,128,64,16191.1
1024,4096,128,128,17318.6
1024,4096,128,256,17385.6
1024,4096,128,512,16993.2
1024,4096,128,1024,17003.4
1024,4096,128,2048,18172.2
1024,4096,128,4096,22742.5
1024,4096,128,8192,28293.4
1024,8192,0,0,28861.4
1024,8192,1,16,29125.2
1024,8192,1,32,29036.3
1024,8192,1,64,28846.4
1024,8192,1,128,28844.3
1024,8192,1,256,28843
1024,8192,1,512,28870.7
1024,8192,1,1024,28928.9
1024,8192,1,2048,29168
1024,8192,1,4096,28841.2
1024,8192,1,8192,29026.2
1024,8192,2,16,28936.1
1024,8192,2,32,29136.6
1024,8192,2,64,28823.2
1024,8192,2,128,29013.3
1024,8192,2,256,29152.2
1024,8192,2,512,28857.5
1024,8192,2,1024,28848.3
1024,8192,2,2048,28938.4
1024,8192,2,4096,29161.9
1024,8192,2,8192,28859
1024,8192,4,16,28859.3
1024,8192,4,32,28861.4
1024,8192,4,64,28854.4
1024,8192,4,128,29056.9
1024,8192,4,256,29127.5
1024,8192,4,512,29054
1024,8192,4,1024,29190.4
1024,8192,4,2048,28878.9
1024,8192,4,4096,28890.1
1024,8192,4,8192,28912.8
1024,8192,8,16,29151
1024,8192,8,32,29231.6
1024,8192,8,64,29264.7
1024,8192,8,128,29156.9
1024,8192,8,256,28895.7
1024,8192,8,512,29048.1
1024,8192,8,1024,29151.3
1024,8192,8,2048,29116.6
1024,8192,8,4096,29182.3
1024,8192,8,8192,28932.9
1024,8192,16,16,29154.2
1024,8192,16,32,28871.3
1024,8192,16,64,28813.4
1024,8192,16,128,29060.9
1024,8192,16,256,29387
1024,8192,16,512,29237.1
1024,8192,16,1024,28991.4
1024,8192,16,2048,28956.8
1024,8192,16,4096,29357.8
1024,8192,16,8192,29229.2
1024,8192,32,16,29657
1024,8192,32,32,29170.5
1024,8192,32,64,29710.5
1024,8192,32,128,29213.7
1024,8192,32,256,29631.3
1024,8192,32,512,29642.1
1024,8192,32,1024,29851.2
1024,8192,32,2048,29801.5
1024,8192,32,4096,30149.6
1024,8192,32,8192,32576.5
1024,8192,64,16,29614.6
1024,8192,64,32,30406.1
1024,8192,64,64,29529
1024,8192,64,128,29855.7
1024,8192,64,256,29798.8
1024,8192,64,512,29367.2
1024,8192,64,1024,30441.5
1024,8192,64,2048,31747
1024,8192,64,4096,31504.5
1024,8192,64,8192,34678
1024,8192,128,16,30849.5
1024,8192,128,32,29808.1
1024,8192,128,64,29990.2
1024,8192,128,128,29589
1024,8192,128,256,29584.7
1024,8192,128,512,30907.2
1024,8192,128,1024,30735
1024,8192,128,2048,32560.4
1024,8192,128,4096,35044.8
1024,8192,128,8192,40973.3
2048,0,0,0,7089.36
2048,0,1,16,7710.23
2048,0,1,32,8150.54
2048,0,1,64,8138.44
2048,0,1,128,8242.28
2048,0,1,256,8342.59
2048,0,1,512,8371.8
2048,0,1,1024,8370.26
2048,0,1,2048,8351.21
2048,0,1,4096,9082.86
2048,0,1,8192,10261.1
2048,0,2,16,7738.43
2048,0,2,32,7791.26
2048,0,2,64,8223.67
2048,0,2,128,8193.16
2048,0,2,256,8205.9
2048,0,2,512,8223.18
2048,0,2,1024,8216.68
2048,0,2,2048,8421.54
2048,0,2,4096,8934.41
2048,0,2,8192,10433.3
2048,0,4,16,7714.98
2048,0,4,32,8014.63
2048,0,4,64,8256.28
2048,0,4,128,8348.49
2048,0,4,256,8331.03
2048,0,4,512,8330.53
2048,0,4,1024,8398.55
2048,0,4,2048,8478
2048,0,4,4096,9234.82
2048,0,4,8192,11276
2048,0,8,16,8320.9
2048,0,8,32,8332.63
2048,0,8,64,8317.27
2048,0,8,128,8357.68
2048,0,8,256,8339.11
2048,0,8,512,8357.49
2048,0,8,1024,8415.33
2048,0,8,2048,8596.31
2048,0,8,4096,9395.04
2048,0,8,8192,11861.6
2048,0,16,16,7086.89
2048,0,16,32,7808.23
2048,0,16,64,7831.22
2048,0,16,128,8093.07
2048,0,16,256,8170.08
2048,0,16,512,8236.2
2048,0,16,1024,8289.13
2048,0,16,2048,8614.62
2048,0,16,4096,10265.9
2048,0,16,8192,12159.3
2048,0,32,16,7132.7
2048,0,32,32,8051.33
2048,0,32,64,8041.58
2048,0,32,128,8101.55
2048,0,32,256,8221.97
2048,0,32,512,8323.82
2048,0,32,1024,8688.47
2048,0,32,2048,9298.81
2048,0,32,4096,11198.4
2048,0,32,8192,12866.7
2048,0,64,16,7202.02
2048,0,64,32,8137.97
2048,0,64,64,8200.36
2048,0,64,128,7917.79
2048,0,64,256,8199.51
2048,0,64,512,8309.13
2048,0,64,1024,9090.59
2048,0,64,2048,10266
2048,0,64,4096,13066.3
2048,0,64,8192,18278.5
2048,0,128,16,7733.96
2048,0,128,32,8364.94
2048,0,128,64,8596.5
2048,0,128,128,7850.13
2048,0,128,256,8076.63
2048,0,128,512,8982.89
2048,0,128,1024,10413.8
2048,0,128,2048,10601.2
2048,0,128,4096,14431.3
2048,0,128,8192,20820.6
2048,16,0,0,7329.26
2048,16,1,16,7918.4
2048,16,1,32,8259.65
2048,16,1,64,8302.91
2048,16,1,128,8348.47
2048,16,1,256,8437.41
2048,16,1,512,8451.41
2048,16,1,1024,8435.35
2048,16,1,2048,8504.42
2048,16,1,4096,9051.17
2048,16,1,8192,10472.2
2048,16,2,16,7892.14
2048,16,2,32,7930.73
2048,16,2,64,7976.66
2048,16,2,128,8046.51
2048,16,2,256,8125.95
2048,16,2,512,8153.11
2048,16,2,1024,8267.06
2048,16,2,2048,8402.62
2048,16,2,4096,8844.38
2048,16,2,8192,10491.2
2048,16,4,16,7769.7
2048,16,4,32,8145.05
2048,16,4,64,8160.47
2048,16,4,128,8130.6
2048,16,4,256,8126.53
2048,16,4,512,8263.65
2048,16,4,1024,8403.12
2048,16,4,2048,8550.64
2048,16,4,4096,9333.25
2048,16,4,8192,11047.7
2048,16,8,16,8264.87
2048,16,8,32,8242.56
2048,16,8,64,8259.97
2048,16,8,128,8274.92
2048,16,8,256,8485.13
2048,16,8,512,8501.23
2048,16,8,1024,8514.02
2048,16,8,2048,8717.78
2048,16,8,4096,9920.28
2048,16,8,8192,11838.4
2048,16,16,16,7921.08
2048,16,16,32,8026.9
2048,16,16,64,8115.66
2048,16,16,128,8175.87
2048,16,16,256,8270
2048,16,16,512,8313.05
2048,16,16,1024,8389.04
2048,16,16,2048,8811.25
2048,16,16,4096,10219.4
2048,16,16,8192,12904.1
2048,16,32,16,7408.99
2048,16,32,32,8061.41
2048,16,32,64,8026.08
2048,16,32,128,8403.05
2048,16,32,256,8466.47
2048,16,32,512,8554.15
2048,16,32,1024,8741.09
2048,16,32,2048,9073.84
2048,16,32,4096,10844.4
2048,16,32,8192,14462.8
2048,16,64,16,7697.19
2048,16,64,32,7970.89
2048,16,64,64,8196.33
2048,16,64,128,8338.96
2048,16,64,256,8427.36
2048,16,64,512,8432.23
2048,16,64,1024,9204.15
2048,16,64,2048,9306.51
2048,16,64,4096,12137.5
2048,16,64,8192,17139
2048,16,128,16,7124.14
2048,16,128,32,8130.42
2048,16,128,64,8373.97
2048,16,128,128,8467.75
2048,16,128,256,8051.54
2048,16,128,512,8746.83
2048,16,128,1024,9310.49
2048,16,128,2048,11063.2
2048,16,128,4096,15532.4
2048,16,128,8192,25180.1
2048,32,0,0,8377.27
2048,32,1,16,8396.2
2048,32,1,32,8327.1
2048,32,1,64,8415.82
2048,32,1,128,8460.42
2048,32,1,256,8489.63
2048,32,1,512,8483.26
2048,32,1,1024,8482.65
2048,32,1,2048,8627.08
2048,32,1,4096,8997.07
2048,32,1,8192,10569.2
2048,32,2,16,8591.22
2048,32,2,32,8600.76
2048,32,2,64,8563.94
2048,32,2,128,8598.92
2048,32,2,256,8545.17
2048,32,2,512,8595.53
2048,32,2,1024,8595.35
2048,32,2,2048,8629.98
2048,32,2,4096,9232.08
2048,32,2,8192,10798.3
2048,32,4,16,7789.95
2048,32,4,32,8234.87
2048,32,4,64,8370.81
2048,32,4,128,8369.5
2048,32,4,256,8386.93
2048,32,4,512,8364.5
2048,32,4,1024,8423.6
2048,32,4,2048,8491.5
2048,32,4,4096,9183.5
2048,32,4,8192,11203.9
2048,32,8,16,7622.76
2048,32,8,32,8036.16
2048,32,8,64,8252
2048,32,8,128,8495.57
2048,32,8,256,8482.59
2048,32,8,512,8536.55
2048,32,8,1024,8567.33
2048,32,8,2048,8698.57
2048,32,8,4096,9746.96
2048,32,8,8192,11871.2
2048,32,16,16,8241.73
2048,32,16,32,8357.26
2048,32,16,64,8404.34
2048,32,16,128,8399.38
2048,32,16,256,8426.94
2048,32,16,512,8456.28
2048,32,16,1024,8586.11
2048,32,16,2048,8932.16
2048,32,16,4096,10498.7
2048,32,16,8192,13340.2
2048,32,32,16,8502.14
2048,32,32,32,8613.65
2048,32,32,64,8605.97
2048,32,32,128,8630.61
2048,32,32,256,8418.4
2048,32,32,512,8503.09
2048,32,32,1024,9058.27
2048,32,32,2048,9626.46
2048,32,32,4096,10971.5
2048,32,32,8192,12773.5
2048,32,64,16,7732.95
2048,32,64,32,8424.2
2048,32,64,64,8416.86
2048,32,64,128,8296.59
2048,32,64,256,8774.37
2048,32,64,512,8135.31
2048,32,64,1024,8615.35
2048,32,64,2048,9501.51
2048,32,64,4096,12804.3
2048,32,64,8192,16132.9
2048,32,128,16,7396.46
2048,32,128,32,7948.03
2048,32,128,64,8053.14
2048,32,128,128,11978.1
2048,32,128,256,11083
2048,32,128,512,11559.8
2048,32,128,1024,11429.3
2048,32,128,2048,12758.5
2048,32,128,4096,14599.6
2048,32,128,8192,21521.7
2048,64,0,0,7679.86
2048,64,1,16,8280.61
2048,64,1,32,8280.9
2048,64,1,64,8226.31
2048,64,1,128,8278.93
2048,64,1,256,8288.82
2048,64,1,512,8307.32
2048,64,1,1024,8599.81
2048,64,1,2048,8601.9
2048,64,1,4096,9119.17
2048,64,1,8192,10290.3
2048,64,2,16,7995.45
2048,64,2,32,8371.88
2048,64,2,64,8471.14
2048,64,2,128,8500.06
2048,64,2,256,8700.97
2048,64,2,512,8821.31
2048,64,2,1024,8834.25
2048,64,2,2048,8875.03
2048,64,2,4096,9406.66
2048,64,2,8192,10644.5
2048,64,4,16,8093.7
2048,64,4,32,8452.33
2048,64,4,64,8502.43
2048,64,4,128,8489.04
2048,64,4,256,8483.77
2048,64,4,512,8507.1
2048,64,4,1024,8539.11
2048,64,4,2048,8606.23
2048,64,4,4096,9733.08
2048,64,4,8192,11780.7
2048,64,8,16,7736.33
2048,64,8,32,8257.59
2048,64,8,64,8503.55
2048,64,8,128,8603.2
2048,64,8,256,8653.65
2048,64,8,512,8635.63
2048,64,8,1024,8646.53
2048,64,8,2048,8823.78
2048,64,8,4096,10020
2048,64,8,8192,12811.8
2048,64,16,16,8219.69
2048,64,16,32,8315.07
2048,64,16,64,8409.73
2048,64,16,128,8429.81
2048,64,16,256,8496.55
2048,64,16,512,8655.21
2048,64,16,1024,8766.74
2048,64,16,2048,9004.3
2048,64,16,4096,10637.9
2048,64,16,8192,13436.2
2048,64,32,16,7568.35
2048,64,32,32,8109.44
2048,64,32,64,8231.57
2048,64,32,128,8569.5
2048,64,32,256,8772.22
2048,64,32,512,9187.49
2048,64,32,1024,9432.24
2048,64,32,2048,9254.61
2048,64,32,4096,10430.2
2048,64,32,8192,13162.6
2048,64,64,16,7541.89
2048,64,64,32,8760
2048,64,64,64,7968.78
2048,64,64,128,8371.3
2048,64,64,256,8419.02
2048,64,64,512,8747.82
2048,64,64,1024,8755.63
2048,64,64,2048,10475
2048,64,64,4096,13044.7
2048,64,64,8192,16793.8
2048,64,128,16,8200.08
2048,64,128,32,8124.61
2048,64,128,64,8624.25
2048,64,128,128,9063.8
2048,64,128,256,9245.8
2048,64,128,512,9244.61
2048,64,128,1024,9983.87
2048,64,128,2048,11646.4
2048,64,128,4096,20211
2048,64,128,8192,26665.3
2048,128,0,0,9251.14
2048,128,1,16,9304.13
2048,128,1,32,9287.59
2048,128,1,64,9262.65
2048,128,1,128,9270.82
2048,128,1,256,9292.95
2048,128,1,512,9271.95
2048,128,1,1024,9289.88
2048,128,1,2048,9303.44
2048,128,1,4096,9495.06
2048,128,1,8192,10734.6
2048,128,2,16,8825.46
2048,128,2,32,8860.69
2048,128,2,64,8939.11
2048,128,2,128,8945.7
2048,128,2,256,9078.88
2048,128,2,512,9052.77
2048,128,2,1024,9087.97
2048,128,2,2048,9103.68
2048,128,2,4096,9720.72
2048,128,2,8192,11577.7
2048,128,4,16,8269.95
2048,128,4,32,8737.63
2048,128,4,64,8852.27
2048,128,4,128,8835.42
2048,128,4,256,8842.43
2048,128,4,512,8963.66
2048,128,4,1024,8975.69
2048,128,4,2048,9046.77
2048,128,4,4096,9898.69
2048,128,4,8192,11921.4
2048,128,8,16,8734.09
2048,128,8,32,9091.54
2048,128,8,64,9185.76
2048,128,8,128,9213.33
2048,128,8,256,9180.23
2048,128,8,512,9233.24
2048,128,8,1024,9288.52
2048,128,8,2048,9401.1
2048,128,8,4096,10361.2
2048,128,8,8192,12450.7
2048,128,16,16,8949.35
2048,128,16,32,8932.64
2048,128,16,64,9083.2
2048,128,16,128,9115.05
2048,128,16,256,9213.9
2048,128,16,512,9297.77
2048,128,16,1024,9256.51
2048,128,16,2048,9472.92
2048,128,16,4096,10577.4
2048,128,16,8192,12700.8
2048,128,32,16,8552.66
2048,128,32,32,8983.35
2048,128,32,64,9210.36
2048,128,32,128,8762.54
2048,128,32,256,9198.7
2048,128,32,512,9011.06
2048,128,32,1024,9096.77
2048,128,32,2048,10119.3
2048,128,32,4096,11887.9
2048,128,32,8192,14156.4
2048,128,64,16,8563.82
2048,128,64,32,8457.29
2048,128,64,64,9441.47
2048,128,64,128,9513.09
2048,128,64,256,8503.46
2048,128,64,512,9226.39
2048,128,64,1024,9103.99
2048,128,64,2048,10124.4
2048,128,64,4096,13516.4
2048,128,64,8192,18646.7
2048,128,128,16,9113.12
2048,128,128,32,8743.93
2048,128,128,64,8970.36
2048,128,128,128,8891.44
2048,128,128,256,9141.54
2048,128,128,512,9111.45
2048,128,128,1024,9756.04
2048,128,128,2048,11405.6
2048,128,128,4096,15210.8
2048,128,128,8192,22907.9
2048,256,0,0,9288.04
2048,256,1,16,9324.12
2048,256,1,32,9440.85
2048,256,1,64,9913.58
2048,256,1,128,9891.92
2048,256,1,256,9669.71
2048,256,1,512,9905.25
2048,256,1,1024,9406.36
2048,256,1,2048,10050.1
2048,256,1,4096,9952.26
2048,256,1,8192,11340.2
2048,256,2,16,9330.75
2048,256,2,32,9593.16
2048,256,2,64,10025.1
2048,256,2,128,10041.3
2048,256,2,256,9660.29
2048,256,2,512,9838.13
2048,256,2,1024,9734.22
2048,256,2,2048,9840.39
2048,256,2,4096,10667.3
2048,256,2,8192,11576.3
2048,256,4,16,9327.26
2048,256,4,32,9571.77
2048,256,4,64,9897.34
2048,256,4,128,9754.52
2048,256,4,256,9535.64
2048,256,4,512,9921.95
2048,256,4,1024,9712.3
2048,256,4,2048,9812.94
2048,256,4,4096,11002
2048,256,4,8192,11302.8
2048,256,8,16,8933.57
2048,256,8,32,9264.21
2048,256,8,64,9697.52
2048,256,8,128,9929.57
2048,256,8,256,9680.45
2048,256,8,512,9385.14
2048,256,8,1024,9435.68
2048,256,8,2048,10094.2
2048,256,8,4096,10964.1
2048,256,8,8192,12022.4
2048,256,16,16,8551.52
2048,256,16,32,9442.51
2048,256,16,64,9543.16
2048,256,16,128,9822.87
2048,256,16,256,9926.42
2048,256,16,512,9546.01
2048,256,16,1024,9626.76
2048,256,16,2048,9832.35
2048,256,16,4096,11444.8
2048,256,16,8192,13020.9
2048,256,32,16,9173.16
2048,256,32,32,9587.42
2048,256,32,64,9708.96
2048,256,32,128,9954.42
2048,256,32,256,9413.95
2048,256,32,512,10210.6
2048,256,32,1024,9599.6
2048,256,32,2048,9787.09
2048,256,32,4096,12045.6
2048,256,32,8192,15103.5
2048,256,64,16,9029.4
2048,256,64,32,10111.7
2048,256,64,64,9669.02
2048,256,64,128,10155.8
2048,256,64,256,10219.4
2048,256,64,512,10442
2048,256,64,1024,10790
2048,256,64,2048,14137.5
2048,256,64,4096,14945.2
2048,256,64,8192,18933.4
2048,256,128,16,9181.87
2048,256,128,32,9902.53
2048,256,128,64,9291.06
2048,256,128,128,10342.3
2048,256,128,256,9305.68
2048,256,128,512,10659
2048,256,128,1024,10450.7
2048,256,128,2048,12568.4
2048,256,128,4096,16686
2048,256,128,8192,24091.4
2048,512,0,0,10359.9
2048,512,1,16,11354.6
2048,512,1,32,11385.3
2048,512,1,64,11386.7
2048,512,1,128,10547.5
2048,512,1,256,10968.2
2048,512,1,512,11604.8
2048,512,1,1024,10666
2048,512,1,2048,11291
2048,512,1,4096,11084.3
2048,512,1,8192,12868.2
2048,512,2,16,11685.9
2048,512,2,32,10459
2048,512,2,64,11536.9
2048,512,2,128,11662.7
2048,512,2,256,10634.9
2048,512,2,512,10869.6
2048,512,2,1024,10636.2
2048,512,2,2048,10701.3
2048,512,2,4096,11910.8
2048,512,2,8192,12481.5
2048,512,4,16,11285
2048,512,4,32,11263
2048,512,4,64,10576.5
2048,512,4,128,11556.2
2048,512,4,256,11124.8
2048,512,4,512,11800.4
2048,512,4,1024,10573.4
2048,512,4,2048,11615.6
2048,512,4,4096,10885.7
2048,512,4,8192,12413.1
2048,512,8,16,10564.7
2048,512,8,32,10900.6
2048,512,8,64,11294.7
2048,512,8,128,10974.6
2048,512,8,256,10623.8
2048,512,8,512,10421.3
2048,512,8,1024,11301.2
2048,512,8,2048,11986.2
2048,512,8,4096,11404.9
2048,512,8,8192,13891.1
2048,512,16,16,10844
2048,512,16,32,11330.8
2048,512,16,64,11842.8
2048,512,16,128,11870.2
2048,512,16,256,12148.8
2048,512,16,512,12011.5
2048,512,16,1024,11670.5
2048,512,16,2048,11576.4
2048,512,16,4096,12512
2048,512,16,8192,16447.5
2048,512,32,16,11553.2
2048,512,32,32,10682.1
2048,512,32,64,11841.5
2048,512,32,128,11753.5
2048,512,32,256,10627.9
2048,512,32,512,12207.9
2048,512,32,1024,12487.7
2048,512,32,2048,11106
2048,512,32,4096,13086.3
2048,512,32,8192,15658.4
2048,512,64,16,10375.9
2048,512,64,32,10549.2
2048,512,64,64,11192.3
2048,512,64,128,12564.8
2048,512,64,256,11564.8
2048,512,64,512,11257.7
2048,512,64,1024,11619.4
2048,512,64,2048,14348.4
2048,512,64,4096,16575.4
2048,512,64,8192,21237.7
2048,512,128,16,11261.3
2048,512,128,32,10714.3
2048,512,128,64,11198.5
2048,512,128,128,11627.4
2048,512,128,256,12027.5
2048,512,128,512,11849.7
2048,512,128,1024,11932.4
2048,512,128,2048,14626.3
2048,512,128,4096,18851.6
2048,512,128,8192,25164.5
2048,1024,0,0,14101.2
2048,1024,1,16,14062.9
2048,1024,1,32,14043.7
2048,1024,1,64,14096.8
2048,1024,1,128,14150.5
2048,1024,1,256,13431.8
2048,1024,1,512,14261.2
2048,1024,1,1024,13815.2
2048,1024,1,2048,14780.1
2048,1024,1,4096,14149.1
2048,1024,1,8192,14860.4
2048,1024,2,16,13687.9
2048,1024,2,32,13932.9
2048,1024,2,64,13564.9
2048,1024,2,128,13742.4
2048,1024,2,256,13424.7
2048,1024,2,512,13908.2
2048,1024,2,1024,13824.8
2048,1024,2,2048,13579
2048,1024,2,4096,14156.7
2048,1024,2,8192,15048.4
2048,1024,4,16,13916.7
2048,1024,4,32,14653.6
2048,1024,4,64,14421.6
2048,1024,4,128,15414.3
2048,1024,4,256,14910.6
2048,1024,4,512,14458.6
2048,1024,4,1024,14095.7
2048,1024,4,2048,13758.1
2048,1024,4,4096,14166.7
2048,1024,4,8192,15461
2048,1024,8,16,13488.8
2048,1024,8,32,14051.4
2048,1024,8,64,14028.5
2048,1024,8,128,13494.5
2048,1024,8,256,13347.7
2048,1024,8,512,14244.7
2048,1024,8,1024,14392.7
2048,1024,8,2048,14619.3
2048,1024,8,4096,14888
2048,1024,8,8192,17291.9
2048,1024,16,16,13910.5
2048,1024,16,32,13401.2
2048,1024,16,64,14357.7
2048,1024,16,128,14373.1
2048,1024,16,256,13368.2
2048,1024,16,512,13975
2048,1024,16,1024,14783.2
2048,1024,16,2048,14120.5
2048,1024,16,4096,14619
2048,1024,16,8192,18117.8
2048,1024,32,16,13738.4
2048,1024,32,32,14592.7
2048,1024,32,64,13635.9
2048,1024,32,128,14575.7
2048,1024,32,256,15911.4
2048,1024,32,512,15524
2048,1024,32,1024,14398.9
2048,1024,32,2048,15175.2
2048,1024,32,4096,17447.9
2048,1024,32,8192,21008
2048,1024,64,16,14698.9
2048,1024,64,32,14579
2048,1024,64,64,15589.7
2048,1024,64,128,14398.3
2048,1024,64,256,14823.9
2048,1024,64,512,15355.9
2048,1024,64,1024,16280.9
2048,1024,64,2048,15959.4
2048,1024,64,4096,19558.2
2048,1024,64,8192,23217.7
2048,1024,128,16,14803.4
2048,1024,128,32,15060
2048,1024,128,64,14280.5
2048,1024,128,128,15940.3
2048,1024,128,256,14900
2048,1024,128,512,14719.2
2048,1024,128,1024,15461.2
2048,1024,128,2048,17382.9
2048,1024,128,4096,20495.1
2048,1024,128,8192,26709.5
2048,2048,0,0,20411.2
2048,2048,1,16,21604.2
2048,2048,1,32,20701.7
2048,2048,1,64,20704.6
2048,2048,1,128,21705.7
2048,2048,1,256,20929.1
2048,2048,1,512,20545.2
2048,2048,1,1024,20585.3
2048,2048,1,2048,19926.7
2048,2048,1,4096,20877.1
2048,2048,1,8192,22521.3
2048,2048,2,16,20471.9
2048,2048,2,32,21018.2
2048,2048,2,64,20781.7
2048,2048,2,128,20596.7
2048,2048,2,256,21634
2048,2048,2,512,20216
2048,2048,2,1024,21502
2048,2048,2,2048,20587.4
2048,2048,2,4096,20295.2
2048,2048,2,8192,22644.6
2048,2048,4,16,21299.4
2048,2048,4,32,20309.8
2048,2048,4,64,21202
2048,2048,4,128,21486.2
2048,2048,4,256,21525.5
2048,2048,4,512,21033.5
2048,2048,4,1024,21105.8
2048,2048,4,2048,21103.2
2048,2048,4,4096,20993.1
2048,2048,4,8192,23263.8
2048,2048,8,16,20779.5
2048,2048,8,32,21113.9
2048,2048,8,64,21208
2048,2048,8,128,20633.9
2048,2048,8,256,20945.7
2048,2048,8,512,20811.8
2048,2048,8,1024,20421.6
2048,2048,8,2048,20671.9
2048,2048,8,4096,21798
2048,2048,8,8192,22507.2
2048,2048,16,16,20966.5
2048,2048,16,32,20879.8
2048,2048,16,64,20260.4
2048,2048,16,128,20632
2048,2048,16,256,20773.8
2048,2048,16,512,21588.8
2048,2048,16,1024,21905.3
2048,2048,16,2048,20811.2
2048,2048,16,4096,22706.4
2048,2048,16,8192,23378.5
2048,2048,32,16,21198
2048,2048,32,32,22567.1
2048,2048,32,64,21414.3
2048,2048,32,128,21471.1
2048,2048,32,256,21817.5
2048,2048,32,512,20699.2
2048,2048,32,1024,22330.7
2048,2048,32,2048,22456.4
2048,2048,32,4096,22355.8
2048,2048,32,8192,25665
2048,2048,64,16,21268.1
2048,2048,64,32,20977.4
2048,2048,64,64,22083.2
2048,2048,64,128,21453.6
2048,2048,64,256,21412.4
2048,2048,64,512,22016.4
2048,2048,64,1024,23041.9
2048,2048,64,2048,24113.1
2048,2048,64,4096,24252.4
2048,2048,64,8192,29393.1
2048,2048,128,16,21340.7
2048,2048,128,32,22468
2048,2048,128,64,21069.9
2048,2048,128,128,22317.8
2048,2048,128,256,22571.1
2048,2048,128,512,22854.1
2048,2048,128,1024,22877.3
2048,2048,128,2048,24254.7
2048,2048,128,4096,28502.9
2048,2048,128,8192,35199.2
2048,4096,0,0,36118.2
2048,4096,1,16,33886.9
2048,4096,1,32,34946.6
2048,4096,1,64,34083.6
2048,4096,1,128,34194.2
2048,4096,1,256,35115.1
2048,4096,1,512,34461.4
2048,4096,1,1024,35001.5
2048,4096,1,2048,36287.4
2048,4096,1,4096,34991.7
2048,4096,1,8192,34723.7
2048,4096,2,16,34469.4
2048,4096,2,32,34379.5
2048,4096,2,64,34842.4
2048,4096,2,128,34486.5
2048,4096,2,256,33335.2
2048,4096,2,512,32877.5
2048,4096,2,1024,34208.6
2048,4096,2,2048,35129.1
2048,4096,2,4096,36190.2
2048,4096,2,8192,34815.3
2048,4096,4,16,33848.6
2048,4096,4,32,32428.5
2048,4096,4,64,32316.5
2048,4096,4,128,32549.7
2048,4096,4,256,34909
2048,4096,4,512,35849
2048,4096,4,1024,35240.2
2048,4096,4,2048,35293.8
2048,4096,4,4096,34278.3
2048,4096,4,8192,34702.3
2048,4096,8,16,32977.2
2048,4096,8,32,34195
2048,4096,8,64,32799.9
2048,4096,8,128,32741.4
2048,4096,8,256,34918.1
2048,4096,8,512,35056.4
2048,4096,8,1024,34839.3
2048,4096,8,2048,34076.7
2048,4096,8,4096,33526.2
2048,4096,8,8192,35626.9
2048,4096,16,16,33988.1
2048,4096,16,32,33134.6
2048,4096,16,64,33913.3
2048,4096,16,128,33370
2048,4096,16,256,33996.5
2048,4096,16,512,33611.9
2048,4096,16,1024,35306.2
2048,4096,16,2048,34440.6
2048,4096,16,4096,35767
2048,4096,16,8192,37452.1
2048,4096,32,16,35615.4
2048,4096,32,32,33886.4
2048,4096,32,64,35174
2048,4096,32,128,34819.9
2048,4096,32,256,35062
2048,4096,32,512,35373.4
2048,4096,32,1024,33332.6
2048,4096,32,2048,34027.4
2048,4096,32,4096,34831.2
2048,4096,32,8192,37780.6
2048,4096,64,16,35289.1
2048,4096,64,32,35245.7
2048,4096,64,64,33178.4
2048,4096,64,128,32979.8
2048,4096,64,256,35112.9
2048,4096,64,512,36523.8
2048,4096,64,1024,36758.9
2048,4096,64,2048,36788.5
2048,4096,64,4096,37925.8
2048,4096,64,8192,41775.4
2048,4096,128,16,35719.5
2048,4096,128,32,34002.3
2048,4096,128,64,36005.6
2048,4096,128,128,35854.6
2048,4096,128,256,35846.5
2048,4096,128,512,36160.6
2048,4096,128,1024,36900.2
2048,4096,128,2048,37710.3
2048,4096,128,4096,42430.7
2048,4096,128,8192,46546.2
2048,8192,0,0,57708.9
2048,8192,1,16,59259.4
2048,8192,1,32,59655.8
2048,8192,1,64,57313.7
2048,8192,1,128,60197.4
2048,8192,1,256,57506.7
2048,8192,1,512,59726.6
2048,8192,1,1024,60078.4
2048,8192,1,2048,61604.2
2048,8192,1,4096,59702
2048,8192,1,8192,60531.6
2048,8192,2,16,60252.3
2048,8192,2,32,61876.9
2048,8192,2,64,59812.5
2048,8192,2,128,59996.5
2048,8192,2,256,59846.7
2048,8192,2,512,60075.5
2048,8192,2,1024,60107.1
2048,8192,2,2048,62097.6
2048,8192,2,4096,62391.6
2048,8192,2,8192,60487.8
2048,8192,4,16,60551.3
2048,8192,4,32,62060.7
2048,8192,4,64,61111.7
2048,8192,4,128,59043.9
2048,8192,4,256,60179.7
2048,8192,4,512,59087.1
2048,8192,4,1024,60130.8
2048,8192,4,2048,60432.8
2048,8192,4,4096,58530.5
2048,8192,4,8192,60541.5
2048,8192,8,16,59786.9
2048,8192,8,32,60844.4
2048,8192,8,64,59767.5
2048,8192,8,128,60702.2
2048,8192,8,256,59665.2
2048,8192,8,512,62186
2048,8192,8,1024,59900.5
2048,8192,8,2048,59481.7
2048,8192,8,4096,60861.9
2048,8192,8,8192,58087.5
2048,8192,16,16,58688.8
2048,8192,16,32,62830.8
2048,8192,16,64,61504.5
2048,8192,16,128,61555.1
2048,8192,16,256,59070.7
2048,8192,16,512,60003.8
2048,8192,16,1024,59711.6
2048,8192,16,2048,61979
2048,8192,16,4096,60366.3
2048,8192,16,8192,62237.7
2048,8192,32,16,60245.4
2048,8192,32,32,61368.9
2048,8192,32,64,62759.6
2048,8192,32,128,61638.9
2048,8192,32,256,63988.9
2048,8192,32,512,60453
2048,8192,32,1024,61786.2
2048,8192,32,2048,66099.8
2048,8192,32,4096,64697.1
2048,8192,32,8192,64803.6
2048,8192,64,16,60485.8
2048,8192,64,32,60789.7
2048,8192,64,64,59999
2048,8192,64,128,60517.2
2048,8192,64,256,63486
2048,8192,64,512,61278.3
2048,8192,64,1024,61982.3
2048,8192,64,2048,64925.5
2048,8192,64,4096,64923.5
2048,8192,64,8192,67163.1
2048,8192,128,16,64080.5
2048,8192,128,32,61537.7
2048,8192,128,64,60257.5
2048,8192,128,128,62590.8
2048,8192,128,256,61793.6
2048,8192,128,512,63314.1
2048,8192,128,1024,62707.2
2048,8192,128,2048,66616.5
2048,8192,128,4096,67180
2048,8192,128,8192,71656
